match_id,team_id,team,player_id,player,player_full_name,jersey_number,started,minutes,position,shots,goals,xg,shots_np,goals_np,xg_np,key_passes,assists,blocks,clearances,interceptions,pressures,recoveries,tackles
3920384,3374,Côte d'Ivoire,3013,Nicolas Pépé,Nicolas Pépé,19,0,33.39,Right Wing,1.0,0.0,0.0955,1.0,0.0,0.0955,0.0,0.0,0.0,0.0,0.0,3.0,2.0,0.0
3920384,3374,Côte d'Ivoire,3017,Ibrahim Sangaré,Ibrahim Sangaré,18,1,93.836,Center Defensive Midfield,0.0,0.0,0.0,0.0,0.0,0.0,0.0,0.0,1.0,0.0,1.0,24.0,4.0,2.0
3920384,3374,Côte d'Ivoire,3481,Serge Aurier,Serge Aurier,17,0,48.99,Right Back,0.0,0.0,0.0,0.0,0.0,0.0,0.0,0.0,1.0,1.0,0.0,2.0,2.0,1.0
3920384,3374,Côte d'Ivoire,4256,Jonathan Bamba,Jonathan Bamba,9,1,64.5693,Left Wing,0.0,0.0,0.0,0.0,0.0,0.0,0.0,0.0,0.0,0.0,0.0,5.0,1.0,1.0
3920384,3374,Côte d'Ivoire,4909,Jérémie Boga,Jeremie Boga,13,1,98.1926,Left Wing,1.0,0.0,0.0788,1.0,0.0,0.0788,2.0,0.0,2.0,0.0,0.0,5.0,6.0,0.0
3920384,3374,Côte d'Ivoire,7023,Franck Kessié,Franck Yannick Kessié,8,1,98.1926,Right Center Midfield,1.0,0.0,0.0159,1.0,0.0,0.0159,2.0,1.0,0.0,0.0,2.0,7.0,3.0,1.0
3920384,3374,Côte d'Ivoire,7713,Evan N'Dicka,Obite Evan Ndicka,21,1,97.7259,Left Center Back,0.0,0.0,0.0,0.0,0.0,0.0,0.0,0.0,3.0,4.0,0.0,7.0,1.0,0.0
3920384,3374,Côte d'Ivoire,7791,Seko Fofana,Seko Fofana,6,1,98.1926,Left Center Midfield,2.0,1.0,0.1544,2.0,1.0,0.1544,1.0,0.0,0.0,0.0,0.0,10.0,8.0,0.0
3920384,3374,Côte d'Ivoire,9933,Willy Boly,Willy Boly,12,0,17.59,Right Center Back,0.0,0.0,0.0,0.0,0.0,0.0,0.0,0.0,0.0,1.0,1.0,3.0,0.0,1.0
3920384,3374,Côte d'Ivoire,10039,Ghislain Konan,Ghislain Konan,3,1,98.1926,Left Back,0.0,0.0,0.0,0.0,0.0,0.0,1.0,0.0,1.0,1.0,2.0,12.0,5.0,4.0
3920384,3374,Côte d'Ivoire,23307,Idrissa Doumbia,Idrissa Doumbia,25,0,4.3567,Center Defensive Midfield,0.0,0.0,0.0,0.0,0.0,0.0,0.0,0.0,0.0,0.0,0.0,0.0,1.0,0.0
3920384,3374,Côte d'Ivoire,36539,Wilfried Stephane Singo,Wilfried Stephane Singo,5,1,49.2026,Right Back,1.0,0.0,0.0915,1.0,0.0,0.0915,1.0,0.0,0.0,1.0,2.0,5.0,0.0,2.0
3920384,3374,Côte d'Ivoire,36629,Yahia Fofana,Yahia Fofana,1,1,98.1926,Goalkeeper,0.0,0.0,0.0,0.0,0.0,0.0,0.0,0.0,0.0,0.0,0.0,0.0,5.0,0.0
3920384,3374,Côte d'Ivoire,43072,Jean-Philippe Krasso,Jean-Philippe Krasso,11,1,64.986,Center Forward,4.0,1.0,0.2709,4.0,1.0,0.2709,1.0,0.0,0.0,0.0,1.0,9.0,2.0,0.0
3920384,3374,Côte d'Ivoire,136074,Karim Konaté,Karim Konaté,10,0,33.2066,Center Forward,0.0,0.0,0.0,0.0,0.0,0.0,1.0,0.0,2.0,0.0,0.0,4.0,1.0,0.0
3920384,3374,Côte d'Ivoire,196109,Ousmane Diomande,Ousmane Diomande,2,1,80.6026,Right Center Back,0.0,0.0,0.0,0.0,0.0,0.0,0.0,0.0,2.0,1.0,0.0,7.0,7.0,1.0
3920384,4894,Guinea-Bissau,7568,Opa Sangante,Opa Sangante,22,1,98.1926,Right Center Back,1.0,0.0,0.0503,1.0,0.0,0.0503,0.0,0.0,2.0,5.0,3.0,14.0,3.0,1.0
3920384,4894,Guinea-Bissau,10323,Alfa Semedo,Alfa Semedo Esteves,8,1,97.7759,Right Defensive Midfield,1.0,0.0,0.0089,1.0,0.0,0.0089,4.0,0.0,1.0,2.0,3.0,25.0,3.0,2.0
3920384,4894,Guinea-Bissau,10854,Dálcio,Euciodálcio Gomes,7,0,9.5733,Left Center Midfield,1.0,0.0,0.0256,1.0,0.0,0.0256,0.0,0.0,0.0,0.0,0.0,2.0,0.0,0.0
3920384,4894,Guinea-Bissau,12064,Mama Baldé,Mama Samba Baldé,17,1,88.2193,Center Forward,1.0,0.0,0.1578,1.0,0.0,0.1578,1.0,0.0,3.0,1.0,1.0,13.0,1.0,2.0
3920384,4894,Guinea-Bissau,12175,Carlos Gomes,Carlos Mendes Gomes,13,0,27.39,Center Attacking Midfield,0.0,0.0,0.0,0.0,0.0,0.0,0.0,0.0,1.0,0.0,0.0,6.0,1.0,1.0
3920384,4894,Guinea-Bissau,18651,Carlos Mané,Carlos Manuel Cardoso Mané,10,1,70.6526,Left Wing,0.0,0.0,0.0,0.0,0.0,0.0,1.0,0.0,1.0,0.0,0.0,11.0,2.0,0.0
3920384,4894,Guinea-Bissau,24909,Moreto Cassamã,Moreto Moro Cassamã,16,1,70.4526,Center Attacking Midfield,0.0,0.0,0.0,0.0,0.0,0.0,0.0,0.0,0.0,0.0,0.0,7.0,4.0,0.0
3920384,4894,Guinea-Bissau,25056,Marcelo Djaló,Marcelo Amado Djaló Taritolay,4,1,98.1926,Left Center Back,0.0,0.0,0.0,0.0,0.0,0.0,0.0,0.0,1.0,5.0,1.0,8.0,0.0,3.0
3920384,4894,Guinea-Bissau,32433,Jefferson Encada,Jefferson Anilson Silva Encada,15,1,98.1926,Right Back,1.0,0.0,0.0074,1.0,0.0,0.0074,0.0,0.0,4.0,2.0,2.0,16.0,6.0,4.0
3920384,4894,Guinea-Bissau,36552,Ouparine Djoco,Ouparine Djoco,12,1,98.1926,Goalkeeper,0.0,0.0,0.0,0.0,0.0,0.0,0.0,0.0,0.0,0.0,0.0,0.0,5.0,0.0
3920384,4894,Guinea-Bissau,36813,Janio Bikel,Janio Bikel Figueiredo Silva,19,1,98.1926,Left Defensive Midfield,0.0,0.0,0.0,0.0,0.0,0.0,0.0,0.0,0.0,0.0,0.0,12.0,6.0,1.0
3920384,4894,Guinea-Bissau,41052,Fali Candé,Fali Candé,2,1,98.1926,Left Back,1.0,0.0,0.0067,1.0,0.0,0.0067,2.0,0.0,1.0,2.0,1.0,9.0,2.0,1.0
3920384,4894,Guinea-Bissau,43007,Mauro Rodrigues,Mauro Daniel Rodrigues Teixeira,14,1,78.986,Right Wing,0.0,0.0,0.0,0.0,0.0,0.0,0.0,0.0,1.0,0.0,3.0,12.0,0.0,1.0
3920384,4894,Guinea-Bissau,143863,Franculino Djú,Franculino Gluda Djú,3,0,27.54,Center Forward,1.0,0.0,0.1398,1.0,0.0,0.1398,0.0,0.0,1.0,0.0,0.0,9.0,1.0,0.0
3920384,4894,Guinea-Bissau,380983,Zé Turbo,José Correia,24,0,19.2066,Right Wing,3.0,0.0,0.1331,3.0,0.0,0.1331,0.0,0.0,0.0,0.0,1.0,1.0,2.0,0.0
3920386,775,Nigeria,3447,Ademola Lookman,Ademola Lookman,18,1,100.898,Left Midfield,2.0,0.0,0.3195,2.0,0.0,0.3195,3.0,1.0,2.0,0.0,0.0,25.0,6.0,2.0
3920386,775,Nigeria,3647,Alex Iwobi,Alex Iwobi,17,1,97.1038,Left Center Midfield,1.0,0.0,0.017,1.0,0.0,0.017,3.0,0.0,1.0,0.0,0.0,12.0,7.0,0.0
3920386,775,Nigeria,3806,Bright Samuel,Bright Osayi-Samuel,12,0,14.5608,Right Back,1.0,0.0,0.0718,1.0,0.0,0.0718,1.0,0.0,0.0,0.0,0.0,2.0,0.0,0.0
3920386,775,Nigeria,3856,Joe Aribo,Joe Aribo,10,0,28.9108,Right Center Midfield,0.0,0.0,0.0,0.0,0.0,0.0,0.0,0.0,1.0,0.0,0.0,5.0,2.0,0.0
3920386,775,Nigeria,3923,Semi Ajayi,Oluwasemilogo Adesewo Ibidapo Ajayi,6,1,100.898,Left Center Back,1.0,0.0,0.1936,1.0,0.0,0.1936,0.0,0.0,3.0,2.0,1.0,7.0,0.0,0.0
3920386,775,Nigeria,5455,William Troost-Ekong,William Troost-Ekong,5,1,100.898,Right Center Back,0.0,0.0,0.0,0.0,0.0,0.0,0.0,0.0,1.0,5.0,1.0,8.0,4.0,0.0
3920386,775,Nigeria,11277,Victor Osimhen,Victor James Osimhen,9,1,100.898,Center Forward,6.0,1.0,1.4427,6.0,1.0,1.4427,1.0,0.0,0.0,0.0,0.0,14.0,3.0,0.0
3920386,775,Nigeria,11492,Ola Aina,Temitayo Olufisayo Olaoluwa Aina,2,1,86.3372,Right Back,1.0,0.0,0.0636,1.0,0.0,0.0636,1.0,0.0,0.0,4.0,1.0,9.0,3.0,1.0
3920386,775,Nigeria,16335,Samuel Chukwueze,Samuel Chimerenka Chukwueze,11,0,28.9941,Right Midfield,1.0,0.0,0.008,1.0,0.0,0.008,1.0,0.0,0.0,0.0,0.0,2.0,3.0,0.0
3920386,775,Nigeria,18163,Moses Simon,Moses Daddy-Ajala Simon,15,1,71.9038,Right Midfield,1.0,0.0,0.0155,1.0,0.0,0.0155,0.0,0.0,1.0,1.0,0.0,12.0,1.0,1.0
3920386,775,Nigeria,24467,Frank Onyeka,Frank Onyeka,8,1,100.898,Center Defensive Midfield,0.0,0.0,0.0,0.0,0.0,0.0,0.0,0.0,3.0,2.0,1.0,29.0,5.0,3.0
3920386,775,Nigeria,24478,Paul Onuachu,Paul Onuachu,19,0,3.7941,Left Center Midfield,1.0,0.0,0.1446,1.0,0.0,0.1446,0.0,0.0,0.0,0.0,0.0,0.0,1.0,0.0
3920386,775,Nigeria,27434,Alhassan Yusuf Abdullahi,Alhassan Yusuf,4,1,69.1372,Right Center Midfield,2.0,0.0,0.0591,2.0,0.0,0.0591,1.0,0.0,0.0,1.0,0.0,16.0,7.0,4.0
3920386,775,Nigeria,31949,Zaidu Sanusi,Zaidu Sanusi,3,1,86.4038,Left Back,2.0,0.0,0.3517,2.0,0.0,0.3517,0.0,0.0,2.0,0.0,1.0,6.0,0.0,0.0
3920386,775,Nigeria,43779,Calvin Bassey,Calvin Bassey Ughelumba,21,0,14.4941,Left Back,0.0,0.0,0.0,0.0,0.0,0.0,0.0,0.0,2.0,0.0,0.0,3.0,2.0,0.0
3920386,775,Nigeria,358410,Stanley Bobo Nwabali,Stanley Bobo Nwabali,23,1,100.898,Goalkeeper,0.0,0.0,0.0,0.0,0.0,0.0,0.0,0.0,0.0,0.0,0.0,0.0,6.0,0.0
3920386,4992,Equatorial Guinea,13581,Emilio Nsue,Emilio Nsue López,10,1,100.898,Center Forward,2.0,0.0,0.0978,2.0,0.0,0.0978,0.0,0.0,0.0,0.0,0.0,7.0,1.0,0.0
3920386,4992,Equatorial Guinea,17618,Carlos Akapo,Carlos Akapo Martínez,15,1,100.898,Right Back,0.0,0.0,0.0,0.0,0.0,0.0,0.0,0.0,2.0,5.0,3.0,12.0,3.0,2.0
3920386,4992,Equatorial Guinea,23559,Pepín Machín,José Ndong Machín Dicombo,7,1,89.4872,Center Attacking Midfield,1.0,0.0,0.0338,1.0,0.0,0.0338,2.0,1.0,0.0,0.0,0.0,8.0,3.0,0.0
3920386,4992,Equatorial Guinea,30423,Ibán Salvador,Ibán Salvador Edu,6,1,95.3205,Right Wing,2.0,1.0,0.0962,2.0,1.0,0.0962,2.0,0.0,3.0,1.0,0.0,25.0,7.0,2.0
3920386,4992,Equatorial Guinea,34845,Federico Bikoro Akieme Nchama,Federico Bikoro Akieme Nchama,4,1,100.898,Right Defensive Midfield,0.0,0.0,0.0,0.0,0.0,0.0,0.0,0.0,2.0,1.0,0.0,19.0,10.0,2.0
3920386,4992,Equatorial Guinea,40128,Jannick Buyla,Jannick Buyla Sam,8,1,78.4872,Left Wing,0.0,0.0,0.0,0.0,0.0,0.0,1.0,0.0,2.0,2.0,0.0,16.0,2.0,3.0
3920386,4992,Equatorial Guinea,52324,Saúl Coco,Saúl Basilio Coco-Bassey Oubiña,16,1,100.898,Left Center Back,0.0,0.0,0.0,0.0,0.0,0.0,0.0,0.0,1.0,7.0,1.0,6.0,2.0,0.0
3920386,4992,Equatorial Guinea,105764,Basilio Ndong,Basilio Ndong Owono Nchamaaa,11,1,99.9646,Left Back,1.0,0.0,0.0241,1.0,0.0,0.0241,0.0,0.0,0.0,2.0,0.0,19.0,6.0,5.0
3920386,4992,Equatorial Guinea,105765,Jesús Owono,Jesús Lázaro Owono Ngua Akeng,1,1,100.898,Goalkeeper,0.0,0.0,0.0,0.0,0.0,0.0,0.0,0.0,0.0,0.0,0.0,0.0,4.0,0.0
3920386,4992,Equatorial Guinea,105942,Pablo Ganet,Pablo Ganet Cómitre,22,1,78.1205,Left Defensive Midfield,1.0,0.0,0.0207,1.0,0.0,0.0207,0.0,0.0,3.0,1.0,0.0,17.0,3.0,2.0
3920386,4992,Equatorial Guinea,136298,Santiago Eneme,Santiago Eneme Bocari,20,0,11.4108,Center Attacking Midfield,0.0,0.0,0.0,0.0,0.0,0.0,0.0,0.0,0.0,0.0,0.0,3.0,0.0,0.0
3920386,4992,Equatorial Guinea,136414,Luis Nlavo,Luis Miguel Nlavo Asue,19,0,4.0775,Left Wing,0.0,0.0,0.0,0.0,0.0,0.0,0.0,0.0,0.0,0.0,0.0,3.0,0.0,0.0
3920386,4992,Equatorial Guinea,136417,Alex Balboa,Alejandro Balboa Bandeira,14,0,22.7775,Right Defensive Midfield,0.0,0.0,0.0,0.0,0.0,0.0,0.0,0.0,0.0,1.0,0.0,3.0,3.0,0.0
3920386,4992,Equatorial Guinea,422691,José Nabil,José Nabil Onva Adjugu,26,0,22.4108,Right Wing,1.0,0.0,0.0596,1.0,0.0,0.0596,0.0,0.0,1.0,0.0,0.0,5.0,0.0,0.0
3920386,4992,Equatorial Guinea,482851,Esteban Fernández,Esteban Orozco Fernández,21,1,100.898,Right Center Back,0.0,0.0,0.0,0.0,0.0,0.0,0.0,0.0,2.0,7.0,1.0,0.0,2.0,0.0
3920385,4978,Mozambique,3250,Mexer,Edson André Sitoe,17,1,105.494,Right Center Back,0.0,0.0,0.0,0.0,0.0,0.0,0.0,0.0,2.0,14.0,0.0,5.0,5.0,1.0
3920385,4978,Mozambique,10848,Reinildo Mandava,Reinildo Isnard Mandava,15,1,105.494,Left Back,0.0,0.0,0.0,0.0,0.0,0.0,1.0,0.0,3.0,6.0,4.0,6.0,1.0,1.0
3920385,4978,Mozambique,10865,Witi,Witiness Chimoio João Quembo,19,1,84.409,Right Midfield,2.0,1.0,0.2418,2.0,1.0,0.2418,0.0,0.0,1.0,1.0,0.0,12.0,5.0,1.0
3920385,4978,Mozambique,23706,Alfons Amade,Alfons Amade,16,1,105.494,Left Defensive Midfield,0.0,0.0,0.0,0.0,0.0,0.0,0.0,0.0,1.0,2.0,2.0,19.0,2.0,1.0
3920385,4978,Mozambique,29482,Ricardo Guimarães,Ricardo Martins Guimarães,21,1,92.0424,Right Defensive Midfield,0.0,0.0,0.0,0.0,0.0,0.0,1.0,1.0,2.0,1.0,1.0,33.0,3.0,3.0
3920385,4978,Mozambique,65742,Edmilson Gabriel Dove,Edmilson Gabriel Dove,8,1,105.494,Left Center Back,0.0,0.0,0.0,0.0,0.0,0.0,0.0,0.0,2.0,8.0,1.0,9.0,1.0,1.0
3920385,4978,Mozambique,106068,Gildo Lourenço,Gildo Lourenço Vilanculos,18,1,49.0257,Left Midfield,1.0,0.0,0.0485,1.0,0.0,0.0485,1.0,0.0,4.0,0.0,0.0,10.0,1.0,0.0
3920385,4978,Mozambique,106069,Clésio Bauque,Clésio Bauque,10,0,56.235,Left Wing,1.0,1.0,0.3828,1.0,1.0,0.3828,0.0,0.0,0.0,1.0,1.0,9.0,4.0,1.0
3920385,4978,Mozambique,106070,Bruno Langa,Bruno Alberto Langa,5,0,56.4683,Left Wing Back,1.0,0.0,0.0352,1.0,0.0,0.0352,0.0,0.0,2.0,1.0,1.0,3.0,0.0,1.0
3920385,4978,Mozambique,106074,Dominguês,Elias Gaspar Pelembe,7,1,49.0257,Center Attacking Midfield,0.0,0.0,0.0,0.0,0.0,0.0,0.0,0.0,0.0,0.0,0.0,4.0,1.0,0.0
3920385,4978,Mozambique,106082,Lau King,Pachoio Lau Há King,9,0,0.1683,Center Forward,0.0,0.0,0.0,0.0,0.0,0.0,0.0,0.0,0.0,1.0,0.0,3.0,0.0,0.0
3920385,4978,Mozambique,127547,Stanley Ratifo,Stanley Ratifo,13,1,71.6757,Center Forward,0.0,0.0,0.0,0.0,0.0,0.0,0.0,0.0,0.0,1.0,0.0,15.0,3.0,0.0
3920385,4978,Mozambique,129475,Nené,Feliciano João Jone,4,0,13.4517,Right Defensive Midfield,0.0,0.0,0.0,0.0,0.0,0.0,0.0,0.0,2.0,0.0,0.0,2.0,0.0,2.0
3920385,4978,Mozambique,136064,Ernan Alberto Siluane,Ernan Alberto Siluane,1,1,105.494,Goalkeeper,0.0,0.0,0.0,0.0,0.0,0.0,0.0,0.0,1.0,0.0,0.0,0.0,3.0,0.0
3920385,4978,Mozambique,263057,Amadú,Amade Momade,6,0,21.085,Right Wing,0.0,0.0,0.0,0.0,0.0,0.0,0.0,0.0,0.0,1.0,0.0,3.0,2.0,0.0
3920385,4978,Mozambique,389641,Domingos Macandza,Domingos João Macandza,14,1,105.494,Right Back,1.0,0.0,0.02,1.0,0.0,0.02,1.0,1.0,0.0,3.0,1.0,7.0,0.0,0.0
3920385,774,Egypt,3531,Mohamed Salah,Mohamed Salah,10,1,105.494,Center Attacking Midfield,4.0,1.0,0.9348,3.0,0.0,0.1513,4.0,0.0,0.0,0.0,0.0,24.0,10.0,1.0
3920385,774,Egypt,3568,Mohamed Elneny,Mohamed Naser Elsayed Elneny,17,1,81.359,Right Defensive Midfield,0.0,0.0,0.0,0.0,0.0,0.0,0.0,0.0,2.0,0.0,0.0,16.0,5.0,1.0
3920385,774,Egypt,4063,Ahmed Hegazy,Ahmed Elsayed Ali Elsayed Hegazy,6,1,105.1274,Right Center Back,1.0,0.0,0.1485,1.0,0.0,0.1485,0.0,0.0,0.0,2.0,2.0,5.0,2.0,2.0
3920385,774,Egypt,5261,Trézéguet,Mahmoud Ibrahim Hassan,7,1,69.0424,Left Wing,1.0,0.0,0.1347,1.0,0.0,0.1347,0.0,0.0,0.0,0.0,1.0,11.0,1.0,0.0
3920385,774,Egypt,5265,Mohamed El Shenawy,Mohamed El Sayed Mohamed El Shenawy Gomaa,16,1,105.494,Goalkeeper,0.0,0.0,0.0,0.0,0.0,0.0,0.0,0.0,0.0,0.0,0.0,0.0,3.0,0.0
3920385,774,Egypt,15311,Koka,Ahmed Hassan Mahgoub,9,0,17.785,Right Center Forward,0.0,0.0,0.0,0.0,0.0,0.0,0.0,0.0,0.0,0.0,0.0,2.0,0.0,0.0
3920385,774,Egypt,40761,Omar Marmoush,Omar Marmoush,22,0,36.4517,Left Wing,1.0,0.0,0.0448,1.0,0.0,0.0448,0.0,0.0,0.0,0.0,0.0,7.0,4.0,0.0
3920385,774,Egypt,66878,Zizo,Ahmed Sayed,25,1,87.709,Right Wing,4.0,0.0,0.1872,4.0,0.0,0.1872,2.0,0.0,0.0,0.0,2.0,10.0,9.0,0.0
3920385,774,Egypt,66886,Mostafa Mohamed,Mostafa Mohamed Ahmed Abdallah,19,1,105.494,Center Forward,3.0,1.0,0.2645,3.0,1.0,0.2645,2.0,0.0,1.0,1.0,0.0,11.0,5.0,0.0
3920385,774,Egypt,66887,Hamdi Fathi,Hamdi Fathi,5,1,105.494,Left Defensive Midfield,3.0,0.0,0.1001,3.0,0.0,0.1001,0.0,0.0,0.0,1.0,2.0,27.0,3.0,1.0
3920385,774,Egypt,66892,Mohamed Hany,Mohamed Hany Gamal Eldemerdash,3,1,69.0924,Right Back,1.0,0.0,0.0196,1.0,0.0,0.0196,1.0,0.0,1.0,1.0,1.0,4.0,3.0,0.0
3920385,774,Egypt,67742,Emam Ashour,Emam Ashour Metwally Abdelghany,8,0,24.135,Left Defensive Midfield,1.0,0.0,0.0152,1.0,0.0,0.0152,1.0,0.0,1.0,1.0,1.0,3.0,0.0,0.0
3920385,774,Egypt,69563,Mohamed Abdel Monem,Mohamed Abdelmonem,24,1,105.494,Left Center Back,3.0,0.0,0.0797,3.0,0.0,0.0797,1.0,0.0,2.0,1.0,1.0,10.0,4.0,6.0
3920385,774,Egypt,70783,Omar Kamal,Omar Kamal Abdel Wahed,4,0,36.4017,Right Back,0.0,0.0,0.0,0.0,0.0,0.0,0.0,0.0,2.0,3.0,0.0,5.0,5.0,1.0
3920385,774,Egypt,70835,Mohamed Hamdy,Mohamed Hamdy Sharaf,12,1,105.494,Left Back,0.0,0.0,0.0,0.0,0.0,0.0,2.0,0.0,0.0,2.0,1.0,6.0,5.0,3.0
3920387,4885,Ghana,2989,Alexander Djiku,Alexander Djiku,23,1,103.4207,Right Center Back,1.0,1.0,0.0974,1.0,1.0,0.0974,0.0,0.0,3.0,5.0,2.0,11.0,3.0,2.0
3920387,4885,Ghana,3347,André Ayew,André Ayew Pelé,10,0,37.5721,Center Attacking Midfield,0.0,0.0,0.0,0.0,0.0,0.0,0.0,0.0,0.0,1.0,0.0,6.0,2.0,2.0
3920387,4885,Ghana,3450,Jordan Ayew,Jordan Ayew,9,1,97.1486,Left Wing,1.0,0.0,0.0195,1.0,0.0,0.0195,1.0,1.0,0.0,0.0,1.0,26.0,3.0,2.0
3920387,4885,Ghana,6393,Iñaki Williams,Iñaki Williams Arthuer,19,0,37.5555,Center Forward,1.0,0.0,0.0974,1.0,0.0,0.0974,0.0,0.0,0.0,0.0,0.0,3.0,2.0,0.0
3920387,4885,Ghana,9286,Antoine Semenyo,Antoine Semenyo,25,1,65.8652,Center Forward,0.0,0.0,0.0,0.0,0.0,0.0,1.0,0.0,1.0,0.0,0.0,17.0,0.0,1.0
3920387,4885,Ghana,12259,Denis Odoi,Denis Odoi,3,1,103.4207,Right Back,0.0,0.0,0.0,0.0,0.0,0.0,0.0,0.0,1.0,0.0,1.0,17.0,4.0,3.0
3920387,4885,Ghana,16546,Joseph Paintsil,Joseph Paintsil,13,1,65.8486,Right Wing,1.0,0.0,0.2925,1.0,0.0,0.2925,1.0,0.0,1.0,0.0,0.0,17.0,4.0,3.0
3920387,4885,Ghana,23615,Gideon Mensah,Gideon Mensah,14,1,103.4207,Left Back,0.0,0.0,0.0,0.0,0.0,0.0,3.0,0.0,4.0,3.0,4.0,17.0,2.0,5.0
3920387,4885,Ghana,24087,Iddrisu Baba,Iddrisu Baba Mohammed,26,1,103.4207,Right Defensive Midfield,1.0,0.0,0.0436,1.0,0.0,0.0436,1.0,0.0,1.0,0.0,3.0,18.0,6.0,0.0
3920387,4885,Ghana,30519,Mohamed Salisu,Mohamed Salisu,6,1,103.4207,Left Center Back,0.0,0.0,0.0,0.0,0.0,0.0,0.0,0.0,3.0,4.0,2.0,6.0,4.0,1.0
3920387,4885,Ghana,30693,Majeed Ashimeru,Majeed Ashimeru,8,1,90.9152,Left Defensive Midfield,1.0,0.0,0.035,1.0,0.0,0.035,2.0,0.0,2.0,0.0,2.0,15.0,3.0,0.0
3920387,4885,Ghana,31029,Salis Abdul Samed,Salis Abdul Samed,21,0,12.5055,Left Defensive Midfield,0.0,0.0,0.0,0.0,0.0,0.0,0.0,0.0,0.0,0.0,0.0,1.0,1.0,0.0
3920387,4885,Ghana,33395,Ransford Königsdörffer,Ransford Königsdörffer,7,1,65.8486,Center Attacking Midfield,3.0,0.0,0.7753,3.0,0.0,0.7753,0.0,0.0,3.0,0.0,0.0,22.0,3.0,0.0
3920387,4885,Ghana,44225,Osman Bukari,Osman Bukari,11,0,6.2721,Left Wing,0.0,0.0,0.0,0.0,0.0,0.0,1.0,0.0,0.0,0.0,0.0,0.0,0.0,0.0
3920387,4885,Ghana,68757,Richard Ofori Antwi,Richard Ofori Antwi,1,1,103.4207,Goalkeeper,0.0,0.0,0.0,0.0,0.0,0.0,0.0,0.0,0.0,0.0,0.0,1.0,1.0,0.0
3920387,4885,Ghana,233463,Ernest Appiah Nuamah,Ernest Appiah Nuamah,24,0,37.5721,Right Wing,2.0,0.0,0.0772,2.0,0.0,0.0772,0.0,0.0,0.0,0.0,1.0,8.0,2.0,1.0
3920387,4924,Cape Verde Islands,7197,Steven Moreira,Steven Moreira,23,1,103.4207,Right Back,0.0,0.0,0.0,0.0,0.0,0.0,2.0,0.0,1.0,1.0,0.0,17.0,2.0,4.0
3920387,4924,Cape Verde Islands,7753,Jamiro Monteiro,Jamiro Gregory Monteiro Alvarenga,10,1,87.5486,Left Center Midfield,2.0,1.0,0.5567,2.0,1.0,0.5567,2.0,0.0,2.0,0.0,1.0,13.0,2.0,0.0
3920387,4924,Cape Verde Islands,7900,Bebé,Tiago Manuel Dias Correia,21,1,77.9652,Center Forward,5.0,0.0,0.3814,5.0,0.0,0.3814,0.0,0.0,1.0,0.0,0.0,4.0,2.0,0.0
3920387,4924,Cape Verde Islands,8349,Deroy Duarte,Deroy Duarte,14,1,71.4986,Right Center Midfield,0.0,0.0,0.0,0.0,0.0,0.0,0.0,0.0,1.0,0.0,2.0,7.0,1.0,1.0
3920387,4924,Cape Verde Islands,10598,Jovane Cabral,Jovane Eduardo Borges Cabral,7,1,87.4652,Left Wing,3.0,0.0,0.4777,3.0,0.0,0.4777,0.0,0.0,3.0,0.0,1.0,14.0,2.0,1.0
3920387,4924,Cape Verde Islands,16001,Garry Rodrigues,Garry Mendes Rodrigues,11,0,31.9722,Left Wing,3.0,1.0,1.2324,3.0,1.0,1.2324,2.0,0.0,2.0,0.0,0.0,8.0,1.0,0.0
3920387,4924,Cape Verde Islands,21173,Laros Duarte,Laros Duarte,15,0,15.8722,Left Center Midfield,0.0,0.0,0.0,0.0,0.0,0.0,0.0,0.0,0.0,0.0,0.0,0.0,0.0,0.0
3920387,4924,Cape Verde Islands,23301,Kenny Rocha Santos,Kenny Rocha Santos,18,0,31.9221,Right Center Midfield,0.0,0.0,0.0,0.0,0.0,0.0,2.0,0.0,0.0,1.0,0.0,5.0,3.0,0.0
3920387,4924,Cape Verde Islands,28413,Willy Afonso Semedo Johnson,Willy Afonso Semedo Johnson,17,0,25.4555,Right Wing,1.0,0.0,0.0365,1.0,0.0,0.0365,0.0,0.0,1.0,0.0,0.0,5.0,0.0,0.0
3920387,4924,Cape Verde Islands,36271,R.Lopes,Roberto Lopes,4,1,103.4207,Left Center Back,0.0,0.0,0.0,0.0,0.0,0.0,0.0,0.0,4.0,4.0,1.0,6.0,3.0,1.0
3920387,4924,Cape Verde Islands,40485,Ryan Mendes,Ryan Isaac Mendes da Graça,20,1,71.4486,Right Wing,0.0,0.0,0.0,0.0,0.0,0.0,0.0,0.0,1.0,0.0,0.0,9.0,2.0,0.0
3920387,4924,Cape Verde Islands,45557,Logan Costa,Logan Costa,5,1,103.4207,Right Center Back,0.0,0.0,0.0,0.0,0.0,0.0,0.0,0.0,1.0,6.0,1.0,7.0,4.0,2.0
3920387,4924,Cape Verde Islands,105932,Vózinha,Josimar José Évora Dias,1,1,103.4207,Goalkeeper,0.0,0.0,0.0,0.0,0.0,0.0,0.0,0.0,0.0,0.0,0.0,0.0,5.0,0.0
3920387,4924,Cape Verde Islands,105936,Gilson Tavares,Gilson Benchimol Tavares,9,0,15.9555,Center Forward,0.0,0.0,0.0,0.0,0.0,0.0,1.0,1.0,0.0,0.0,0.0,4.0,0.0,1.0
3920387,4924,Cape Verde Islands,132800,Kevin Pina,Kevin Lenini Gonçalves Pereira de Pina,26,1,103.4207,Center Defensive Midfield,1.0,0.0,0.0354,1.0,0.0,0.0354,1.0,0.0,2.0,2.0,2.0,15.0,3.0,4.0
3920387,4924,Cape Verde Islands,133038,João Paulo Fernandes,João Paulo Moreira Fernandes,8,1,103.4207,Left Back,0.0,0.0,0.0,0.0,0.0,0.0,0.0,0.0,2.0,3.0,1.0,8.0,4.0,1.0
3920388,787,Senegal,2941,Ismaïla Sarr,Ismaïla Sarr,18,1,84.1692,Right Wing,2.0,0.0,0.4106,2.0,0.0,0.4106,1.0,1.0,0.0,0.0,0.0,11.0,1.0,0.0
3920388,787,Senegal,3198,Moussa Niakhaté,Moussa Niakhate,19,1,87.9025,Left Center Back,0.0,0.0,0.0,0.0,0.0,0.0,0.0,0.0,5.0,1.0,1.0,13.0,3.0,2.0
3920388,787,Senegal,3629,Sadio Mané,Sadio Mané,10,1,104.32,Left Wing,0.0,0.0,0.0,0.0,0.0,0.0,2.0,1.0,1.0,0.0,1.0,11.0,2.0,0.0
3920388,787,Senegal,4506,Nampalys Mendy,Nampalys Mendy,6,0,18.0509,Right Center Midfield,1.0,0.0,0.0449,1.0,0.0,0.0449,0.0,0.0,0.0,0.0,0.0,3.0,0.0,1.0
3920388,787,Senegal,5675,Kalidou Koulibaly,Kalidou Koulibaly,3,1,104.32,Right Center Back,1.0,0.0,0.0066,1.0,0.0,0.0066,1.0,0.0,1.0,1.0,1.0,7.0,2.0,2.0
3920388,787,Senegal,7379,Edouard Mendy,Edouard Mendy,16,1,104.32,Goalkeeper,0.0,0.0,0.0,0.0,0.0,0.0,0.0,0.0,0.0,1.0,0.0,0.0,7.0,0.0
3920388,787,Senegal,8553,Abdou Diallo,Abdou Diallo,22,1,65.9525,Center Defensive Midfield,0.0,0.0,0.0,0.0,0.0,0.0,1.0,0.0,1.0,0.0,0.0,12.0,2.0,3.0
3920388,787,Senegal,18516,Habib Diallo,Habibou Mouhamadou Diallo,20,1,66.0525,Center Forward,2.0,0.0,0.6679,2.0,0.0,0.6679,1.0,0.0,1.0,0.0,1.0,12.0,2.0,0.0
3920388,787,Senegal,20758,Krépin Diatta,Krépin Diatta,15,1,104.32,Right Back,1.0,0.0,0.0341,1.0,0.0,0.0341,0.0,0.0,0.0,0.0,0.0,6.0,3.0,4.0
3920388,787,Senegal,21026,Pape Gueye,Pape Gueye,26,1,86.2692,Left Center Midfield,2.0,1.0,0.1737,2.0,1.0,0.1737,0.0,0.0,0.0,0.0,0.0,8.0,3.0,1.0
3920388,787,Senegal,25759,Abdoulaye Seck,Abdoulaye Seck,4,0,15.7175,Right Center Back,1.0,0.0,0.088,1.0,0.0,0.088,0.0,0.0,0.0,0.0,0.0,1.0,0.0,0.0
3920388,787,Senegal,31751,Pathé Ismaël Ciss,Pathé Ismaël Ciss,11,0,38.3675,Center Defensive Midfield,0.0,0.0,0.0,0.0,0.0,0.0,0.0,0.0,0.0,2.0,0.0,10.0,0.0,3.0
3920388,787,Senegal,32915,Ismail Jakobs,Ismail Jakobs,14,1,104.32,Left Back,1.0,0.0,0.0592,1.0,0.0,0.0592,2.0,0.0,1.0,2.0,1.0,11.0,2.0,1.0
3920388,787,Senegal,50497,Nicolas Jackson,Nicolas Jackson,7,0,38.2675,Center Forward,1.0,0.0,0.0744,1.0,0.0,0.0744,0.0,0.0,0.0,0.0,0.0,5.0,0.0,0.0
3920388,787,Senegal,80484,Iliman Ndiaye,Iliman Ndiaye,13,0,20.1509,Right Wing,0.0,0.0,0.0,0.0,0.0,0.0,1.0,1.0,0.0,0.0,0.0,3.0,2.0,1.0
3920388,787,Senegal,392153,Lamine Camara,Lamine Camara,25,1,104.32,Right Center Midfield,2.0,2.0,0.1613,2.0,2.0,0.1613,3.0,0.0,0.0,1.0,0.0,16.0,5.0,1.0
3920388,4934,Gambia,3417,Saidy Janko,Saidy Janko,17,1,104.32,Right Back,0.0,0.0,0.0,0.0,0.0,0.0,0.0,0.0,2.0,2.0,2.0,9.0,8.0,2.0
3920388,4934,Gambia,4696,Ebou Adams,Ebou Adams,8,1,48.8,Center Defensive Midfield,0.0,0.0,0.0,0.0,0.0,0.0,0.0,0.0,2.0,1.0,0.0,9.0,2.0,0.0
3920388,4934,Gambia,6988,Musa Barrow,Musa Barrow,10,1,104.32,Left Attacking Midfield,3.0,0.0,0.085,3.0,0.0,0.085,3.0,0.0,1.0,1.0,0.0,7.0,8.0,0.0
3920388,4934,Gambia,12498,Omar Colley,Omar Colley,5,1,103.92,Left Center Back,2.0,0.0,0.1765,2.0,0.0,0.1765,0.0,0.0,4.0,6.0,3.0,7.0,2.0,1.0
3920388,4934,Gambia,16607,Assan Ceesay,Assan Ceesay,9,0,13.6675,Right Wing Back,0.0,0.0,0.0,0.0,0.0,0.0,0.0,0.0,2.0,1.0,0.0,2.0,0.0,0.0
3920388,4934,Gambia,28212,Alasana Manneh,Alasana Manneh,16,1,73.7692,Right Center Midfield,1.0,0.0,0.0265,1.0,0.0,0.0265,2.0,0.0,1.0,1.0,1.0,8.0,8.0,0.0
3920388,4934,Gambia,29164,Hamza Barry,Hamza Barry,2,0,30.5509,Right Defensive Midfield,0.0,0.0,0.0,0.0,0.0,0.0,0.0,0.0,0.0,0.0,1.0,9.0,0.0,0.0
3920388,4934,Gambia,29816,Ibou Touray,Ibou Touray,13,1,83.0025,Left Back,0.0,0.0,0.0,0.0,0.0,0.0,0.0,0.0,1.0,3.0,0.0,7.0,0.0,1.0
3920388,4934,Gambia,35689,James Gomez,James Gomez,12,1,104.32,Right Center Back,0.0,0.0,0.0,0.0,0.0,0.0,0.0,0.0,2.0,3.0,1.0,4.0,2.0,1.0
3920388,4934,Gambia,44311,Alieu Fadera,Alieu Fadera,7,0,21.3175,Left Wing Back,0.0,0.0,0.0,0.0,0.0,0.0,0.0,0.0,0.0,0.0,0.0,7.0,0.0,0.0
3920388,4934,Gambia,47721,Abdulia Sanyang,Abdulia Sanyang,11,0,13.7342,Left Center Forward,0.0,0.0,0.0,0.0,0.0,0.0,0.0,0.0,0.0,0.0,0.0,4.0,0.0,0.0
3920388,4934,Gambia,50501,Ebrima Darboe,Ebrima Darboe,24,1,90.6525,Left Center Midfield,0.0,0.0,0.0,0.0,0.0,0.0,1.0,0.0,0.0,2.0,0.0,23.0,2.0,5.0
3920388,4934,Gambia,50938,Ali Sowe,Ali Sowe,26,1,73.6858,Center Forward,2.0,0.0,0.5398,2.0,0.0,0.5398,0.0,0.0,2.0,0.0,0.0,9.0,2.0,0.0
3920388,4934,Gambia,51941,Mohamed Badamosi,Muhammed Badamosi,23,0,30.6342,Right Center Forward,3.0,0.0,0.1586,3.0,0.0,0.1586,0.0,0.0,0.0,0.0,0.0,8.0,2.0,0.0
3920388,4934,Gambia,185579,Baboucarr Gaye,Baboucarr Gaye,18,1,104.32,Goalkeeper,0.0,0.0,0.0,0.0,0.0,0.0,0.0,0.0,0.0,0.0,0.0,0.0,4.0,0.0
3920388,4934,Gambia,307271,Yankuba Minteh,Yankuba Minteh,20,1,89.9358,Right Attacking Midfield,1.0,0.0,0.022,1.0,0.0,0.022,1.0,0.0,2.0,0.0,0.0,15.0,1.0,2.0
3920389,2722,Cameroon,3141,André Zambo Anguissa,André-Frank Zambo Anguissa,8,1,102.7998,Left Defensive Midfield,1.0,0.0,0.202,1.0,0.0,0.202,0.0,0.0,1.0,2.0,1.0,16.0,4.0,2.0
3920389,2722,Cameroon,3551,Karl Toko Ekambi,Karl Brillant Toko Ekambi,12,1,102.7998,Center Forward,2.0,0.0,0.1852,2.0,0.0,0.1852,2.0,0.0,1.0,0.0,0.0,8.0,2.0,0.0
3920389,2722,Cameroon,3639,Georges-Kevin N'Koudou,Georges-Kévin Nkoudou Mbida,11,1,102.7998,Left Wing,3.0,0.0,0.202,3.0,0.0,0.202,7.0,1.0,1.0,0.0,0.0,6.0,5.0,1.0
3920389,2722,Cameroon,7355,Olivier Kemen,Olivier Michel Kemen,6,1,90.3526,Center Defensive Midfield,2.0,0.0,0.049,2.0,0.0,0.049,0.0,0.0,2.0,0.0,0.0,13.0,6.0,2.0
3920389,2722,Cameroon,7386,Harold Moukoudi,Harold Moukoudi,2,1,102.7998,Left Center Back,0.0,0.0,0.0,0.0,0.0,0.0,0.0,0.0,1.0,0.0,0.0,8.0,4.0,1.0
3920389,2722,Cameroon,7426,Jean-Charles Castelletto,Jean-Charles Castelletto,21,1,102.7998,Right Back,0.0,0.0,0.0,0.0,0.0,0.0,1.0,0.0,1.0,0.0,1.0,1.0,5.0,2.0
3920389,2722,Cameroon,10530,Olivier Ntcham,Jules Olivier Ntcham,22,1,102.7998,Right Defensive Midfield,3.0,0.0,0.0868,3.0,0.0,0.0868,0.0,0.0,1.0,1.0,1.0,9.0,3.0,1.0
3920389,2722,Cameroon,24670,Fabrice Ondoa,Joseph Fabrice Ondoa Ebogo,1,1,102.7998,Goalkeeper,0.0,0.0,0.0,0.0,0.0,0.0,0.0,0.0,0.0,0.0,0.0,1.0,3.0,0.0
3920389,2722,Cameroon,28444,Oumar Gonzalez,Oumar Gonzalez,15,0,22.4805,Right Center Back,0.0,0.0,0.0,0.0,0.0,0.0,0.0,0.0,1.0,2.0,0.0,2.0,2.0,0.0
3920389,2722,Cameroon,32190,Darline Yongwa,Darlin Zidane Yongwa Ngameni,18,1,102.7998,Left Back,1.0,0.0,0.0294,1.0,0.0,0.0294,0.0,0.0,2.0,4.0,1.0,9.0,5.0,1.0
3920389,2722,Cameroon,34293,Faris Moumbagna,Faris Pemi Moumbagna,19,0,12.4471,Left Center Forward,0.0,0.0,0.0,0.0,0.0,0.0,0.0,0.0,0.0,0.0,0.0,0.0,0.0,0.0
3920389,2722,Cameroon,62627,Junior Tchamadeu,Junior Tchamadeu,14,0,22.1805,Right Midfield,0.0,0.0,0.0,0.0,0.0,0.0,0.0,0.0,0.0,0.0,0.0,4.0,0.0,0.0
3920389,2722,Cameroon,74588,Christopher Wooh,Christopher Wooh,4,1,80.3193,Right Center Back,0.0,0.0,0.0,0.0,0.0,0.0,0.0,0.0,1.0,2.0,0.0,5.0,4.0,0.0
3920389,2722,Cameroon,189348,Frank Magri,Frank Magri,9,1,80.6193,Right Wing,1.0,1.0,0.1248,1.0,1.0,0.1248,0.0,0.0,3.0,0.0,0.0,12.0,2.0,0.0
3920389,4892,Guinea,3405,François Kamano,François Kamano,19,1,44.8167,Left Wing,0.0,0.0,0.0,0.0,0.0,0.0,0.0,0.0,1.0,0.0,0.0,7.0,2.0,0.0
3920389,4892,Guinea,4267,Mouctar Diakhaby,Mouctar Diakhaby,5,1,102.7998,Right Center Back,1.0,0.0,0.0526,1.0,0.0,0.0526,0.0,0.0,3.0,7.0,1.0,4.0,4.0,0.0
3920389,4892,Guinea,4352,Issiaga Sylla,Issiaga Sylla,3,0,1.5471,Left Defensive Midfield,0.0,0.0,0.0,0.0,0.0,0.0,0.0,0.0,0.0,1.0,0.0,0.0,1.0,0.0
3920389,4892,Guinea,7360,Julian Jeanvier,Julian Jeanvier,17,1,102.7998,Left Center Back,0.0,0.0,0.0,0.0,0.0,0.0,0.0,0.0,0.0,8.0,2.0,5.0,1.0,0.0
3920389,4892,Guinea,8012,José Kanté,José Kanté Martínez,24,0,12.3971,Center Forward,0.0,0.0,0.0,0.0,0.0,0.0,0.0,0.0,0.0,0.0,0.0,7.0,1.0,0.0
3920389,4892,Guinea,8454,Mohamed Bayo,Mohamed Bayo,11,1,90.4027,Center Forward,2.0,1.0,0.4693,2.0,1.0,0.4693,0.0,0.0,3.0,0.0,0.0,9.0,2.0,0.0
3920389,4892,Guinea,35285,Mory Konaté,Mory Konaté,20,1,101.2526,Right Defensive Midfield,0.0,0.0,0.0,0.0,0.0,0.0,0.0,0.0,2.0,3.0,0.0,12.0,2.0,0.0
3920389,4892,Guinea,39073,Ilaix Moriba,Moriba Kourouma Kourouma,10,1,102.7998,Right Defensive Midfield,2.0,0.0,0.1847,2.0,0.0,0.1847,2.0,0.0,1.0,0.0,1.0,13.0,5.0,2.0
3920389,4892,Guinea,39559,Aguibou Camara,Aguibou Camara,18,1,102.7998,Center Attacking Midfield,0.0,0.0,0.0,0.0,0.0,0.0,0.0,0.0,5.0,2.0,1.0,26.0,2.0,2.0
3920389,4892,Guinea,47351,Morgan Guilavogui,Morgan Guilavogui,7,1,62.0526,Right Wing,0.0,0.0,0.0,0.0,0.0,0.0,0.0,0.0,2.0,0.0,0.0,16.0,3.0,2.0
3920389,4892,Guinea,131849,Antoine Conte,Antoine Conte,2,1,62.0693,Right Back,0.0,0.0,0.0,0.0,0.0,0.0,1.0,0.0,0.0,1.0,1.0,12.0,1.0,0.0
3920389,4892,Guinea,132711,Sekou Oumar Sylla,Sekou Oumar Sylla,21,1,102.7998,Left Back,1.0,0.0,0.0035,1.0,0.0,0.0035,1.0,0.0,4.0,2.0,0.0,7.0,2.0,2.0
3920389,4892,Guinea,176683,Ibrahim Diakité,Ibrahim Diakité,12,0,40.7305,Right Back,0.0,0.0,0.0,0.0,0.0,0.0,0.0,0.0,0.0,2.0,2.0,7.0,2.0,0.0
3920389,4892,Guinea,182573,Ibrahim Kone,Ibrahim Kone,22,1,102.7998,Goalkeeper,0.0,0.0,0.0,0.0,0.0,0.0,0.0,0.0,0.0,0.0,0.0,0.0,5.0,0.0
3920389,4892,Guinea,406457,Facinet Conte,Facinet Conte,25,0,40.7471,Left Midfield,0.0,0.0,0.0,0.0,0.0,0.0,0.0,0.0,2.0,1.0,0.0,11.0,1.0,0.0
3920390,4898,Algeria,3191,Ramy Bensebaini,Ramy Bensebaini,21,1,101.7157,Left Center Back,0.0,0.0,0.0,0.0,0.0,0.0,0.0,0.0,1.0,2.0,2.0,2.0,7.0,0.0
3920390,4898,Algeria,3811,Islam Slimani,Islam Slimani,13,0,30.8848,Center Forward,1.0,0.0,0.0387,1.0,0.0,0.0387,1.0,0.0,0.0,0.0,0.0,4.0,1.0,0.0
3920390,4898,Algeria,3814,Riyad Mahrez,Riyad Mahrez,7,1,101.7157,Right Wing,1.0,0.0,0.0454,1.0,0.0,0.0454,2.0,0.0,0.0,0.0,0.0,8.0,4.0,2.0
3920390,4898,Algeria,4308,Houssem Aouar,Houssem Aouar,11,0,17.3681,Left Center Midfield,0.0,0.0,0.0,0.0,0.0,0.0,0.0,0.0,0.0,0.0,0.0,2.0,0.0,1.0
3920390,4898,Algeria,6648,Aïssa Mandi,Aïssa Mandi,2,1,101.7157,Right Center Back,0.0,0.0,0.0,0.0,0.0,0.0,0.0,0.0,3.0,2.0,0.0,1.0,5.0,0.0
3920390,4898,Algeria,8520,Nabil Bentaleb,Nabil Bentaleb,19,1,75.2976,Center Defensive Midfield,0.0,0.0,0.0,0.0,0.0,0.0,0.0,0.0,1.0,0.0,1.0,11.0,1.0,2.0
3920390,4898,Algeria,10040,Youcef Atal,Youcef Atal,20,1,84.3476,Right Back,1.0,0.0,0.0085,1.0,0.0,0.0085,0.0,0.0,0.0,1.0,1.0,7.0,3.0,2.0
3920390,4898,Algeria,10448,Adam Ounas,Adam Ounas,12,0,31.1682,Left Wing,0.0,0.0,0.0,0.0,0.0,0.0,1.0,0.0,0.0,0.0,0.0,3.0,1.0,0.0
3920390,4898,Algeria,11515,Ismaël Bennacer,Ismael Bennacer,22,1,84.3476,Left Center Midfield,1.0,0.0,0.0393,1.0,0.0,0.0393,1.0,0.0,1.0,0.0,0.0,10.0,2.0,2.0
3920390,4898,Algeria,12111,Rayan Aït Nouri,Rayan Aït Nouri,15,1,101.7157,Left Back,2.0,0.0,0.0423,2.0,0.0,0.0423,1.0,0.0,1.0,1.0,1.0,12.0,6.0,1.0
3920390,4898,Algeria,38345,Ramiz Zerrouki,Ramiz Larbi Zerrouki,6,0,26.4182,Center Defensive Midfield,0.0,0.0,0.0,0.0,0.0,0.0,1.0,0.0,0.0,0.0,1.0,9.0,2.0,2.0
3920390,4898,Algeria,41381,Anthony Mandréa,Anthony Louis Mandréa,16,1,101.7157,Goalkeeper,0.0,0.0,0.0,0.0,0.0,0.0,0.0,0.0,0.0,0.0,0.0,0.0,3.0,0.0
3920390,4898,Algeria,103464,Mohamed Youcef Belaïli,Mohamed Youcef Belaïli,8,1,70.5476,Left Wing,4.0,0.0,0.1424,4.0,0.0,0.1424,2.0,1.0,1.0,0.0,0.0,8.0,3.0,4.0
3920390,4898,Algeria,103465,Baghdad Bounedjah,Baghdad Bounedjah,9,1,70.8309,Center Forward,2.0,1.0,0.2103,2.0,1.0,0.2103,0.0,0.0,1.0,0.0,0.0,12.0,0.0,1.0
3920390,4898,Algeria,217047,Fares Chaïbi,Fares Chaïbi,17,1,100.9657,Right Center Midfield,2.0,0.0,0.1016,2.0,0.0,0.1016,2.0,0.0,1.0,0.0,0.0,12.0,1.0,0.0
3920390,4898,Algeria,286708,Kévin Daniel Van Den Kerkhof,Kévin Daniel Van Den Kerkhof,3,0,17.3681,Right Back,2.0,0.0,0.0686,2.0,0.0,0.0686,0.0,0.0,0.0,0.0,1.0,0.0,1.0,0.0
3920390,4901,Angola,10573,Jonathan Buatu,Jonathan Buatu Mananga,3,1,101.7157,Right Center Back,0.0,0.0,0.0,0.0,0.0,0.0,0.0,0.0,5.0,4.0,1.0,15.0,3.0,3.0
3920390,4901,Angola,10577,Gelson,Jacinto Muondo Dala,10,1,91.9142,Left Wing,2.0,0.0,0.1466,2.0,0.0,0.1466,0.0,0.0,0.0,0.0,0.0,10.0,1.0,1.0
3920390,4901,Angola,10844,Fredy,Alfredo Kulembe Ribeiro,16,1,92.1642,Right Defensive Midfield,1.0,0.0,0.1941,1.0,0.0,0.1941,2.0,0.0,2.0,2.0,0.0,31.0,7.0,2.0
3920390,4901,Angola,22274,Bruno Paz,Bruno Lourenço Pinto de Almeida Paz,17,1,40.5,Left Center Midfield,0.0,0.0,0.0,0.0,0.0,0.0,0.0,0.0,1.0,0.0,0.0,6.0,1.0,2.0
3920390,4901,Angola,23873,Nurio Fortuna,Núrio Domingos Matias Fortuna,2,1,101.7157,Left Wing Back,0.0,0.0,0.0,0.0,0.0,0.0,1.0,0.0,4.0,1.0,2.0,22.0,7.0,1.0
3920390,4901,Angola,31016,Show,Manuel Luís da Silva Cafumana,23,1,101.7157,Left Defensive Midfield,0.0,0.0,0.0,0.0,0.0,0.0,1.0,0.0,0.0,1.0,5.0,25.0,2.0,2.0
3920390,4901,Angola,41045,Milson,Felicio Mendes Joao Milson,11,0,20.2848,Right Wing,0.0,0.0,0.0,0.0,0.0,0.0,0.0,0.0,1.0,0.0,0.0,7.0,3.0,1.0
3920390,4901,Angola,90913,Zito Luvumbo,Zito André Sebastião Luvumbo,15,1,81.4309,Right Wing,0.0,0.0,0.0,0.0,0.0,0.0,2.0,0.0,0.0,0.0,0.0,19.0,2.0,1.0
3920390,4901,Angola,103207,Loide Augusto,Loide António Augusto,14,1,81.6642,Right Wing Back,1.0,0.0,0.0398,1.0,0.0,0.0398,0.0,0.0,2.0,2.0,2.0,18.0,4.0,0.0
3920390,4901,Angola,103208,Kialonda Gaspar,Kialonda Gaspar,6,1,101.7157,Center Back,1.0,0.0,0.0095,1.0,0.0,0.0095,0.0,0.0,2.0,6.0,2.0,1.0,0.0,0.0
3920390,4901,Angola,128881,Mabululu,Cristóvão Paciência Mabululo,19,0,61.2157,Center Forward,2.0,1.0,0.8074,1.0,0.0,0.0239,0.0,0.0,0.0,0.0,0.0,19.0,1.0,0.0
3920390,4901,Angola,135849,Neblú,Adilson Cipriano da Cruz,22,1,101.7157,Goalkeeper,0.0,0.0,0.0,0.0,0.0,0.0,0.0,0.0,0.0,0.0,0.0,0.0,6.0,0.0
3920390,4901,Angola,136312,Zini,Ambrosini Antonio Cabaça Salvador,9,0,9.8015,Left Wing,0.0,0.0,0.0,0.0,0.0,0.0,0.0,0.0,1.0,1.0,0.0,5.0,0.0,1.0
3920390,4901,Angola,145058,Eddie Afonso,Eddie Marcos Melo Afonso,21,0,20.0515,Right Wing Back,0.0,0.0,0.0,0.0,0.0,0.0,0.0,0.0,3.0,1.0,1.0,2.0,1.0,1.0
3920390,4901,Angola,270407,Kinito,Joaquim Marcos Cunga Balanga,5,1,101.7157,Left Center Back,0.0,0.0,0.0,0.0,0.0,0.0,0.0,0.0,1.0,8.0,0.0,2.0,1.0,0.0
3920390,4901,Angola,389784,Manuel Keliano,Manuel Keliano,4,0,9.5515,Right Defensive Midfield,0.0,0.0,0.0,0.0,0.0,0.0,0.0,0.0,0.0,0.0,0.0,7.0,0.0,0.0
3920392,4921,Burkina Faso,2956,Bertrand Traoré,Bertrand Isidore Traoré,10,0,26.3331,Left Wing,3.0,1.0,0.8359,2.0,0.0,0.0524,0.0,0.0,0.0,0.0,0.0,2.0,0.0,0.0
3920392,4921,Burkina Faso,3035,Steeve Yago,Steeve Yago,25,1,103.7992,Left Back,0.0,0.0,0.0,0.0,0.0,0.0,1.0,0.0,2.0,2.0,4.0,17.0,3.0,3.0
3920392,4921,Burkina Faso,4388,Kouakou Herve Koffi,Kouakou Herve Koffi,16,1,103.7992,Goalkeeper,0.0,0.0,0.0,0.0,0.0,0.0,0.0,0.0,0.0,0.0,0.0,0.0,6.0,0.0
3920392,4921,Burkina Faso,23999,Blati,Ibrahim Blati Touré,22,1,103.7992,Left Defensive Midfield,0.0,0.0,0.0,0.0,0.0,0.0,1.0,0.0,1.0,3.0,1.0,17.0,4.0,4.0
3920392,4921,Burkina Faso,24411,Adama Guira,Adama Guira,24,1,103.7992,Right Defensive Midfield,1.0,0.0,0.0633,1.0,0.0,0.0633,0.0,0.0,0.0,0.0,2.0,10.0,3.0,2.0
3920392,4921,Burkina Faso,30606,Edmond Fayçal Tapsoba,Edmond Fayçal Tapsoba,12,1,103.7992,Left Center Back,0.0,0.0,0.0,0.0,0.0,0.0,1.0,0.0,1.0,4.0,1.0,5.0,7.0,0.0
3920392,4921,Burkina Faso,32767,Hassane Bandé,Boureima Hassane Bandé,19,0,13.9998,Center Attacking Midfield,0.0,0.0,0.0,0.0,0.0,0.0,0.0,0.0,0.0,0.0,0.0,3.0,0.0,0.0
3920392,4921,Burkina Faso,35471,Issa Kabore,Issa Kabore,9,1,103.3325,Right Back,0.0,0.0,0.0,0.0,0.0,0.0,0.0,0.0,1.0,0.0,2.0,9.0,3.0,3.0
3920392,4921,Burkina Faso,43705,Abdoul Tapsoba,Abdoul Fessal Tapsoba,15,0,54.0498,Right Wing,0.0,0.0,0.0,0.0,0.0,0.0,1.0,0.0,2.0,1.0,0.0,6.0,4.0,1.0
3920392,4921,Burkina Faso,43920,Mohamed Konaté,Mohamed Konaté,13,1,89.5827,Center Forward,1.0,0.0,0.0896,1.0,0.0,0.0896,1.0,0.0,0.0,0.0,0.0,12.0,1.0,0.0
3920392,4921,Burkina Faso,44307,Cédric Badolo,Cédric Badolo,8,1,77.466,Left Wing,0.0,0.0,0.0,0.0,0.0,0.0,0.0,0.0,1.0,0.0,1.0,7.0,5.0,0.0
3920392,4921,Burkina Faso,102800,Issoufou Dayo,Issoufou Dayo,14,1,103.7992,Right Center Back,0.0,0.0,0.0,0.0,0.0,0.0,1.0,0.0,0.0,5.0,0.0,1.0,3.0,0.0
3920392,4921,Burkina Faso,105921,Mamady Alex Bangré,Mamady Alex Bangré,11,1,49.7494,Right Wing,0.0,0.0,0.0,0.0,0.0,0.0,1.0,0.0,2.0,0.0,0.0,8.0,3.0,1.0
3920392,4921,Burkina Faso,138875,Djibril Cheick Ouattara,Djibril Cheick Ouattara,2,0,14.2165,Center Forward,0.0,0.0,0.0,0.0,0.0,0.0,0.0,0.0,0.0,0.0,0.0,1.0,1.0,0.0
3920392,4921,Burkina Faso,225437,Stephane Ki,Stephane Aziz Ki,17,1,89.7994,Center Attacking Midfield,6.0,0.0,0.1479,6.0,0.0,0.1479,1.0,0.0,4.0,0.0,1.0,14.0,5.0,0.0
3920392,4932,Mauritania,3255,Guessouma Fofana,Guessouma Fofana,6,1,71.3327,Left Defensive Midfield,0.0,0.0,0.0,0.0,0.0,0.0,0.0,0.0,0.0,1.0,1.0,22.0,0.0,4.0
3920392,4932,Mauritania,7214,El-Hadji Ba,El-Hadji Ba,7,0,41.3665,Left Center Midfield,1.0,0.0,0.0909,1.0,0.0,0.0909,1.0,0.0,0.0,1.0,0.0,4.0,3.0,0.0
3920392,4932,Mauritania,10280,Aboubakar Kamara,Aboubakar Kamara,27,1,24.15,Center Forward,0.0,0.0,0.0,0.0,0.0,0.0,1.0,0.0,0.0,0.0,0.0,6.0,1.0,0.0
3920392,4932,Mauritania,11923,Aly Abeid,Yacoub Aly Abeid,3,1,103.7992,Left Back,0.0,0.0,0.0,0.0,0.0,0.0,3.0,0.0,0.0,2.0,3.0,9.0,8.0,3.0
3920392,4932,Mauritania,23892,Aboubakary Koita,Aboubakary Koita,19,1,103.7992,Center Attacking Midfield,2.0,0.0,0.0287,2.0,0.0,0.0287,0.0,0.0,1.0,0.0,0.0,22.0,4.0,3.0
3920392,4932,Mauritania,36951,Babacar Niasse,Babacar Niasse,16,1,103.7992,Goalkeeper,0.0,0.0,0.0,0.0,0.0,0.0,0.0,0.0,0.0,0.0,0.0,1.0,1.0,0.0
3920392,4932,Mauritania,49763,Souleymane Anne,Souleymane Anne,11,0,76.4992,Center Forward,0.0,0.0,0.0,0.0,0.0,0.0,1.0,0.0,0.0,0.0,0.0,15.0,2.0,1.0
3920392,4932,Mauritania,102661,Mohamed Dellahi Yali,Mohamed Dellahi Yali,14,0,32.7498,Right Center Back,0.0,0.0,0.0,0.0,0.0,0.0,0.0,0.0,1.0,1.0,0.0,3.0,1.0,0.0
3920392,4932,Mauritania,102667,Hemeya Tanjy,Hemeya Tanjy,9,1,61.5494,Left Midfield,3.0,0.0,0.2262,3.0,0.0,0.2262,0.0,0.0,1.0,0.0,2.0,13.0,4.0,6.0
3920392,4932,Mauritania,128053,Idrissa Thiam,Idrissa Thiam,10,1,62.4327,Right Midfield,1.0,0.0,0.0668,1.0,0.0,0.0668,1.0,0.0,0.0,0.0,0.0,10.0,6.0,0.0
3920392,4932,Mauritania,188885,Oumar Ngom,Oumar Ngom,26,0,32.4665,Right Center Midfield,0.0,0.0,0.0,0.0,0.0,0.0,0.0,0.0,1.0,1.0,0.0,7.0,2.0,3.0
3920392,4932,Mauritania,264954,Lamine Ba,Lamine Ba,5,1,70.2661,Left Center Back,0.0,0.0,0.0,0.0,0.0,0.0,0.0,0.0,1.0,5.0,3.0,5.0,2.0,0.0
3920392,4932,Mauritania,264956,Ibrahima Keita,Ibrahima Keita,20,1,103.7992,Right Back,0.0,0.0,0.0,0.0,0.0,0.0,0.0,0.0,2.0,1.0,4.0,22.0,4.0,4.0
3920392,4932,Mauritania,341163,Omaré Gassama,Omaré Gassama,4,1,103.7992,Right Defensive Midfield,0.0,0.0,0.0,0.0,0.0,0.0,0.0,0.0,3.0,1.0,3.0,20.0,6.0,3.0
3920392,4932,Mauritania,389294,Nouh Mohamed El Abd,Nouh Mohamed El Abd,13,1,103.7992,Right Center Back,1.0,0.0,0.0398,1.0,0.0,0.0398,0.0,0.0,2.0,8.0,0.0,5.0,0.0,0.0
3920392,4932,Mauritania,416907,Sidi Bouna Sidi Amar,Sidi Bouna Sidi Amar,23,0,42.2498,Right Midfield,1.0,0.0,0.0633,1.0,0.0,0.0633,0.0,0.0,3.0,1.0,0.0,7.0,2.0,1.0
3920393,777,Tunisia,3226,Bassem Srarfi,Bassem Srarfi,19,0,5.7327,Right Wing,0.0,0.0,0.0,0.0,0.0,0.0,0.0,0.0,1.0,0.0,0.0,1.0,1.0,0.0
3920393,777,Tunisia,3767,Ellyes Joris Skhiri,Ellyes Joris Skhiri,17,1,101.0395,Right Defensive Midfield,0.0,0.0,0.0,0.0,0.0,0.0,0.0,0.0,1.0,2.0,0.0,12.0,4.0,2.0
3920393,777,Tunisia,5647,Ali Maâloul,Ali Maâloul,12,1,101.0395,Left Back,0.0,0.0,0.0,0.0,0.0,0.0,4.0,0.0,3.0,0.0,0.0,9.0,3.0,0.0
3920393,777,Tunisia,5651,Yassine Meriah,Yassine Meriah,4,1,101.0395,Right Center Back,0.0,0.0,0.0,0.0,0.0,0.0,0.0,0.0,0.0,13.0,2.0,8.0,3.0,1.0
3920393,777,Tunisia,23910,Youssef Msakni,Youssef Msakni,7,1,101.0395,Left Wing,5.0,0.0,0.5966,5.0,0.0,0.5966,2.0,0.0,1.0,0.0,1.0,11.0,3.0,3.0
3920393,777,Tunisia,32450,Montassar Omar Talbi,Montassar Omar Talbi,3,1,101.0395,Left Center Back,0.0,0.0,0.0,0.0,0.0,0.0,0.0,0.0,3.0,13.0,1.0,6.0,2.0,2.0
3920393,777,Tunisia,35592,Anis Slimane,Anis Ben Slimane,10,1,86.3234,Right Center Midfield,1.0,0.0,0.0117,1.0,0.0,0.0117,1.0,0.0,0.0,1.0,1.0,15.0,6.0,1.0
3920393,777,Tunisia,44955,Aïssa Laïdouni,Aïssa Bilal Laïdouni,14,0,51.9327,Left Defensive Midfield,0.0,0.0,0.0,0.0,0.0,0.0,0.0,0.0,3.0,4.0,0.0,9.0,4.0,1.0
3920393,777,Tunisia,50503,Sayfallah Ltaief,Sayfallah Ltaief,18,0,14.716,Left Wing,0.0,0.0,0.0,0.0,0.0,0.0,0.0,0.0,0.0,0.0,0.0,1.0,0.0,0.0
3920393,777,Tunisia,51571,Haythem Jouini,Haythem Jouini,9,0,86.3728,Center Forward,1.0,0.0,0.1291,1.0,0.0,0.1291,1.0,0.0,1.0,3.0,1.0,14.0,1.0,0.0
3920393,777,Tunisia,102816,Mohamed Ali Ben Romdhane,Mohamed Ali Ben Romdhane,5,1,49.1068,Left Center Midfield,0.0,0.0,0.0,0.0,0.0,0.0,0.0,0.0,3.0,0.0,0.0,9.0,1.0,0.0
3920393,777,Tunisia,105944,Wajdi Kechrida,Wajdi Kechrida,21,1,101.0395,Right Back,1.0,0.0,0.0333,1.0,0.0,0.0333,1.0,0.0,4.0,8.0,1.0,12.0,1.0,1.0
3920393,777,Tunisia,128793,Taha Yassine Khenissi,Taha Yassine Khenissi,11,1,13.1,Center Forward,1.0,0.0,0.0999,1.0,0.0,0.0999,0.0,0.0,0.0,0.0,0.0,5.0,0.0,1.0
3920393,777,Tunisia,132461,Mohamed Elias Achouri,Mohamed Elias Achouri,27,1,93.8401,Right Wing,0.0,0.0,0.0,0.0,0.0,0.0,0.0,0.0,1.0,1.0,0.0,17.0,6.0,4.0
3920393,777,Tunisia,136296,Bechir Ben Said,Bechir Ben Said,22,1,101.0395,Goalkeeper,0.0,0.0,0.0,0.0,0.0,0.0,0.0,0.0,0.0,0.0,0.0,0.0,2.0,0.0
3920393,4980,Namibia,4218,Ryan Nyambe,Ryan Nyambe,22,1,101.0395,Right Back,0.0,0.0,0.0,0.0,0.0,0.0,0.0,0.0,2.0,2.0,0.0,26.0,1.0,2.0
3920393,4980,Namibia,64612,Deon Hotto Kavendji,Deon Hotto Kavendji,7,1,101.0395,Left Midfield,2.0,1.0,0.2795,2.0,1.0,0.2795,1.0,0.0,2.0,0.0,1.0,11.0,10.0,0.0
3920393,4980,Namibia,65555,Riaan Hanamub,Riaan Hanamub,4,1,101.0395,Left Back,0.0,0.0,0.0,0.0,0.0,0.0,1.0,0.0,4.0,2.0,3.0,15.0,7.0,2.0
3920393,4980,Namibia,65723,Peter Shalulile,Peter Shalulile,13,1,101.0395,Center Forward,6.0,0.0,1.0287,6.0,0.0,1.0287,0.0,0.0,5.0,1.0,0.0,22.0,6.0,1.0
3920393,4980,Namibia,103803,Prins Menelik Tjiueza,Prins Menelik Tjiueza,10,1,76.6068,Left Center Midfield,0.0,0.0,0.0,0.0,0.0,0.0,0.0,0.0,2.0,1.0,0.0,35.0,1.0,1.0
3920393,4980,Namibia,103804,Absalom Iimbondi,Absalom Iimbondi,11,1,101.0395,Right Midfield,0.0,0.0,0.0,0.0,0.0,0.0,4.0,0.0,2.0,0.0,1.0,25.0,4.0,1.0
3920393,4980,Namibia,125324,Lloyd Junior Kazapua,Lloyd Junior Kazapua,1,1,101.0395,Goalkeeper,0.0,0.0,0.0,0.0,0.0,0.0,0.0,0.0,0.0,0.0,0.0,0.0,14.0,0.0
3920393,4980,Namibia,125333,Petrus Shitembi,Petrus Shitembi,19,1,65.7734,Right Center Midfield,1.0,0.0,0.0843,1.0,0.0,0.0843,1.0,0.0,0.0,1.0,2.0,24.0,9.0,3.0
3920393,4980,Namibia,135004,Lubeni Haukongo,Lubeni Haukongo,21,1,101.0395,Left Center Back,0.0,0.0,0.0,0.0,0.0,0.0,0.0,0.0,2.0,4.0,1.0,8.0,2.0,0.0
3920393,4980,Namibia,136406,Aprocious Petrus,Aprocious Petrus,18,1,101.0395,Center Defensive Midfield,1.0,0.0,0.0839,1.0,0.0,0.0839,1.0,0.0,4.0,2.0,4.0,21.0,7.0,0.0
3920393,4980,Namibia,264381,Kennedy Amutenya,Kennedy Amutenya,12,1,101.0395,Right Center Back,2.0,0.0,0.1022,2.0,0.0,0.1022,0.0,0.0,4.0,4.0,3.0,20.0,2.0,1.0
3920393,4980,Namibia,389316,Ngero Kaanjuka Katua,Ngero Kaanjuka Katua,6,0,35.266,Left Defensive Midfield,0.0,0.0,0.0,0.0,0.0,0.0,0.0,0.0,1.0,1.0,0.0,10.0,2.0,0.0
3920393,4980,Namibia,389319,Muzeu Bethuel,Muzeu Bethuel,9,0,24.4327,Center Attacking Midfield,1.0,0.0,0.0315,1.0,0.0,0.0315,1.0,1.0,2.0,1.0,3.0,11.0,1.0,0.0
3920391,4930,Mali,3248,Hamari Traoré,Hamari Traoré,2,1,97.1284,Right Back,1.0,1.0,0.885,1.0,1.0,0.885,1.0,0.0,2.0,1.0,2.0,15.0,7.0,2.0
3920391,4930,Mali,3433,Lassana Coulibaly,Lassana Coulibaly,11,0,37.7799,Left Center Midfield,0.0,0.0,0.0,0.0,0.0,0.0,1.0,0.0,1.0,0.0,0.0,7.0,0.0,2.0
3920391,4930,Mali,3710,Fousseni Diabaté,Fousseni Diabaté,19,0,17.5133,Right Wing,0.0,0.0,0.0,0.0,0.0,0.0,0.0,0.0,0.0,0.0,0.0,12.0,2.0,1.0
3920391,4930,Mali,4385,Yves Bissouma,Yves Bissouma,10,1,59.3485,Center Defensive Midfield,0.0,0.0,0.0,0.0,0.0,0.0,1.0,0.0,0.0,1.0,2.0,16.0,1.0,5.0
3920391,4930,Mali,7295,Sikou Niakaté,Sikou Niakate,6,1,97.1284,Left Center Back,0.0,0.0,0.0,0.0,0.0,0.0,1.0,0.0,2.0,4.0,1.0,4.0,3.0,2.0
3920391,4930,Mali,8774,Amadou Haïdara,Amadou Haïdara,4,1,88.4819,Left Center Midfield,3.0,0.0,0.4836,3.0,0.0,0.4836,0.0,0.0,4.0,0.0,2.0,12.0,3.0,3.0
3920391,4930,Mali,8992,Ibrahim Sissoko,Ibrahim Sissoko,9,0,8.9633,Center Forward,0.0,0.0,0.0,0.0,0.0,0.0,0.0,0.0,0.0,0.0,0.0,2.0,0.0,0.0
3920391,4930,Mali,12557,Falaye Sacko,Falaye Sacko,17,1,97.1284,Left Back,0.0,0.0,0.0,0.0,0.0,0.0,1.0,0.0,2.0,1.0,3.0,16.0,4.0,0.0
3920391,4930,Mali,23331,Kiki Kouyaté,Boubakar Kouyate,5,1,97.1284,Right Center Back,0.0,0.0,0.0,0.0,0.0,0.0,0.0,0.0,2.0,9.0,1.0,8.0,2.0,3.0
3920391,4930,Mali,23623,Sekou Koita,Sekou Koita,20,1,88.3819,Right Center Forward,3.0,0.0,0.1216,3.0,0.0,0.1216,1.0,0.0,0.0,0.0,1.0,15.0,3.0,0.0
3920391,4930,Mali,67714,Aliou Dieng,Aliou Dieng,23,1,79.6152,Right Center Midfield,2.0,0.0,0.0345,2.0,0.0,0.0345,1.0,0.0,6.0,1.0,2.0,16.0,3.0,4.0
3920391,4930,Mali,102992,Djigui Diarra,Djigui Diarra,16,1,97.1284,Goalkeeper,0.0,0.0,0.0,0.0,0.0,0.0,0.0,0.0,0.0,0.0,0.0,0.0,2.0,0.0
3920391,4930,Mali,105182,Lassine Sinayoko,Lassine Sinayoko,25,1,88.1652,Left Center Forward,2.0,1.0,0.6352,2.0,1.0,0.6352,2.0,0.0,2.0,0.0,0.0,22.0,5.0,2.0
3920391,4930,Mali,162132,Kamory Doumbia,Kamory Doumbia,26,1,97.1284,Center Attacking Midfield,4.0,0.0,0.1756,4.0,0.0,0.1756,2.0,1.0,2.0,0.0,0.0,35.0,8.0,6.0
3920391,4930,Mali,199653,Nene Dorgeles,Nene Dorgeles,27,0,8.7466,Left Wing,0.0,0.0,0.0,0.0,0.0,0.0,0.0,0.0,1.0,0.0,0.0,1.0,0.0,0.0
3920391,4930,Mali,408674,Aboubacar Traoré,Aboubacar Traoré,24,0,8.6466,Left Defensive Midfield,1.0,0.0,0.0065,1.0,0.0,0.0065,0.0,0.0,0.0,0.0,0.0,3.0,0.0,1.0
3920391,4976,South Africa,29367,Percy Tau,Percy Tau,10,1,97.1284,Right Midfield,5.0,0.0,1.175,4.0,0.0,0.3915,0.0,0.0,2.0,0.0,0.0,20.0,2.0,3.0
3920391,4976,South Africa,42527,Sphephelo S''Miso Sithole,Sphephelo S''Miso Sithole,13,1,97.1284,Left Defensive Midfield,0.0,0.0,0.0,0.0,0.0,0.0,1.0,0.0,2.0,0.0,1.0,21.0,5.0,1.0
3920391,4976,South Africa,64607,Zakhele Lerato Lepasa,Zakhele Lerato Lepasa,17,0,22.1799,Left Center Forward,0.0,0.0,0.0,0.0,0.0,0.0,0.0,0.0,0.0,0.0,0.0,3.0,1.0,0.0
3920391,4976,South Africa,65719,Khuliso Johnson Mudau,Khuliso Johnson Mudau,20,1,97.1284,Right Back,0.0,0.0,0.0,0.0,0.0,0.0,1.0,0.0,1.0,2.0,2.0,16.0,7.0,0.0
3920391,4976,South Africa,65726,Themba Zwane,Themba Zwane,11,1,75.3985,Right Center Forward,0.0,0.0,0.0,0.0,0.0,0.0,1.0,0.0,1.0,0.0,0.0,16.0,3.0,0.0
3920391,4976,South Africa,65727,Thapelo James Morena,Thapelo James Morena,23,0,8.1299,Right Midfield,0.0,0.0,0.0,0.0,0.0,0.0,0.0,0.0,1.0,0.0,0.0,1.0,1.0,0.0
3920391,4976,South Africa,65732,Mothobi Mvala,Mothobi Mvala,14,1,97.1284,Left Center Back,0.0,0.0,0.0,0.0,0.0,0.0,0.0,0.0,3.0,5.0,2.0,11.0,1.0,2.0
3920391,4976,South Africa,65733,Aubrey Maphosa Modiba,Aubrey Maphosa Modiba,6,1,97.1284,Left Back,1.0,0.0,0.0086,1.0,0.0,0.0086,1.0,0.0,0.0,1.0,2.0,5.0,14.0,1.0
3920391,4976,South Africa,65853,Evidence Makgopa,Evidence Makgopa,9,1,74.9485,Left Center Forward,2.0,0.0,0.108,2.0,0.0,0.108,0.0,0.0,0.0,1.0,0.0,17.0,3.0,2.0
3920391,4976,South Africa,66716,Teboho Mokoena,Teboho Mokoena,4,1,97.1284,Right Defensive Midfield,2.0,0.0,0.013,2.0,0.0,0.013,1.0,0.0,2.0,3.0,1.0,19.0,2.0,0.0
3920391,4976,South Africa,66721,Ronwen Williams,Ronwen Williams,1,1,97.1284,Goalkeeper,0.0,0.0,0.0,0.0,0.0,0.0,0.0,0.0,0.0,0.0,0.0,0.0,7.0,0.0
3920391,4976,South Africa,102722,Siyanda Xulu,Siyanda Xulu,5,1,97.1284,Right Center Back,1.0,0.0,0.078,1.0,0.0,0.078,0.0,0.0,2.0,6.0,0.0,3.0,3.0,0.0
3920391,4976,South Africa,133003,Mihlali Samson Mayambela,Mihlali Samson Mayambela,21,0,21.7299,Right Center Forward,0.0,0.0,0.0,0.0,0.0,0.0,0.0,0.0,0.0,0.0,0.0,5.0,3.0,0.0
3920391,4976,South Africa,202037,Thapelo Maseko,Thapelo Maseko,12,1,88.9985,Left Midfield,1.0,0.0,0.0073,1.0,0.0,0.0073,2.0,0.0,0.0,0.0,1.0,23.0,5.0,1.0
3920394,788,Morocco,3625,Sofiane Boufal,Sofiane Boufal,17,0,16.5417,Left Midfield,0.0,0.0,0.0,0.0,0.0,0.0,0.0,0.0,0.0,0.0,0.0,1.0,0.0,0.0
3920394,788,Morocco,5219,Romain Saïss,Romain Saïss,6,1,99.5891,Left Center Back,1.0,1.0,0.4062,1.0,1.0,0.4062,1.0,0.0,0.0,6.0,0.0,2.0,3.0,0.0
3920394,788,Morocco,5229,Ayoub El Kaabi,Ayoub El Kaabi,20,0,16.6751,Center Forward,0.0,0.0,0.0,0.0,0.0,0.0,0.0,0.0,0.0,0.0,0.0,3.0,0.0,1.0
3920394,788,Morocco,5234,Sofyan Amrabat,Sofyan Amrabat,4,1,99.5891,Center Defensive Midfield,0.0,0.0,0.0,0.0,0.0,0.0,0.0,0.0,1.0,0.0,0.0,20.0,2.0,4.0
3920394,788,Morocco,5237,Hakim Ziyech,Hakim Ziyech,7,1,82.9141,Right Midfield,3.0,0.0,0.0822,3.0,0.0,0.0822,2.0,0.0,3.0,0.0,2.0,6.0,5.0,0.0
3920394,788,Morocco,5243,Amine Harit,Amine Harit,10,0,14.7251,Right Center Midfield,0.0,0.0,0.0,0.0,0.0,0.0,0.0,0.0,1.0,0.0,0.0,0.0,1.0,0.0
3920394,788,Morocco,5245,Achraf Hakimi,Achraf Hakimi Mouh,2,1,99.5891,Right Back,1.0,0.0,0.048,1.0,0.0,0.048,3.0,1.0,3.0,1.0,2.0,14.0,6.0,1.0
3920394,788,Morocco,6301,Youssef En-Nesyri,Youssef En-Nesyri,19,1,84.8641,Center Forward,5.0,1.0,1.1708,5.0,1.0,1.1708,0.0,0.0,1.0,2.0,0.0,21.0,3.0,1.0
3920394,788,Morocco,6785,Yassine Bounou,Yassine Bounou,1,1,99.5891,Goalkeeper,0.0,0.0,0.0,0.0,0.0,0.0,0.0,0.0,0.0,0.0,0.0,0.0,6.0,0.0
3920394,788,Morocco,12149,Nayef Aguerd,Nayef Aguerd,5,1,99.5891,Right Center Back,0.0,0.0,0.0,0.0,0.0,0.0,0.0,0.0,1.0,2.0,1.0,3.0,4.0,1.0
3920394,788,Morocco,23774,Selim Amallah,Selim Amallah,15,1,73.8807,Left Center Midfield,0.0,0.0,0.0,0.0,0.0,0.0,0.0,0.0,2.0,0.0,0.0,20.0,2.0,0.0
3920394,788,Morocco,33401,Amine Adli,Amine Adli,21,0,25.7917,Right Midfield,1.0,0.0,0.0297,1.0,0.0,0.0297,2.0,1.0,1.0,0.0,0.0,5.0,0.0,0.0
3920394,788,Morocco,46258,Azzedine Ounahi,Azzedine Ounahi,8,1,82.5307,Right Center Midfield,2.0,1.0,0.105,2.0,1.0,0.105,1.0,0.0,4.0,0.0,0.0,7.0,7.0,1.0
3920394,788,Morocco,143165,Mohamed Chibi,Mohamed Chibi,27,1,99.5891,Left Back,0.0,0.0,0.0,0.0,0.0,0.0,0.0,0.0,0.0,1.0,1.0,7.0,4.0,0.0
3920394,788,Morocco,149714,Abde Ezzalzouli,Abdessamad Ezzalzouli,16,1,73.6974,Left Midfield,1.0,0.0,0.1757,1.0,0.0,0.1757,2.0,0.0,1.0,0.0,0.0,13.0,0.0,0.0
3920394,788,Morocco,156734,Bilal El Khannous,Bilal El Khannous,23,0,25.7084,Left Center Midfield,1.0,0.0,0.2828,1.0,0.0,0.2828,1.0,0.0,0.0,0.0,0.0,5.0,2.0,0.0
3920394,4953,Tanzania,16548,Mbwana Samatta,Mbwana Ally Samatta,10,1,72.0141,Right Wing,0.0,0.0,0.0,0.0,0.0,0.0,0.0,0.0,0.0,0.0,0.0,5.0,1.0,0.0
3920394,4953,Tanzania,19426,Tarryn Allarakhia,Tarryn Allarakhia,11,1,37.5,Left Wing,0.0,0.0,0.0,0.0,0.0,0.0,0.0,0.0,0.0,0.0,0.0,9.0,0.0,0.0
3920394,4953,Tanzania,51494,Haji Mnoga,Haji Mnoga,2,1,99.5891,Right Back,0.0,0.0,0.0,0.0,0.0,0.0,0.0,0.0,1.0,2.0,1.0,8.0,2.0,2.0
3920394,4953,Tanzania,80307,Charles M'Mombwa,Charles M'Mombwa,21,1,99.5891,Center Forward,0.0,0.0,0.0,0.0,0.0,0.0,0.0,0.0,2.0,1.0,1.0,11.0,1.0,2.0
3920394,4953,Tanzania,86067,Himid Mao Mkami,Himid Mao Mkami,7,1,99.5891,Center Defensive Midfield,0.0,0.0,0.0,0.0,0.0,0.0,1.0,0.0,2.0,0.0,1.0,15.0,8.0,0.0
3920394,4953,Tanzania,103262,Aishi Manula,Aishi Manula,18,1,99.5891,Goalkeeper,0.0,0.0,0.0,0.0,0.0,0.0,0.0,0.0,0.0,0.0,0.0,0.0,2.0,0.0
3920394,4953,Tanzania,103268,Faisal Salum Abdalla,Faisal Salum Abdalla,6,0,27.5751,Right Defensive Midfield,0.0,0.0,0.0,0.0,0.0,0.0,0.0,0.0,1.0,1.0,1.0,7.0,0.0,1.0
3920394,4953,Tanzania,103269,Bakari Nondo Mwamnyeto,Bakari Nondo Mwamnyeto,14,1,99.5891,Right Center Back,0.0,0.0,0.0,0.0,0.0,0.0,0.0,0.0,4.0,6.0,2.0,5.0,2.0,1.0
3920394,4953,Tanzania,103270,Simon Happygod Msuva,Simon Happygod Msuva,12,0,62.0891,Center Forward,0.0,0.0,0.0,0.0,0.0,0.0,0.0,0.0,0.0,0.0,0.0,7.0,0.0,0.0
3920394,4953,Tanzania,105766,Mohamed Hussein Mohamed,Mohamed Hussein Mohamed,15,1,99.5891,Left Back,1.0,0.0,0.0065,1.0,0.0,0.0065,0.0,0.0,3.0,0.0,4.0,7.0,6.0,1.0
3920394,4953,Tanzania,136055,Novatus Dismas Miroshi,Novatus Dismas Miroshi,20,1,72.6807,Left Center Midfield,1.0,0.0,0.0054,1.0,0.0,0.0054,0.0,0.0,2.0,3.0,0.0,20.0,5.0,3.0
3920394,4953,Tanzania,136057,Mudathiri Yahya,Mudathiri Yahya,3,1,48.0474,Right Center Midfield,0.0,0.0,0.0,0.0,0.0,0.0,0.0,0.0,2.0,1.0,0.0,3.0,2.0,0.0
3920394,4953,Tanzania,138493,Morice Michael Abraham,Morice Michael Abraham,8,0,51.5417,Right Wing,0.0,0.0,0.0,0.0,0.0,0.0,0.0,0.0,0.0,1.0,0.0,12.0,4.0,0.0
3920394,4953,Tanzania,389092,Ibrahim Abdallah Hamad,Ibrahim Abdallah Hamad,4,1,99.5891,Left Center Back,0.0,0.0,0.0,0.0,0.0,0.0,0.0,0.0,2.0,8.0,0.0,11.0,8.0,4.0
3920395,4881,Congo DR,3044,Chancel Mbemba,Chancel Mbemba Mangulu,22,1,100.1276,Right Center Back,0.0,0.0,0.0,0.0,0.0,0.0,1.0,0.0,0.0,0.0,0.0,6.0,6.0,1.0
3920395,4881,Congo DR,3130,Gaël Kakuta,Gaël Kakuta,14,1,74.0695,Center Attacking Midfield,5.0,0.0,0.2324,5.0,0.0,0.2324,4.0,0.0,0.0,0.0,0.0,8.0,1.0,0.0
3920395,4881,Congo DR,3587,Arthur Masuaku,Arthur Masuaku,26,1,100.1276,Left Back,3.0,0.0,0.1092,3.0,0.0,0.1092,0.0,0.0,2.0,2.0,0.0,5.0,13.0,3.0
3920395,4881,Congo DR,4412,Samuel Moutoussamy,Samuel Moutoussamy,8,1,100.1276,Left Defensive Midfield,0.0,0.0,0.0,0.0,0.0,0.0,1.0,0.0,1.0,2.0,0.0,12.0,3.0,0.0
3920395,4881,Congo DR,6862,Cédric Bakambu,Cédric Bakambu,17,1,84.4529,Center Forward,4.0,0.0,0.3492,4.0,0.0,0.3492,1.0,1.0,0.0,0.0,0.0,5.0,0.0,0.0
3920395,4881,Congo DR,7294,Yoane Wissa,Yoane Wissa,20,1,96.0195,Left Wing,6.0,1.0,1.3094,6.0,1.0,1.3094,3.0,0.0,0.0,0.0,0.0,6.0,6.0,2.0
3920395,4881,Congo DR,13329,Silas Katompa Mvumpa,Silas Katompa Mvumpa,11,0,3.9581,Right Wing,1.0,0.0,0.2261,1.0,0.0,0.2261,0.0,0.0,0.0,0.0,0.0,1.0,0.0,0.0
3920395,4881,Congo DR,23785,Théo Bongonda Mbul'Ofeko Batombo,Théo Bongonda Mbul'Ofeko Batombo,10,1,100.1276,Right Wing,4.0,0.0,0.1583,4.0,0.0,0.1583,4.0,0.0,0.0,1.0,0.0,7.0,8.0,2.0
3920395,4881,Congo DR,24826,Simon Banza,Simon Bokote Banza,23,0,15.6747,Center Forward,1.0,0.0,0.1537,1.0,0.0,0.1537,0.0,0.0,0.0,0.0,0.0,2.0,0.0,0.0
3920395,4881,Congo DR,28415,Charles Pickel,Charles Pickel,18,1,100.1276,Right Defensive Midfield,2.0,0.0,0.0822,2.0,0.0,0.0822,0.0,0.0,0.0,1.0,0.0,8.0,5.0,0.0
3920395,4881,Congo DR,30193,Gédéon Kalulu,Gedeon Kalulu Kyatengwa,24,1,100.1276,Right Back,1.0,0.0,0.0618,1.0,0.0,0.0618,3.0,0.0,1.0,4.0,1.0,9.0,6.0,2.0
3920395,4881,Congo DR,35413,Lionel Mpasi-Nzau,Lionel Mpasi-Nzau,1,1,100.1276,Goalkeeper,0.0,0.0,0.0,0.0,0.0,0.0,0.0,0.0,0.0,0.0,0.0,0.0,3.0,0.0
3920395,4881,Congo DR,35684,Meschak Elia,Meschak Elia,13,0,26.0581,Right Wing,0.0,0.0,0.0,0.0,0.0,0.0,2.0,0.0,1.0,0.0,0.0,4.0,1.0,0.0
3920395,4881,Congo DR,105946,Henoc Inonga Baka,Henoc Inonga Baka,2,1,100.1276,Left Center Back,0.0,0.0,0.0,0.0,0.0,0.0,1.0,0.0,1.0,3.0,1.0,8.0,4.0,2.0
3920395,4963,Zambia,8785,Patson Daka,Patson Daka,20,1,99.3943,Center Forward,1.0,0.0,0.0545,1.0,0.0,0.0545,1.0,1.0,1.0,1.0,0.0,17.0,1.0,1.0
3920395,4963,Zambia,23203,Stopilla Sunzu,Stopilla Sunzu,13,1,100.1276,Right Center Back,0.0,0.0,0.0,0.0,0.0,0.0,0.0,0.0,3.0,10.0,0.0,3.0,3.0,4.0
3920395,4963,Zambia,23260,Emmanuel Banda,Emmanuel Justine Rabby Banda,12,1,100.1276,Left Defensive Midfield,0.0,0.0,0.0,0.0,0.0,0.0,0.0,0.0,2.0,1.0,0.0,4.0,4.0,1.0
3920395,4963,Zambia,23420,Lubambo Musonda,Lubambo Musonda,8,1,78.7862,Right Midfield,0.0,0.0,0.0,0.0,0.0,0.0,1.0,0.0,1.0,1.0,1.0,11.0,0.0,0.0
3920395,4963,Zambia,23708,Fashion Sakala,Fashion Sakala,10,1,100.1276,Left Midfield,0.0,0.0,0.0,0.0,0.0,0.0,0.0,0.0,3.0,0.0,0.0,28.0,4.0,1.0
3920395,4963,Zambia,44402,Kings Kangwa,Kings Kangwa,22,1,96.6195,Right Center Midfield,2.0,1.0,0.0419,2.0,1.0,0.0419,0.0,0.0,1.0,1.0,0.0,10.0,5.0,2.0
3920395,4963,Zambia,44751,Lameck Banda,Lameck Banda,9,0,21.3414,Left Wing,0.0,0.0,0.0,0.0,0.0,0.0,0.0,0.0,0.0,0.0,0.0,3.0,1.0,0.0
3920395,4963,Zambia,47979,Frankie Musonda,Frankie Musonda,4,1,100.1276,Left Center Back,0.0,0.0,0.0,0.0,0.0,0.0,0.0,0.0,6.0,5.0,0.0,8.0,1.0,0.0
3920395,4963,Zambia,68505,Roderick Kabwe,Roderick Kabwe,23,1,100.1276,Left Back,0.0,0.0,0.0,0.0,0.0,0.0,0.0,0.0,3.0,3.0,0.0,9.0,2.0,3.0
3920395,4963,Zambia,108291,Tandi Mwape,Tandi Mwape,26,1,100.1276,Right Back,0.0,0.0,0.0,0.0,0.0,0.0,1.0,0.0,4.0,2.0,0.0,2.0,1.0,1.0
3920395,4963,Zambia,108292,Larry Bwalya,Larry Bwalya,11,0,3.5081,Center Attacking Midfield,0.0,0.0,0.0,0.0,0.0,0.0,0.0,0.0,0.0,0.0,0.0,3.0,0.0,1.0
3920395,4963,Zambia,151066,Kelvin Kapumbu,Kelvin Kapumbu,15,1,100.1276,Right Defensive Midfield,0.0,0.0,0.0,0.0,0.0,0.0,0.0,0.0,1.0,3.0,0.0,6.0,2.0,2.0
3920395,4963,Zambia,389156,Tresford Lawrence Mulenga,Tresford Lawrence Mulenga,16,1,100.1276,Goalkeeper,0.0,0.0,0.0,0.0,0.0,0.0,0.0,0.0,0.0,0.0,0.0,0.0,3.0,0.0
3920397,4894,Guinea-Bissau,10323,Alfa Semedo,Alfa Semedo Esteves,8,1,91.4074,Right Center Midfield,2.0,0.0,0.0449,2.0,0.0,0.0449,0.0,0.0,1.0,1.0,0.0,16.0,4.0,3.0
3920397,4894,Guinea-Bissau,10854,Dálcio,Euciodálcio Gomes,7,0,21.0841,Right Center Midfield,0.0,0.0,0.0,0.0,0.0,0.0,2.0,1.0,0.0,0.0,0.0,4.0,0.0,1.0
3920397,4894,Guinea-Bissau,12064,Mama Baldé,Mama Samba Baldé,17,1,68.8574,Left Wing,2.0,0.0,0.0708,2.0,0.0,0.0708,0.0,0.0,0.0,1.0,0.0,4.0,3.0,0.0
3920397,4894,Guinea-Bissau,12175,Carlos Gomes,Carlos Mendes Gomes,13,0,35.3008,Left Wing,0.0,0.0,0.0,0.0,0.0,0.0,0.0,0.0,0.0,0.0,0.0,5.0,2.0,1.0
3920397,4894,Guinea-Bissau,18651,Carlos Mané,Carlos Manuel Cardoso Mané,10,0,12.9174,Left Center Midfield,0.0,0.0,0.0,0.0,0.0,0.0,0.0,0.0,0.0,0.0,0.0,2.0,0.0,1.0
3920397,4894,Guinea-Bissau,24909,Moreto Cassamã,Moreto Moro Cassamã,16,1,69.024,Left Center Midfield,0.0,0.0,0.0,0.0,0.0,0.0,2.0,0.0,2.0,0.0,0.0,19.0,1.0,3.0
3920397,4894,Guinea-Bissau,25056,Marcelo Djaló,Marcelo Amado Djaló Taritolay,4,1,104.3248,Right Center Back,1.0,0.0,0.042,1.0,0.0,0.042,0.0,0.0,2.0,2.0,1.0,6.0,1.0,1.0
3920397,4894,Guinea-Bissau,30104,Sori Mané,Manconi Soriano Mané,20,1,104.3248,Left Center Back,0.0,0.0,0.0,0.0,0.0,0.0,0.0,0.0,1.0,4.0,1.0,3.0,1.0,0.0
3920397,4894,Guinea-Bissau,32433,Jefferson Encada,Jefferson Anilson Silva Encada,15,1,104.3248,Right Back,1.0,0.0,0.0232,1.0,0.0,0.0232,2.0,0.0,2.0,2.0,1.0,7.0,7.0,0.0
3920397,4894,Guinea-Bissau,36552,Ouparine Djoco,Ouparine Djoco,12,1,104.3248,Goalkeeper,0.0,0.0,0.0,0.0,0.0,0.0,0.0,0.0,0.0,0.0,0.0,0.0,1.0,0.0
3920397,4894,Guinea-Bissau,36813,Janio Bikel,Janio Bikel Figueiredo Silva,19,1,104.3248,Center Defensive Midfield,0.0,0.0,0.0,0.0,0.0,0.0,0.0,0.0,1.0,3.0,1.0,17.0,1.0,0.0
3920397,4894,Guinea-Bissau,41052,Fali Candé,Fali Candé,2,1,104.3248,Left Back,1.0,0.0,0.0086,1.0,0.0,0.0086,1.0,0.0,2.0,2.0,0.0,3.0,2.0,0.0
3920397,4894,Guinea-Bissau,43007,Mauro Rodrigues,Mauro Daniel Rodrigues Teixeira,14,1,83.2407,Right Wing,2.0,0.0,0.061,2.0,0.0,0.061,0.0,0.0,1.0,0.0,1.0,8.0,3.0,1.0
3920397,4894,Guinea-Bissau,143863,Franculino Djú,Franculino Gluda Djú,3,1,82.8574,Center Forward,1.0,0.0,0.15,1.0,0.0,0.15,0.0,0.0,1.0,0.0,0.0,26.0,4.0,2.0
3920397,4894,Guinea-Bissau,380983,Zé Turbo,José Correia,24,0,21.4674,Center Forward,1.0,1.0,0.2197,1.0,1.0,0.2197,0.0,0.0,1.0,0.0,0.0,7.0,0.0,0.0
3920397,4894,Guinea-Bissau,391434,Marciano Sanca,Marciano Sanca Tchami,11,0,35.4674,Right Wing,1.0,0.0,0.4143,1.0,0.0,0.4143,0.0,0.0,2.0,0.0,0.0,9.0,3.0,1.0
3920397,4992,Equatorial Guinea,13581,Emilio Nsue,Emilio Nsue López,10,1,89.5407,Center Forward,3.0,3.0,1.5286,3.0,3.0,1.5286,0.0,0.0,0.0,2.0,0.0,9.0,0.0,1.0
3920397,4992,Equatorial Guinea,17618,Carlos Akapo,Carlos Akapo Martínez,15,1,85.224,Right Back,0.0,0.0,0.0,0.0,0.0,0.0,1.0,0.0,4.0,2.0,0.0,15.0,2.0,2.0
3920397,4992,Equatorial Guinea,23559,Pepín Machín,José Ndong Machín Dicombo,7,1,104.3248,Center Attacking Midfield,1.0,0.0,0.0192,1.0,0.0,0.0192,2.0,1.0,2.0,0.0,0.0,17.0,2.0,1.0
3920397,4992,Equatorial Guinea,30423,Ibán Salvador,Ibán Salvador Edu,6,1,85.224,Right Wing,0.0,0.0,0.0,0.0,0.0,0.0,0.0,0.0,2.0,0.0,1.0,21.0,2.0,2.0
3920397,4992,Equatorial Guinea,34845,Federico Bikoro Akieme Nchama,Federico Bikoro Akieme Nchama,4,1,104.3248,Right Defensive Midfield,1.0,0.0,0.0323,1.0,0.0,0.0323,1.0,0.0,4.0,2.0,1.0,17.0,6.0,2.0
3920397,4992,Equatorial Guinea,40128,Jannick Buyla,Jannick Buyla Sam,8,0,19.1008,Left Defensive Midfield,0.0,0.0,0.0,0.0,0.0,0.0,0.0,0.0,0.0,1.0,1.0,4.0,1.0,0.0
3920397,4992,Equatorial Guinea,41134,Marvin Anieboh,Marvin José Anieboh Pallaruelo,3,0,19.1008,Right Back,0.0,0.0,0.0,0.0,0.0,0.0,0.0,0.0,0.0,0.0,0.0,2.0,0.0,0.0
3920397,4992,Equatorial Guinea,52324,Saúl Coco,Saúl Basilio Coco-Bassey Oubiña,16,1,104.3248,Left Center Back,0.0,0.0,0.0,0.0,0.0,0.0,0.0,0.0,2.0,4.0,0.0,10.0,3.0,4.0
3920397,4992,Equatorial Guinea,105762,Josete Miranda,José Antonio Miranda Boacho,17,1,85.224,Left Wing,3.0,1.0,0.1974,3.0,1.0,0.1974,0.0,0.0,1.0,1.0,1.0,10.0,4.0,1.0
3920397,4992,Equatorial Guinea,105764,Basilio Ndong,Basilio Ndong Owono Nchamaaa,11,1,104.3248,Left Back,0.0,0.0,0.0,0.0,0.0,0.0,1.0,1.0,6.0,2.0,0.0,19.0,3.0,2.0
3920397,4992,Equatorial Guinea,105765,Jesús Owono,Jesús Lázaro Owono Ngua Akeng,1,1,104.3248,Goalkeeper,0.0,0.0,0.0,0.0,0.0,0.0,1.0,1.0,0.0,0.0,0.0,0.0,5.0,0.0
3920397,4992,Equatorial Guinea,105942,Pablo Ganet,Pablo Ganet Cómitre,22,1,76.6074,Left Defensive Midfield,0.0,0.0,0.0,0.0,0.0,0.0,1.0,1.0,2.0,2.0,0.0,13.0,3.0,0.0
3920397,4992,Equatorial Guinea,136298,Santiago Eneme,Santiago Eneme Bocari,20,0,25.9674,Left Wing,0.0,0.0,0.0,0.0,0.0,0.0,0.0,0.0,2.0,1.0,0.0,6.0,0.0,0.0
3920397,4992,Equatorial Guinea,136414,Luis Nlavo,Luis Miguel Nlavo Asue,19,0,19.1008,Right Wing,0.0,0.0,0.0,0.0,0.0,0.0,0.0,0.0,0.0,1.0,0.0,10.0,2.0,0.0
3920397,4992,Equatorial Guinea,349594,Noé Ela Mangue,Noé Ela Mangue,18,0,14.7841,Center Forward,0.0,0.0,0.0,0.0,0.0,0.0,0.0,0.0,1.0,0.0,0.0,1.0,0.0,0.0
3920397,4992,Equatorial Guinea,482851,Esteban Fernández,Esteban Orozco Fernández,21,1,104.3248,Right Center Back,0.0,0.0,0.0,0.0,0.0,0.0,0.0,0.0,1.0,7.0,1.0,7.0,2.0,3.0
3920398,3374,Côte d'Ivoire,3013,Nicolas Pépé,Nicolas Pépé,19,0,33.3938,Center Forward,0.0,0.0,0.0,0.0,0.0,0.0,2.0,0.0,0.0,0.0,0.0,3.0,1.0,0.0
3920398,3374,Côte d'Ivoire,3017,Ibrahim Sangaré,Ibrahim Sangaré,18,1,102.4045,Center Defensive Midfield,2.0,0.0,0.0134,2.0,0.0,0.0134,1.0,0.0,3.0,1.0,0.0,12.0,2.0,1.0
3920398,3374,Côte d'Ivoire,3481,Serge Aurier,Serge Aurier,17,1,68.6106,Right Back,0.0,0.0,0.0,0.0,0.0,0.0,0.0,0.0,1.0,2.0,0.0,6.0,2.0,3.0
3920398,3374,Côte d'Ivoire,4256,Jonathan Bamba,Jonathan Bamba,9,0,33.0272,Left Wing Back,0.0,0.0,0.0,0.0,0.0,0.0,1.0,0.0,0.0,1.0,0.0,4.0,3.0,1.0
3920398,3374,Côte d'Ivoire,4909,Jérémie Boga,Jeremie Boga,13,1,69.0106,Left Wing,0.0,0.0,0.0,0.0,0.0,0.0,1.0,0.0,0.0,1.0,0.0,4.0,1.0,1.0
3920398,3374,Côte d'Ivoire,7023,Franck Kessié,Franck Yannick Kessié,8,1,102.4045,Left Center Midfield,0.0,0.0,0.0,0.0,0.0,0.0,3.0,0.0,0.0,0.0,1.0,11.0,5.0,2.0
3920398,3374,Côte d'Ivoire,7713,Evan N'Dicka,Obite Evan Ndicka,21,1,102.4045,Left Center Back,3.0,0.0,0.1765,3.0,0.0,0.1765,1.0,0.0,1.0,2.0,0.0,7.0,0.0,0.0
3920398,3374,Côte d'Ivoire,7791,Seko Fofana,Seko Fofana,6,1,102.4045,Right Center Midfield,5.0,0.0,0.0995,5.0,0.0,0.0995,0.0,0.0,1.0,1.0,0.0,4.0,4.0,0.0
3920398,3374,Côte d'Ivoire,10039,Ghislain Konan,Ghislain Konan,3,1,82.4106,Left Back,0.0,0.0,0.0,0.0,0.0,0.0,1.0,0.0,3.0,2.0,2.0,6.0,3.0,2.0
3920398,3374,Côte d'Ivoire,12496,Christian Kouamé,Christian Kouamé,20,1,69.3773,Right Wing,2.0,0.0,0.2501,2.0,0.0,0.2501,1.0,0.0,1.0,0.0,0.0,6.0,4.0,0.0
3920398,3374,Côte d'Ivoire,36539,Wilfried Stephane Singo,Wilfried Stephane Singo,5,0,33.5772,Right Center Back,0.0,0.0,0.0,0.0,0.0,0.0,0.0,0.0,0.0,1.0,1.0,3.0,1.0,1.0
3920398,3374,Côte d'Ivoire,36629,Yahia Fofana,Yahia Fofana,1,1,102.4045,Goalkeeper,0.0,0.0,0.0,0.0,0.0,0.0,0.0,0.0,0.0,0.0,0.0,0.0,3.0,0.0
3920398,3374,Côte d'Ivoire,43072,Jean-Philippe Krasso,Jean-Philippe Krasso,11,1,86.794,Center Forward,1.0,0.0,0.0465,1.0,0.0,0.0465,0.0,0.0,0.0,3.0,0.0,7.0,3.0,1.0
3920398,3374,Côte d'Ivoire,136074,Karim Konaté,Karim Konaté,10,0,15.6105,Right Attacking Midfield,0.0,0.0,0.0,0.0,0.0,0.0,0.0,0.0,1.0,0.0,0.0,1.0,1.0,0.0
3920398,3374,Côte d'Ivoire,196109,Ousmane Diomande,Ousmane Diomande,2,1,102.4045,Right Center Back,1.0,0.0,0.0212,1.0,0.0,0.0212,0.0,0.0,1.0,3.0,0.0,9.0,5.0,0.0
3920398,3374,Côte d'Ivoire,212489,Oumar Diakité,Oumar Diakité,14,0,19.9938,Right Wing Back,0.0,0.0,0.0,0.0,0.0,0.0,0.0,0.0,2.0,0.0,0.0,5.0,4.0,0.0
3920398,775,Nigeria,3447,Ademola Lookman,Ademola Lookman,18,1,81.7273,Left Wing,1.0,0.0,0.0251,1.0,0.0,0.0251,2.0,0.0,1.0,0.0,1.0,13.0,2.0,1.0
3920398,775,Nigeria,3647,Alex Iwobi,Alex Iwobi,17,1,102.4045,Left Defensive Midfield,0.0,0.0,0.0,0.0,0.0,0.0,0.0,0.0,3.0,3.0,0.0,10.0,4.0,0.0
3920398,775,Nigeria,3806,Bright Samuel,Bright Osayi-Samuel,12,0,20.6772,Right Wing,1.0,0.0,0.0673,1.0,0.0,0.0673,0.0,0.0,0.0,0.0,1.0,0.0,1.0,0.0
3920398,775,Nigeria,3923,Semi Ajayi,Oluwasemilogo Adesewo Ibidapo Ajayi,6,1,102.4045,Right Center Back,0.0,0.0,0.0,0.0,0.0,0.0,0.0,0.0,2.0,4.0,0.0,5.0,4.0,0.0
3920398,775,Nigeria,5455,William Troost-Ekong,William Troost-Ekong,5,1,101.6712,Center Back,1.0,1.0,0.7835,0.0,0.0,0.0,0.0,0.0,2.0,5.0,1.0,4.0,2.0,2.0
3920398,775,Nigeria,5830,Kenneth Omeruo,Kenneth Josiah Omeruo,22,0,20.3105,Right Center Back,0.0,0.0,0.0,0.0,0.0,0.0,0.0,0.0,0.0,2.0,0.0,1.0,0.0,0.0
3920398,775,Nigeria,11277,Victor Osimhen,Victor James Osimhen,9,1,90.044,Center Forward,3.0,0.0,0.3816,3.0,0.0,0.3816,0.0,0.0,1.0,1.0,0.0,8.0,3.0,0.0
3920398,775,Nigeria,11492,Ola Aina,Temitayo Olufisayo Olaoluwa Aina,2,1,102.4045,Right Wing Back,0.0,0.0,0.0,0.0,0.0,0.0,1.0,0.0,2.0,3.0,0.0,12.0,2.0,5.0
3920398,775,Nigeria,16335,Samuel Chukwueze,Samuel Chimerenka Chukwueze,11,1,74.7606,Right Wing,1.0,0.0,0.0512,1.0,0.0,0.0512,1.0,0.0,1.0,0.0,1.0,3.0,0.0,0.0
3920398,775,Nigeria,18163,Moses Simon,Moses Daddy-Ajala Simon,15,0,27.6438,Left Wing,0.0,0.0,0.0,0.0,0.0,0.0,0.0,0.0,2.0,0.0,1.0,8.0,0.0,0.0
3920398,775,Nigeria,24467,Frank Onyeka,Frank Onyeka,8,1,102.4045,Right Defensive Midfield,2.0,0.0,0.0784,2.0,0.0,0.0784,0.0,0.0,1.0,4.0,2.0,9.0,8.0,2.0
3920398,775,Nigeria,24478,Paul Onuachu,Paul Onuachu,19,0,12.3605,Center Forward,0.0,0.0,0.0,0.0,0.0,0.0,0.0,0.0,0.0,0.0,0.0,2.0,1.0,0.0
3920398,775,Nigeria,31949,Zaidu Sanusi,Zaidu Sanusi,3,1,81.744,Left Wing Back,1.0,0.0,0.0307,1.0,0.0,0.0307,2.0,0.0,0.0,2.0,0.0,12.0,2.0,4.0
3920398,775,Nigeria,43779,Calvin Bassey,Calvin Bassey Ughelumba,21,1,102.1545,Left Center Back,1.0,0.0,0.1578,1.0,0.0,0.1578,0.0,0.0,5.0,5.0,0.0,16.0,3.0,4.0
3920398,775,Nigeria,358410,Stanley Bobo Nwabali,Stanley Bobo Nwabali,23,1,102.4045,Goalkeeper,0.0,0.0,0.0,0.0,0.0,0.0,0.0,0.0,0.0,0.0,0.0,0.0,4.0,0.0
3920396,4885,Ghana,2989,Alexander Djiku,Alexander Djiku,23,1,102.0532,Right Center Back,0.0,0.0,0.0,0.0,0.0,0.0,0.0,0.0,2.0,11.0,2.0,10.0,2.0,2.0
3920396,4885,Ghana,3450,Jordan Ayew,Jordan Ayew,9,1,102.0532,Left Wing,0.0,0.0,0.0,0.0,0.0,0.0,1.0,0.0,3.0,2.0,0.0,27.0,6.0,0.0
3920396,4885,Ghana,6393,Iñaki Williams,Iñaki Williams Arthuer,19,1,76.9774,Right Wing,0.0,0.0,0.0,0.0,0.0,0.0,0.0,0.0,0.0,2.0,1.0,10.0,3.0,0.0
3920396,4885,Ghana,9286,Antoine Semenyo,Antoine Semenyo,25,1,102.0532,Center Forward,1.0,0.0,0.0378,1.0,0.0,0.0378,0.0,0.0,1.0,0.0,0.0,23.0,2.0,0.0
3920396,4885,Ghana,9859,Elisha Owusu,Elisha Owusu,15,0,8.6925,Left Defensive Midfield,0.0,0.0,0.0,0.0,0.0,0.0,0.0,0.0,0.0,0.0,0.0,1.0,0.0,0.0
3920396,4885,Ghana,12259,Denis Odoi,Denis Odoi,3,1,102.0532,Right Back,0.0,0.0,0.0,0.0,0.0,0.0,1.0,1.0,2.0,7.0,0.0,14.0,1.0,1.0
3920396,4885,Ghana,16546,Joseph Paintsil,Joseph Paintsil,13,0,8.9425,Right Wing,0.0,0.0,0.0,0.0,0.0,0.0,0.0,0.0,0.0,0.0,0.0,1.0,0.0,0.0
3920396,4885,Ghana,17033,Mohammed Kudus,Mohammed Kudus,20,1,102.0532,Center Attacking Midfield,4.0,2.0,0.1749,4.0,2.0,0.1749,1.0,0.0,0.0,0.0,0.0,10.0,2.0,1.0
3920396,4885,Ghana,23615,Gideon Mensah,Gideon Mensah,14,1,102.0532,Left Back,0.0,0.0,0.0,0.0,0.0,0.0,0.0,0.0,1.0,6.0,0.0,17.0,5.0,3.0
3920396,4885,Ghana,24087,Iddrisu Baba,Iddrisu Baba Mohammed,26,0,35.4092,Right Defensive Midfield,1.0,0.0,0.2133,1.0,0.0,0.2133,0.0,0.0,1.0,1.0,0.0,7.0,1.0,1.0
3920396,4885,Ghana,30519,Mohamed Salisu,Mohamed Salisu,6,1,102.0532,Left Center Back,0.0,0.0,0.0,0.0,0.0,0.0,0.0,0.0,2.0,6.0,0.0,6.0,2.0,1.0
3920396,4885,Ghana,30693,Majeed Ashimeru,Majeed Ashimeru,8,1,66.6441,Right Defensive Midfield,0.0,0.0,0.0,0.0,0.0,0.0,1.0,0.0,1.0,0.0,4.0,17.0,3.0,2.0
3920396,4885,Ghana,31029,Salis Abdul Samed,Salis Abdul Samed,21,1,92.6941,Left Defensive Midfield,0.0,0.0,0.0,0.0,0.0,0.0,1.0,1.0,2.0,1.0,1.0,16.0,7.0,2.0
3920396,4885,Ghana,44225,Osman Bukari,Osman Bukari,11,0,16.1333,Right Wing,0.0,0.0,0.0,0.0,0.0,0.0,0.0,0.0,0.0,0.0,1.0,3.0,1.0,0.0
3920396,4885,Ghana,68757,Richard Ofori Antwi,Richard Ofori Antwi,1,1,102.0532,Goalkeeper,0.0,0.0,0.0,0.0,0.0,0.0,0.0,0.0,0.0,0.0,0.0,1.0,5.0,0.0
3920396,774,Egypt,3531,Mohamed Salah,Mohamed Salah,10,1,46.5833,Right Wing,0.0,0.0,0.0,0.0,0.0,0.0,0.0,0.0,2.0,0.0,0.0,5.0,1.0,0.0
3920396,774,Egypt,3568,Mohamed Elneny,Mohamed Naser Elsayed Elneny,17,1,72.0607,Center Defensive Midfield,0.0,0.0,0.0,0.0,0.0,0.0,0.0,0.0,0.0,0.0,0.0,14.0,3.0,0.0
3920396,774,Egypt,4063,Ahmed Hegazy,Ahmed Elsayed Ali Elsayed Hegazy,6,1,102.0532,Right Center Back,0.0,0.0,0.0,0.0,0.0,0.0,0.0,0.0,1.0,5.0,2.0,11.0,4.0,1.0
3920396,774,Egypt,5261,Trézéguet,Mahmoud Ibrahim Hassan,7,0,29.9925,Left Midfield,1.0,0.0,0.018,1.0,0.0,0.018,1.0,1.0,2.0,0.0,0.0,6.0,1.0,1.0
3920396,774,Egypt,5265,Mohamed El Shenawy,Mohamed El Sayed Mohamed El Shenawy Gomaa,16,1,102.0532,Goalkeeper,0.0,0.0,0.0,0.0,0.0,0.0,0.0,0.0,0.0,0.0,0.0,0.0,2.0,0.0
3920396,774,Egypt,40761,Omar Marmoush,Omar Marmoush,22,1,94.5441,Left Wing,4.0,1.0,0.5666,4.0,1.0,0.5666,3.0,0.0,0.0,1.0,2.0,9.0,4.0,1.0
3920396,774,Egypt,66886,Mostafa Mohamed,Mostafa Mohamed Ahmed Abdallah,19,1,102.0532,Center Forward,2.0,1.0,0.4115,2.0,1.0,0.4115,0.0,0.0,3.0,1.0,0.0,14.0,2.0,1.0
3920396,774,Egypt,66887,Hamdi Fathi,Hamdi Fathi,5,1,102.0532,Right Center Midfield,1.0,0.0,0.0678,1.0,0.0,0.0678,1.0,0.0,2.0,1.0,2.0,29.0,3.0,3.0
3920396,774,Egypt,67742,Emam Ashour,Emam Ashour Metwally Abdelghany,8,1,102.0532,Left Center Midfield,2.0,0.0,0.1014,2.0,0.0,0.1014,1.0,0.0,3.0,3.0,2.0,26.0,7.0,4.0
3920396,774,Egypt,68755,Mostafa Fathi,Mostafa Fathi,18,0,55.4699,Right Wing,0.0,0.0,0.0,0.0,0.0,0.0,1.0,0.0,1.0,0.0,0.0,12.0,1.0,2.0
3920396,774,Egypt,69563,Mohamed Abdel Monem,Mohamed Abdelmonem,24,1,102.0532,Left Center Back,1.0,0.0,0.0383,1.0,0.0,0.0383,0.0,0.0,1.0,3.0,1.0,6.0,2.0,2.0
3920396,774,Egypt,70682,Marwan Attia,Marwan Attia Fahim Ghallab,14,0,7.5092,Center Defensive Midfield,0.0,0.0,0.0,0.0,0.0,0.0,1.0,0.0,0.0,1.0,1.0,2.0,0.0,0.0
3920396,774,Egypt,70783,Omar Kamal,Omar Kamal Abdel Wahed,4,1,102.0532,Right Back,0.0,0.0,0.0,0.0,0.0,0.0,0.0,0.0,0.0,3.0,0.0,17.0,2.0,3.0
3920396,774,Egypt,70835,Mohamed Hamdy,Mohamed Hamdy Sharaf,12,1,102.0532,Left Back,0.0,0.0,0.0,0.0,0.0,0.0,1.0,0.0,2.0,4.0,3.0,4.0,3.0,0.0
3920399,4978,Mozambique,3250,Mexer,Edson André Sitoe,17,1,101.3473,Right Center Back,0.0,0.0,0.0,0.0,0.0,0.0,0.0,0.0,0.0,1.0,2.0,7.0,7.0,2.0
3920399,4978,Mozambique,10848,Reinildo Mandava,Reinildo Isnard Mandava,15,1,101.3473,Left Center Back,0.0,0.0,0.0,0.0,0.0,0.0,0.0,0.0,0.0,0.0,2.0,11.0,9.0,1.0
3920399,4978,Mozambique,10865,Witi,Witiness Chimoio João Quembo,19,1,51.1078,Left Attacking Midfield,1.0,0.0,0.0143,1.0,0.0,0.0143,0.0,0.0,1.0,0.0,0.0,5.0,2.0,1.0
3920399,4978,Mozambique,23706,Alfons Amade,Alfons Amade,16,1,72.5912,Right Defensive Midfield,0.0,0.0,0.0,0.0,0.0,0.0,0.0,0.0,1.0,0.0,0.0,7.0,4.0,1.0
3920399,4978,Mozambique,29482,Ricardo Guimarães,Ricardo Martins Guimarães,21,1,101.3473,Left Defensive Midfield,1.0,0.0,0.0485,1.0,0.0,0.0485,0.0,0.0,2.0,0.0,0.0,18.0,8.0,1.0
3920399,4978,Mozambique,65742,Edmilson Gabriel Dove,Edmilson Gabriel Dove,8,1,101.3473,Center Back,0.0,0.0,0.0,0.0,0.0,0.0,1.0,0.0,3.0,2.0,1.0,6.0,8.0,1.0
3920399,4978,Mozambique,106068,Gildo Lourenço,Gildo Lourenço Vilanculos,18,0,17.7394,Left Wing Back,0.0,0.0,0.0,0.0,0.0,0.0,0.0,0.0,1.0,1.0,0.0,2.0,0.0,1.0
3920399,4978,Mozambique,106070,Bruno Langa,Bruno Alberto Langa,5,1,83.6078,Left Wing Back,2.0,0.0,0.0284,2.0,0.0,0.0284,2.0,0.0,1.0,1.0,1.0,5.0,1.0,2.0
3920399,4978,Mozambique,106074,Dominguês,Elias Gaspar Pelembe,7,0,50.2394,Left Attacking Midfield,0.0,0.0,0.0,0.0,0.0,0.0,1.0,0.0,0.0,0.0,1.0,10.0,4.0,2.0
3920399,4978,Mozambique,106082,Lau King,Pachoio Lau Há King,9,0,50.2394,Center Forward,1.0,0.0,0.029,1.0,0.0,0.029,0.0,0.0,0.0,0.0,0.0,5.0,0.0,0.0
3920399,4978,Mozambique,127300,Geny Cipriano Catamo,Geny Cipriano Catamo,20,1,101.3473,Right Attacking Midfield,2.0,0.0,0.0938,2.0,0.0,0.0938,0.0,0.0,0.0,0.0,2.0,4.0,1.0,1.0
3920399,4978,Mozambique,127547,Stanley Ratifo,Stanley Ratifo,13,1,51.1078,Center Forward,0.0,0.0,0.0,0.0,0.0,0.0,0.0,0.0,2.0,0.0,0.0,4.0,1.0,0.0
3920399,4978,Mozambique,136064,Ernan Alberto Siluane,Ernan Alberto Siluane,1,1,101.3473,Goalkeeper,0.0,0.0,0.0,0.0,0.0,0.0,0.0,0.0,0.0,0.0,0.0,0.0,3.0,0.0
3920399,4978,Mozambique,136069,Shaquille Momad Nangy,Shaquille Momad Nangy,23,0,28.7561,Left Defensive Midfield,0.0,0.0,0.0,0.0,0.0,0.0,1.0,0.0,0.0,0.0,0.0,3.0,1.0,2.0
3920399,4978,Mozambique,389641,Domingos Macandza,Domingos João Macandza,14,1,83.7078,Right Wing Back,1.0,0.0,0.117,1.0,0.0,0.117,0.0,0.0,0.0,0.0,1.0,8.0,2.0,1.0
3920399,4978,Mozambique,417067,Nanani,Infren David da Conceição Matola,2,0,17.6394,Right Wing Back,0.0,0.0,0.0,0.0,0.0,0.0,0.0,0.0,1.0,0.0,0.0,4.0,1.0,0.0
3920399,4924,Cape Verde Islands,7197,Steven Moreira,Steven Moreira,23,1,80.1245,Right Back,0.0,0.0,0.0,0.0,0.0,0.0,0.0,0.0,0.0,0.0,1.0,6.0,2.0,4.0
3920399,4924,Cape Verde Islands,7753,Jamiro Monteiro,Jamiro Gregory Monteiro Alvarenga,10,1,85.8412,Left Center Midfield,0.0,0.0,0.0,0.0,0.0,0.0,0.0,0.0,2.0,1.0,1.0,17.0,1.0,1.0
3920399,4924,Cape Verde Islands,7900,Bebé,Tiago Manuel Dias Correia,21,1,63.9745,Center Forward,3.0,1.0,0.062,3.0,1.0,0.062,0.0,0.0,1.0,0.0,1.0,9.0,1.0,1.0
3920399,4924,Cape Verde Islands,8349,Deroy Duarte,Deroy Duarte,14,1,85.7912,Right Center Midfield,2.0,0.0,0.1081,2.0,0.0,0.1081,1.0,1.0,3.0,0.0,0.0,12.0,0.0,3.0
3920399,4924,Cape Verde Islands,10598,Jovane Cabral,Jovane Eduardo Borges Cabral,7,1,80.2079,Left Midfield,1.0,0.0,0.0254,1.0,0.0,0.0254,0.0,0.0,1.0,0.0,0.0,16.0,5.0,2.0
3920399,4924,Cape Verde Islands,16001,Garry Rodrigues,Garry Mendes Rodrigues,11,0,21.2228,Right Midfield,2.0,0.0,0.0969,2.0,0.0,0.0969,0.0,0.0,0.0,0.0,0.0,3.0,0.0,0.0
3920399,4924,Cape Verde Islands,23301,Kenny Rocha Santos,Kenny Rocha Santos,18,0,15.5561,Right Center Midfield,0.0,0.0,0.0,0.0,0.0,0.0,0.0,0.0,0.0,0.0,0.0,3.0,1.0,0.0
3920399,4924,Cape Verde Islands,28413,Willy Afonso Semedo Johnson,Willy Afonso Semedo Johnson,17,0,37.3728,Right Back,0.0,0.0,0.0,0.0,0.0,0.0,2.0,0.0,1.0,1.0,0.0,6.0,0.0,1.0
3920399,4924,Cape Verde Islands,36271,R.Lopes,Roberto Lopes,4,1,101.3473,Left Center Back,0.0,0.0,0.0,0.0,0.0,0.0,0.0,0.0,1.0,8.0,0.0,9.0,1.0,5.0
3920399,4924,Cape Verde Islands,40485,Ryan Mendes,Ryan Isaac Mendes da Graça,20,1,101.214,Right Midfield,2.0,1.0,0.3002,2.0,1.0,0.3002,1.0,0.0,0.0,5.0,0.0,16.0,6.0,1.0
3920399,4924,Cape Verde Islands,45557,Logan Costa,Logan Costa,5,1,101.3473,Right Center Back,0.0,0.0,0.0,0.0,0.0,0.0,0.0,0.0,2.0,1.0,2.0,5.0,1.0,2.0
3920399,4924,Cape Verde Islands,105932,Vózinha,Josimar José Évora Dias,1,1,101.3473,Goalkeeper,0.0,0.0,0.0,0.0,0.0,0.0,0.0,0.0,0.0,0.0,0.0,0.0,7.0,0.0
3920399,4924,Cape Verde Islands,105936,Gilson Tavares,Gilson Benchimol Tavares,9,0,20.9728,Center Forward,0.0,0.0,0.0,0.0,0.0,0.0,0.0,0.0,0.0,0.0,0.0,5.0,1.0,0.0
3920399,4924,Cape Verde Islands,132800,Kevin Pina,Kevin Lenini Gonçalves Pereira de Pina,26,1,101.3473,Center Defensive Midfield,1.0,1.0,0.0065,1.0,1.0,0.0065,0.0,0.0,5.0,3.0,1.0,17.0,4.0,3.0
3920399,4924,Cape Verde Islands,133038,João Paulo Fernandes,João Paulo Moreira Fernandes,8,1,101.3473,Left Back,0.0,0.0,0.0,0.0,0.0,0.0,2.0,0.0,2.0,4.0,2.0,13.0,2.0,3.0
3920399,4924,Cape Verde Islands,179524,Cuca,Carlos Miguel Pereira Fernandes,13,0,15.5061,Left Center Midfield,0.0,0.0,0.0,0.0,0.0,0.0,0.0,0.0,3.0,0.0,0.0,5.0,4.0,1.0
3920400,787,Senegal,2941,Ismaïla Sarr,Ismaïla Sarr,18,1,84.8594,Right Midfield,1.0,1.0,0.0781,1.0,1.0,0.0781,1.0,1.0,0.0,1.0,0.0,12.0,2.0,0.0
3920400,787,Senegal,3436,Idrissa Gueye,Idrissa Gana Gueye,5,0,25.0834,Right Center Midfield,0.0,0.0,0.0,0.0,0.0,0.0,1.0,1.0,1.0,0.0,0.0,4.0,0.0,1.0
3920400,787,Senegal,3629,Sadio Mané,Sadio Mané,10,1,102.0929,Left Midfield,2.0,1.0,0.2043,2.0,1.0,0.2043,0.0,0.0,5.0,1.0,0.0,17.0,6.0,1.0
3920400,787,Senegal,5675,Kalidou Koulibaly,Kalidou Koulibaly,3,1,102.0929,Right Center Back,0.0,0.0,0.0,0.0,0.0,0.0,0.0,0.0,3.0,3.0,0.0,5.0,0.0,1.0
3920400,787,Senegal,7379,Edouard Mendy,Edouard Mendy,16,1,102.0929,Goalkeeper,0.0,0.0,0.0,0.0,0.0,0.0,0.0,0.0,0.0,0.0,0.0,0.0,9.0,0.0
3920400,787,Senegal,8553,Abdou Diallo,Abdou Diallo,22,1,102.0929,Left Center Back,1.0,0.0,0.074,1.0,0.0,0.074,0.0,0.0,2.0,2.0,1.0,4.0,1.0,0.0
3920400,787,Senegal,18516,Habib Diallo,Habibou Mouhamadou Diallo,20,1,84.0761,Center Forward,1.0,1.0,0.8748,1.0,1.0,0.8748,0.0,0.0,1.0,2.0,0.0,17.0,3.0,0.0
3920400,787,Senegal,20758,Krépin Diatta,Krépin Diatta,15,1,102.0929,Right Back,0.0,0.0,0.0,0.0,0.0,0.0,0.0,0.0,2.0,3.0,1.0,15.0,3.0,4.0
3920400,787,Senegal,21026,Pape Gueye,Pape Gueye,26,1,102.0929,Center Defensive Midfield,0.0,0.0,0.0,0.0,0.0,0.0,0.0,0.0,2.0,4.0,0.0,11.0,7.0,2.0
3920400,787,Senegal,31751,Pathé Ismaël Ciss,Pathé Ismaël Ciss,11,0,8.2001,Left Center Midfield,0.0,0.0,0.0,0.0,0.0,0.0,0.0,0.0,0.0,0.0,0.0,0.0,0.0,0.0
3920400,787,Senegal,32915,Ismail Jakobs,Ismail Jakobs,14,1,102.0929,Left Back,0.0,0.0,0.0,0.0,0.0,0.0,1.0,0.0,3.0,4.0,0.0,19.0,2.0,2.0
3920400,787,Senegal,50497,Nicolas Jackson,Nicolas Jackson,7,0,17.4001,Center Forward,0.0,0.0,0.0,0.0,0.0,0.0,0.0,0.0,0.0,0.0,0.0,6.0,0.0,0.0
3920400,787,Senegal,50498,Pape Sarr,Pape Matar Sarr,17,1,77.0094,Right Center Midfield,0.0,0.0,0.0,0.0,0.0,0.0,0.0,0.0,3.0,1.0,1.0,24.0,2.0,1.0
3920400,787,Senegal,80484,Iliman Ndiaye,Iliman Ndiaye,13,0,17.2334,Right Midfield,0.0,0.0,0.0,0.0,0.0,0.0,0.0,0.0,0.0,0.0,0.0,3.0,1.0,1.0
3920400,787,Senegal,392153,Lamine Camara,Lamine Camara,25,1,92.9095,Left Center Midfield,0.0,0.0,0.0,0.0,0.0,0.0,1.0,0.0,3.0,1.0,0.0,33.0,2.0,0.0
3920400,2722,Cameroon,3141,André Zambo Anguissa,André-Frank Zambo Anguissa,8,1,102.0929,Right Center Midfield,0.0,0.0,0.0,0.0,0.0,0.0,0.0,0.0,3.0,2.0,2.0,24.0,2.0,3.0
3920400,2722,Cameroon,3639,Georges-Kevin N'Koudou,Georges-Kévin Nkoudou Mbida,11,1,102.0929,Left Midfield,1.0,0.0,0.1163,1.0,0.0,0.1163,1.0,0.0,2.0,0.0,0.0,14.0,4.0,1.0
3920400,2722,Cameroon,7355,Olivier Kemen,Olivier Michel Kemen,6,1,102.0929,Left Center Midfield,1.0,0.0,0.0217,1.0,0.0,0.0217,0.0,0.0,2.0,0.0,0.0,20.0,3.0,0.0
3920400,2722,Cameroon,7426,Jean-Charles Castelletto,Jean-Charles Castelletto,21,1,102.0929,Right Center Back,1.0,1.0,0.0745,1.0,1.0,0.0745,1.0,0.0,3.0,5.0,1.0,8.0,4.0,3.0
3920400,2722,Cameroon,8064,André Onana,André Onana,24,1,102.0929,Goalkeeper,0.0,0.0,0.0,0.0,0.0,0.0,0.0,0.0,0.0,0.0,0.0,0.0,4.0,0.0
3920400,2722,Cameroon,10530,Olivier Ntcham,Jules Olivier Ntcham,22,0,19.7668,Center Defensive Midfield,0.0,0.0,0.0,0.0,0.0,0.0,1.0,1.0,0.0,0.0,0.0,3.0,3.0,0.0
3920400,2722,Cameroon,13454,Nouhou Tolo,Nouhou Tolo,5,1,102.0929,Left Back,1.0,0.0,0.0174,1.0,0.0,0.0174,0.0,0.0,3.0,5.0,1.0,11.0,5.0,1.0
3920400,2722,Cameroon,16015,Moumi Ngamaleu,Nicolas Moumi Ngamaleu,3,1,77.0261,Right Midfield,1.0,0.0,0.0186,1.0,0.0,0.0186,0.0,0.0,1.0,0.0,0.0,9.0,10.0,0.0
3920400,2722,Cameroon,34293,Faris Moumbagna,Faris Pemi Moumbagna,19,0,24.7168,Center Forward,0.0,0.0,0.0,0.0,0.0,0.0,0.0,0.0,0.0,0.0,0.0,2.0,0.0,0.0
3920400,2722,Cameroon,43073,Yvan Neyou,Yvan Neyou Noupa,17,1,82.3261,Center Defensive Midfield,0.0,0.0,0.0,0.0,0.0,0.0,0.0,0.0,1.0,1.0,0.0,13.0,1.0,1.0
3920400,2722,Cameroon,62627,Junior Tchamadeu,Junior Tchamadeu,14,0,7.5168,Right Back,0.0,0.0,0.0,0.0,0.0,0.0,0.0,0.0,0.0,0.0,0.0,3.0,0.0,1.0
3920400,2722,Cameroon,74588,Christopher Wooh,Christopher Wooh,4,1,102.0929,Left Center Back,0.0,0.0,0.0,0.0,0.0,0.0,0.0,0.0,2.0,4.0,0.0,14.0,4.0,1.0
3920400,2722,Cameroon,135043,Enzo Gianni Tchato Mbiayi,Enzo Gianni Tchato Mbiayi,26,1,94.5761,Right Back,0.0,0.0,0.0,0.0,0.0,0.0,0.0,0.0,4.0,1.0,1.0,14.0,1.0,0.0
3920400,2722,Cameroon,189348,Frank Magri,Frank Magri,9,1,102.0929,Center Forward,0.0,0.0,0.0,0.0,0.0,0.0,0.0,0.0,4.0,0.0,0.0,25.0,2.0,0.0
3920401,4892,Guinea,3138,Abdoulaye Touré,Abdoulaye Touré,23,1,100.2552,Right Defensive Midfield,0.0,0.0,0.0,0.0,0.0,0.0,1.0,0.0,1.0,0.0,3.0,11.0,8.0,4.0
3920401,4892,Guinea,4267,Mouctar Diakhaby,Mouctar Diakhaby,5,1,100.2552,Right Center Back,0.0,0.0,0.0,0.0,0.0,0.0,0.0,0.0,2.0,4.0,1.0,2.0,2.0,1.0
3920401,4892,Guinea,4352,Issiaga Sylla,Issiaga Sylla,3,1,100.2552,Left Back,1.0,0.0,0.0375,1.0,0.0,0.0375,1.0,0.0,0.0,2.0,1.0,9.0,3.0,2.0
3920401,4892,Guinea,7360,Julian Jeanvier,Julian Jeanvier,17,1,100.2552,Left Center Back,2.0,0.0,0.1578,2.0,0.0,0.1578,0.0,0.0,0.0,1.0,1.0,5.0,0.0,1.0
3920401,4892,Guinea,8012,José Kanté,José Kanté Martínez,24,0,6.8691,Center Forward,0.0,0.0,0.0,0.0,0.0,0.0,1.0,0.0,0.0,0.0,0.0,3.0,0.0,0.0
3920401,4892,Guinea,8284,Amadou Diawara,Amadou Diawara,6,0,13.3357,Left Defensive Midfield,0.0,0.0,0.0,0.0,0.0,0.0,1.0,0.0,0.0,0.0,0.0,0.0,0.0,0.0
3920401,4892,Guinea,8454,Mohamed Bayo,Mohamed Bayo,11,1,93.3861,Center Forward,3.0,0.0,0.3876,3.0,0.0,0.3876,0.0,0.0,0.0,1.0,0.0,10.0,1.0,1.0
3920401,4892,Guinea,8505,Naby Keïta,Naby Deco Keïta,8,0,21.5857,Center Attacking Midfield,1.0,0.0,0.1078,1.0,0.0,0.1078,0.0,0.0,1.0,0.0,0.0,4.0,2.0,2.0
3920401,4892,Guinea,39073,Ilaix Moriba,Moriba Kourouma Kourouma,10,1,86.9194,Left Defensive Midfield,1.0,0.0,0.0326,1.0,0.0,0.0326,1.0,0.0,1.0,0.0,1.0,7.0,6.0,1.0
3920401,4892,Guinea,39559,Aguibou Camara,Aguibou Camara,18,1,100.2552,Center Attacking Midfield,3.0,1.0,0.4487,3.0,1.0,0.4487,1.0,0.0,5.0,0.0,1.0,18.0,3.0,1.0
3920401,4892,Guinea,47351,Morgan Guilavogui,Morgan Guilavogui,7,1,78.6694,Right Wing,1.0,0.0,0.5931,1.0,0.0,0.5931,3.0,1.0,4.0,0.0,1.0,19.0,6.0,2.0
3920401,4892,Guinea,131849,Antoine Conte,Antoine Conte,2,0,13.0524,Right Back,0.0,0.0,0.0,0.0,0.0,0.0,0.0,0.0,0.0,0.0,0.0,1.0,0.0,0.0
3920401,4892,Guinea,132711,Sekou Oumar Sylla,Sekou Oumar Sylla,21,1,78.4861,Left Wing,3.0,0.0,0.3637,3.0,0.0,0.3637,1.0,0.0,2.0,0.0,0.0,11.0,3.0,4.0
3920401,4892,Guinea,176683,Ibrahim Diakité,Ibrahim Diakité,12,1,87.2028,Right Back,0.0,0.0,0.0,0.0,0.0,0.0,1.0,0.0,3.0,0.0,0.0,14.0,4.0,2.0
3920401,4892,Guinea,182573,Ibrahim Kone,Ibrahim Kone,22,1,100.2552,Goalkeeper,0.0,0.0,0.0,0.0,0.0,0.0,0.0,0.0,0.0,0.0,0.0,0.0,2.0,0.0
3920401,4892,Guinea,406457,Facinet Conte,Facinet Conte,25,0,21.7691,Left Wing,1.0,0.0,0.3096,1.0,0.0,0.3096,1.0,0.0,1.0,0.0,0.0,5.0,0.0,1.0
3920401,4934,Gambia,3417,Saidy Janko,Saidy Janko,17,1,100.2552,Right Back,0.0,0.0,0.0,0.0,0.0,0.0,0.0,0.0,6.0,4.0,0.0,13.0,5.0,0.0
3920401,4934,Gambia,4471,Ablie Jallow,Ablie Jallow,3,1,100.2552,Center Attacking Midfield,2.0,0.0,0.1382,2.0,0.0,0.1382,1.0,0.0,0.0,0.0,0.0,14.0,3.0,2.0
3920401,4934,Gambia,6988,Musa Barrow,Musa Barrow,10,1,100.2552,Center Forward,1.0,0.0,0.0073,1.0,0.0,0.0073,2.0,0.0,0.0,0.0,0.0,18.0,3.0,0.0
3920401,4934,Gambia,12498,Omar Colley,Omar Colley,5,1,100.2552,Left Center Back,0.0,0.0,0.0,0.0,0.0,0.0,0.0,0.0,2.0,10.0,2.0,7.0,3.0,0.0
3920401,4934,Gambia,26825,Noah Sonko-Sundberg,Noah Sonko-Sundberg,14,1,82.5361,Right Defensive Midfield,0.0,0.0,0.0,0.0,0.0,0.0,0.0,0.0,2.0,0.0,0.0,13.0,2.0,1.0
3920401,4934,Gambia,29164,Hamza Barry,Hamza Barry,2,0,37.0524,Left Defensive Midfield,0.0,0.0,0.0,0.0,0.0,0.0,1.0,0.0,1.0,0.0,0.0,13.0,1.0,0.0
3920401,4934,Gambia,33342,Ebrima Colley,Ebrima Colley,19,1,73.5194,Right Midfield,0.0,0.0,0.0,0.0,0.0,0.0,2.0,0.0,0.0,0.0,0.0,12.0,4.0,0.0
3920401,4934,Gambia,35689,James Gomez,James Gomez,12,1,100.2552,Right Center Back,1.0,0.0,0.0355,1.0,0.0,0.0355,0.0,0.0,3.0,5.0,1.0,3.0,3.0,0.0
3920401,4934,Gambia,44311,Alieu Fadera,Alieu Fadera,7,1,63.3528,Left Midfield,1.0,0.0,0.0442,1.0,0.0,0.0442,0.0,0.0,3.0,0.0,1.0,30.0,2.0,3.0
3920401,4934,Gambia,47762,Jacob Mendy,Jacob Mendy,15,1,100.2552,Left Back,1.0,0.0,0.0086,1.0,0.0,0.0086,0.0,0.0,4.0,6.0,2.0,13.0,5.0,2.0
3920401,4934,Gambia,50501,Ebrima Darboe,Ebrima Darboe,24,1,63.2028,Left Defensive Midfield,1.0,0.0,0.0207,1.0,0.0,0.0207,0.0,0.0,3.0,1.0,0.0,21.0,3.0,1.0
3920401,4934,Gambia,50938,Ali Sowe,Ali Sowe,26,0,17.7191,Right Center Forward,0.0,0.0,0.0,0.0,0.0,0.0,0.0,0.0,0.0,0.0,0.0,4.0,0.0,0.0
3920401,4934,Gambia,51941,Mohamed Badamosi,Muhammed Badamosi,23,0,26.7357,Left Center Forward,0.0,0.0,0.0,0.0,0.0,0.0,0.0,0.0,0.0,0.0,0.0,6.0,0.0,0.0
3920401,4934,Gambia,185579,Baboucarr Gaye,Baboucarr Gaye,18,1,100.2552,Goalkeeper,0.0,0.0,0.0,0.0,0.0,0.0,0.0,0.0,0.0,0.0,0.0,4.0,0.0,0.0
3920401,4934,Gambia,307271,Yankuba Minteh,Yankuba Minteh,20,0,36.9024,Left Midfield,0.0,0.0,0.0,0.0,0.0,0.0,0.0,0.0,0.0,1.0,0.0,4.0,1.0,0.0
3920402,4921,Burkina Faso,2956,Bertrand Traoré,Bertrand Isidore Traoré,10,0,35.8816,Center Forward,2.0,1.0,0.8017,1.0,0.0,0.0182,0.0,0.0,0.0,0.0,0.0,1.0,1.0,0.0
3920402,4921,Burkina Faso,3035,Steeve Yago,Steeve Yago,25,1,105.261,Left Back,0.0,0.0,0.0,0.0,0.0,0.0,0.0,0.0,1.0,0.0,1.0,15.0,6.0,4.0
3920402,4921,Burkina Faso,4388,Kouakou Herve Koffi,Kouakou Herve Koffi,16,1,105.261,Goalkeeper,0.0,0.0,0.0,0.0,0.0,0.0,0.0,0.0,0.0,0.0,0.0,0.0,9.0,0.0
3920402,4921,Burkina Faso,23999,Blati,Ibrahim Blati Touré,22,1,105.261,Left Center Midfield,1.0,0.0,0.0647,1.0,0.0,0.0647,0.0,0.0,1.0,1.0,1.0,11.0,5.0,1.0
3920402,4921,Burkina Faso,24411,Adama Guira,Adama Guira,24,1,35.6,Right Defensive Midfield,0.0,0.0,0.0,0.0,0.0,0.0,1.0,0.0,0.0,0.0,0.0,10.0,1.0,1.0
3920402,4921,Burkina Faso,30606,Edmond Fayçal Tapsoba,Edmond Fayçal Tapsoba,12,1,105.261,Left Center Back,0.0,0.0,0.0,0.0,0.0,0.0,0.0,0.0,1.0,1.0,2.0,3.0,7.0,0.0
3920402,4921,Burkina Faso,35471,Issa Kabore,Issa Kabore,9,1,105.261,Right Midfield,0.0,0.0,0.0,0.0,0.0,0.0,1.0,0.0,1.0,0.0,1.0,11.0,2.0,3.0
3920402,4921,Burkina Faso,43705,Abdoul Tapsoba,Abdoul Fessal Tapsoba,15,1,89.2793,Left Wing,1.0,0.0,0.0477,1.0,0.0,0.0477,2.0,1.0,2.0,0.0,0.0,10.0,1.0,2.0
3920402,4921,Burkina Faso,43920,Mohamed Konaté,Mohamed Konaté,13,1,69.3794,Center Forward,3.0,1.0,0.3449,3.0,1.0,0.3449,0.0,0.0,0.0,0.0,0.0,15.0,2.0,0.0
3920402,4921,Burkina Faso,44307,Cédric Badolo,Cédric Badolo,8,0,15.9817,Left Midfield,0.0,0.0,0.0,0.0,0.0,0.0,1.0,0.0,1.0,0.0,0.0,2.0,0.0,0.0
3920402,4921,Burkina Faso,45466,Gustavo Sangaré,Gustavo Fabrice Sangaré,20,1,89.9294,Center Attacking Midfield,0.0,0.0,0.0,0.0,0.0,0.0,0.0,0.0,1.0,0.0,0.0,17.0,5.0,0.0
3920402,4921,Burkina Faso,99280,Adamo Nagalo,Adamo Nagalo,4,1,87.2627,Right Back,0.0,0.0,0.0,0.0,0.0,0.0,0.0,0.0,0.0,1.0,1.0,11.0,3.0,4.0
3920402,4921,Burkina Faso,102800,Issoufou Dayo,Issoufou Dayo,14,1,105.261,Right Center Back,0.0,0.0,0.0,0.0,0.0,0.0,0.0,0.0,1.0,6.0,1.0,4.0,2.0,0.0
3920402,4921,Burkina Faso,106681,Ismahila Ouédraogo,Ismahila Ouédraogo,18,0,67.2277,Center Defensive Midfield,0.0,0.0,0.0,0.0,0.0,0.0,0.0,0.0,1.0,0.0,0.0,7.0,2.0,0.0
3920402,4921,Burkina Faso,136948,Yacouba Nasser Djiga,Yacouba Nasser Djiga,5,0,15.3316,Right Back,0.0,0.0,0.0,0.0,0.0,0.0,0.0,0.0,0.0,3.0,0.0,1.0,1.0,0.0
3920402,4921,Burkina Faso,408160,Dramane Salou,Dramane Salou,26,0,15.3316,Right Center Midfield,0.0,0.0,0.0,0.0,0.0,0.0,0.0,0.0,0.0,0.0,0.0,2.0,0.0,0.0
3920402,4898,Algeria,3191,Ramy Bensebaini,Ramy Bensebaini,21,1,105.261,Left Center Back,0.0,0.0,0.0,0.0,0.0,0.0,0.0,0.0,1.0,2.0,2.0,12.0,3.0,1.0
3920402,4898,Algeria,3811,Islam Slimani,Islam Slimani,13,0,18.6983,Right Center Forward,1.0,0.0,0.0675,1.0,0.0,0.0675,0.0,0.0,1.0,0.0,0.0,2.0,0.0,0.0
3920402,4898,Algeria,3814,Riyad Mahrez,Riyad Mahrez,7,1,79.296,Right Wing,0.0,0.0,0.0,0.0,0.0,0.0,0.0,0.0,0.0,0.0,1.0,6.0,2.0,2.0
3920402,4898,Algeria,6648,Aïssa Mandi,Aïssa Mandi,2,1,105.261,Right Center Back,0.0,0.0,0.0,0.0,0.0,0.0,0.0,0.0,1.0,3.0,0.0,3.0,0.0,0.0
3920402,4898,Algeria,8520,Nabil Bentaleb,Nabil Bentaleb,19,1,86.5627,Right Defensive Midfield,1.0,0.0,0.1077,1.0,0.0,0.1077,1.0,0.0,1.0,0.0,1.0,6.0,2.0,1.0
3920402,4898,Algeria,10040,Youcef Atal,Youcef Atal,20,1,105.261,Right Back,0.0,0.0,0.0,0.0,0.0,0.0,1.0,0.0,0.0,5.0,0.0,7.0,4.0,2.0
3920402,4898,Algeria,10448,Adam Ounas,Adam Ounas,12,0,25.965,Right Midfield,0.0,0.0,0.0,0.0,0.0,0.0,1.0,1.0,0.0,0.0,0.0,0.0,1.0,0.0
3920402,4898,Algeria,12111,Rayan Aït Nouri,Rayan Aït Nouri,15,1,105.261,Left Back,0.0,0.0,0.0,0.0,0.0,0.0,0.0,0.0,1.0,2.0,1.0,18.0,3.0,4.0
3920402,4898,Algeria,18724,Sofiane Feghouli,Sofiane Feghouli,10,1,51.1794,Center Attacking Midfield,1.0,0.0,0.0446,1.0,0.0,0.0446,0.0,0.0,0.0,0.0,0.0,7.0,3.0,0.0
3920402,4898,Algeria,38345,Ramiz Zerrouki,Ramiz Larbi Zerrouki,6,1,105.261,Left Defensive Midfield,0.0,0.0,0.0,0.0,0.0,0.0,0.0,0.0,1.0,2.0,3.0,7.0,2.0,2.0
3920402,4898,Algeria,41381,Anthony Mandréa,Anthony Louis Mandréa,16,1,105.261,Goalkeeper,0.0,0.0,0.0,0.0,0.0,0.0,0.0,0.0,0.0,0.0,0.0,0.0,3.0,0.0
3920402,4898,Algeria,103464,Mohamed Youcef Belaïli,Mohamed Youcef Belaïli,8,1,79.4794,Left Wing,4.0,0.0,0.1131,4.0,0.0,0.1131,2.0,0.0,0.0,0.0,0.0,8.0,3.0,2.0
3920402,4898,Algeria,103465,Baghdad Bounedjah,Baghdad Bounedjah,9,1,105.261,Center Forward,5.0,2.0,1.357,5.0,2.0,1.357,0.0,0.0,3.0,2.0,0.0,18.0,4.0,1.0
3920402,4898,Algeria,141358,Mohamed El Amine Amoura,Mohamed El Amine Amoura,18,0,53.9316,Center Attacking Midfield,2.0,0.0,0.3005,2.0,0.0,0.3005,1.0,0.0,0.0,0.0,0.0,10.0,4.0,2.0
3920402,4898,Algeria,217047,Fares Chaïbi,Fares Chaïbi,17,0,25.7816,Left Defensive Midfield,1.0,0.0,0.0077,1.0,0.0,0.0077,1.0,0.0,0.0,0.0,0.0,2.0,2.0,0.0
3920403,4932,Mauritania,3255,Guessouma Fofana,Guessouma Fofana,6,1,62.9529,Center Defensive Midfield,0.0,0.0,0.0,0.0,0.0,0.0,0.0,0.0,1.0,2.0,0.0,11.0,2.0,1.0
3920403,4932,Mauritania,10280,Aboubakar Kamara,Aboubakar Kamara,27,0,37.6313,Right Center Forward,0.0,0.0,0.0,0.0,0.0,0.0,1.0,0.0,0.0,2.0,0.0,5.0,0.0,0.0
3920403,4932,Mauritania,11923,Aly Abeid,Yacoub Aly Abeid,3,1,49.3529,Left Back,1.0,0.0,0.0393,1.0,0.0,0.0393,0.0,0.0,2.0,0.0,1.0,6.0,2.0,3.0
3920403,4932,Mauritania,23892,Aboubakary Koita,Aboubakary Koita,19,1,100.5841,Left Midfield,4.0,1.0,0.0983,4.0,1.0,0.0983,3.0,0.0,1.0,0.0,1.0,14.0,8.0,1.0
3920403,4932,Mauritania,36951,Babacar Niasse,Babacar Niasse,16,1,100.5841,Goalkeeper,0.0,0.0,0.0,0.0,0.0,0.0,0.0,0.0,0.0,0.0,0.0,0.0,3.0,0.0
3920403,4932,Mauritania,45064,Pape Ibnou Bâ,Pape Ibnou Bâ,25,1,62.9529,Center Forward,2.0,0.0,0.5643,2.0,0.0,0.5643,0.0,0.0,0.0,0.0,0.0,10.0,3.0,0.0
3920403,4932,Mauritania,51698,Souleymane Doukara,Souleymane Doukara,15,0,37.6313,Left Center Forward,0.0,0.0,0.0,0.0,0.0,0.0,1.0,0.0,1.0,0.0,0.0,3.0,2.0,0.0
3920403,4932,Mauritania,102667,Hemeya Tanjy,Hemeya Tanjy,9,0,15.9313,Left Midfield,0.0,0.0,0.0,0.0,0.0,0.0,0.0,0.0,0.0,1.0,0.0,2.0,2.0,0.0
3920403,4932,Mauritania,146933,Bodda Mouhsine,Bodda Mouhsine,8,1,100.5841,Left Center Midfield,1.0,0.0,0.0112,1.0,0.0,0.0112,0.0,0.0,1.0,0.0,0.0,17.0,7.0,1.0
3920403,4932,Mauritania,264954,Lamine Ba,Lamine Ba,5,1,100.5841,Left Center Back,0.0,0.0,0.0,0.0,0.0,0.0,0.0,0.0,4.0,9.0,4.0,6.0,4.0,2.0
3920403,4932,Mauritania,264956,Ibrahima Keita,Ibrahima Keita,20,1,100.4008,Right Back,0.0,0.0,0.0,0.0,0.0,0.0,1.0,0.0,5.0,1.0,0.0,18.0,7.0,3.0
3920403,4932,Mauritania,341163,Omaré Gassama,Omaré Gassama,4,1,100.5841,Right Center Midfield,1.0,0.0,0.0058,1.0,0.0,0.0058,3.0,1.0,2.0,0.0,2.0,17.0,8.0,3.0
3920403,4932,Mauritania,389292,Khadim Diaw,Khadim Diaw,2,0,51.2313,Left Back,0.0,0.0,0.0,0.0,0.0,0.0,0.0,0.0,0.0,1.0,2.0,5.0,4.0,2.0
3920403,4932,Mauritania,389294,Nouh Mohamed El Abd,Nouh Mohamed El Abd,13,1,100.2842,Right Center Back,1.0,0.0,0.1212,1.0,0.0,0.1212,0.0,0.0,2.0,9.0,0.0,3.0,3.0,1.0
3920403,4932,Mauritania,416907,Sidi Bouna Sidi Amar,Sidi Bouna Sidi Amar,23,1,84.6529,Right Midfield,4.0,1.0,0.2714,4.0,1.0,0.2714,2.0,0.0,0.0,1.0,1.0,13.0,3.0,3.0
3920403,4901,Angola,10573,Jonathan Buatu,Jonathan Buatu Mananga,3,1,100.5841,Left Center Back,1.0,0.0,0.4291,1.0,0.0,0.4291,0.0,0.0,2.0,8.0,2.0,5.0,2.0,1.0
3920403,4901,Angola,10577,Gelson,Jacinto Muondo Dala,10,1,89.3029,Left Wing,5.0,2.0,0.4263,5.0,2.0,0.4263,3.0,0.0,3.0,0.0,0.0,14.0,7.0,2.0
3920403,4901,Angola,10844,Fredy,Alfredo Kulembe Ribeiro,16,1,89.5695,Right Defensive Midfield,3.0,0.0,0.2032,3.0,0.0,0.2032,5.0,0.0,1.0,1.0,0.0,16.0,4.0,2.0
3920403,4901,Angola,23873,Nurio Fortuna,Núrio Domingos Matias Fortuna,2,1,100.5841,Left Back,1.0,0.0,0.0192,1.0,0.0,0.0192,1.0,0.0,1.0,1.0,1.0,13.0,4.0,0.0
3920403,4901,Angola,30626,Estrela,Valdomiro Tualungo Paulo Lameiras,20,0,11.2813,Left Center Midfield,0.0,0.0,0.0,0.0,0.0,0.0,0.0,0.0,0.0,0.0,0.0,2.0,0.0,0.0
3920403,4901,Angola,31016,Show,Manuel Luís da Silva Cafumana,23,1,100.5841,Left Defensive Midfield,1.0,0.0,0.0259,1.0,0.0,0.0259,0.0,0.0,5.0,2.0,2.0,32.0,5.0,2.0
3920403,4901,Angola,90913,Zito Luvumbo,Zito André Sebastião Luvumbo,15,0,19.2313,Right Center Forward,0.0,0.0,0.0,0.0,0.0,0.0,0.0,0.0,0.0,1.0,0.0,2.0,2.0,0.0
3920403,4901,Angola,103208,Kialonda Gaspar,Kialonda Gaspar,6,1,100.5841,Right Center Back,1.0,0.0,0.081,1.0,0.0,0.081,0.0,0.0,1.0,15.0,1.0,6.0,0.0,0.0
3920403,4901,Angola,128881,Mabululu,Cristóvão Paciência Mabululo,19,1,100.5841,Center Forward,2.0,0.0,0.1004,2.0,0.0,0.1004,1.0,0.0,0.0,0.0,0.0,7.0,3.0,0.0
3920403,4901,Angola,135849,Neblú,Adilson Cipriano da Cruz,22,1,100.5841,Goalkeeper,0.0,0.0,0.0,0.0,0.0,0.0,0.0,0.0,0.0,0.0,0.0,0.0,5.0,0.0
3920403,4901,Angola,136312,Zini,Ambrosini Antonio Cabaça Salvador,9,1,65.3195,Center Attacking Midfield,4.0,0.0,0.253,4.0,0.0,0.253,0.0,0.0,3.0,1.0,0.0,15.0,1.0,1.0
3920403,4901,Angola,145058,Eddie Afonso,Eddie Marcos Melo Afonso,21,1,100.5841,Right Back,0.0,0.0,0.0,0.0,0.0,0.0,1.0,0.0,2.0,3.0,3.0,15.0,4.0,1.0
3920403,4901,Angola,270407,Kinito,Joaquim Marcos Cunga Balanga,5,0,11.0146,Left Center Back,0.0,0.0,0.0,0.0,0.0,0.0,0.0,0.0,0.0,0.0,0.0,0.0,1.0,0.0
3920403,4901,Angola,389328,Gilberto,Deivi Miguel Vieira,7,1,81.3529,Right Wing,2.0,1.0,0.506,2.0,1.0,0.506,1.0,0.0,2.0,1.0,1.0,13.0,7.0,2.0
3920403,4901,Angola,389784,Manuel Keliano,Manuel Keliano,4,0,35.2646,Right Center Midfield,0.0,0.0,0.0,0.0,0.0,0.0,1.0,0.0,0.0,1.0,0.0,11.0,4.0,2.0
3920404,777,Tunisia,3226,Bassem Srarfi,Bassem Srarfi,19,0,20.589,Right Midfield,0.0,0.0,0.0,0.0,0.0,0.0,0.0,0.0,1.0,1.0,0.0,3.0,2.0,0.0
3920404,777,Tunisia,3767,Ellyes Joris Skhiri,Ellyes Joris Skhiri,17,1,100.542,Right Defensive Midfield,0.0,0.0,0.0,0.0,0.0,0.0,0.0,0.0,3.0,1.0,1.0,19.0,1.0,1.0
3920404,777,Tunisia,5651,Yassine Meriah,Yassine Meriah,4,1,101.0587,Right Center Back,0.0,0.0,0.0,0.0,0.0,0.0,0.0,0.0,1.0,3.0,0.0,8.0,5.0,1.0
3920404,777,Tunisia,23910,Youssef Msakni,Youssef Msakni,7,1,90.5863,Right Center Forward,1.0,0.0,0.0632,1.0,0.0,0.0632,1.0,0.0,1.0,1.0,0.0,10.0,4.0,0.0
3920404,777,Tunisia,30681,Ali Abdi,Ali Abdi,2,1,101.0587,Left Back,1.0,0.0,0.0289,1.0,0.0,0.0289,3.0,1.0,2.0,3.0,1.0,14.0,1.0,1.0
3920404,777,Tunisia,32450,Montassar Omar Talbi,Montassar Omar Talbi,3,1,101.0587,Left Center Back,0.0,0.0,0.0,0.0,0.0,0.0,0.0,0.0,2.0,4.0,1.0,7.0,3.0,1.0
3920404,777,Tunisia,35592,Anis Slimane,Anis Ben Slimane,10,1,90.0696,Left Center Forward,1.0,0.0,0.0055,1.0,0.0,0.0055,1.0,0.0,0.0,0.0,1.0,16.0,2.0,0.0
3920404,777,Tunisia,44955,Aïssa Laïdouni,Aïssa Bilal Laïdouni,14,1,101.0587,Left Defensive Midfield,0.0,0.0,0.0,0.0,0.0,0.0,0.0,0.0,3.0,3.0,0.0,17.0,2.0,0.0
3920404,777,Tunisia,50442,Hamza Rafia,Hamza Rafia,8,1,80.4696,Right Midfield,1.0,1.0,0.3587,1.0,1.0,0.3587,0.0,0.0,1.0,0.0,0.0,20.0,3.0,1.0
3920404,777,Tunisia,50503,Sayfallah Ltaief,Sayfallah Ltaief,18,0,28.239,Left Midfield,1.0,0.0,0.0737,1.0,0.0,0.0737,0.0,0.0,1.0,0.0,0.0,6.0,1.0,1.0
3920404,777,Tunisia,68749,Seifeddine Jaziri,Seifeddine Jaziri,24,0,10.4724,Center Forward,0.0,0.0,0.0,0.0,0.0,0.0,0.0,0.0,0.0,0.0,0.0,0.0,0.0,0.0
3920404,777,Tunisia,102816,Mohamed Ali Ben Romdhane,Mohamed Ali Ben Romdhane,5,0,10.4724,Left Center Midfield,0.0,0.0,0.0,0.0,0.0,0.0,0.0,0.0,0.0,0.0,0.0,0.0,0.0,0.0
3920404,777,Tunisia,105944,Wajdi Kechrida,Wajdi Kechrida,21,1,101.0587,Right Back,0.0,0.0,0.0,0.0,0.0,0.0,0.0,0.0,2.0,1.0,1.0,8.0,3.0,2.0
3920404,777,Tunisia,132461,Mohamed Elias Achouri,Mohamed Elias Achouri,27,1,72.8196,Left Midfield,0.0,0.0,0.0,0.0,0.0,0.0,0.0,0.0,1.0,0.0,0.0,17.0,4.0,0.0
3920404,777,Tunisia,136296,Bechir Ben Said,Bechir Ben Said,22,1,101.0587,Goalkeeper,0.0,0.0,0.0,0.0,0.0,0.0,0.0,0.0,0.0,0.0,0.0,1.0,5.0,0.0
3920404,4930,Mali,3248,Hamari Traoré,Hamari Traoré,2,1,101.0587,Right Back,1.0,0.0,0.014,1.0,0.0,0.014,1.0,0.0,1.0,3.0,2.0,9.0,3.0,4.0
3920404,4930,Mali,3433,Lassana Coulibaly,Lassana Coulibaly,11,1,100.592,Right Center Midfield,1.0,0.0,0.0379,1.0,0.0,0.0379,0.0,0.0,3.0,5.0,0.0,17.0,6.0,3.0
3920404,4930,Mali,3710,Fousseni Diabaté,Fousseni Diabaté,19,0,29.389,Right Center Midfield,1.0,0.0,0.0476,1.0,0.0,0.0476,1.0,0.0,0.0,0.0,1.0,2.0,0.0,0.0
3920404,4930,Mali,4385,Yves Bissouma,Yves Bissouma,10,0,15.4057,Center Defensive Midfield,2.0,0.0,0.1025,2.0,0.0,0.1025,0.0,0.0,0.0,1.0,0.0,4.0,1.0,0.0
3920404,4930,Mali,7295,Sikou Niakaté,Sikou Niakate,6,1,101.0587,Left Center Back,0.0,0.0,0.0,0.0,0.0,0.0,0.0,0.0,1.0,5.0,0.0,2.0,2.0,0.0
3920404,4930,Mali,8759,Diadié Samassékou,Diadie Samassekou,8,1,85.4696,Center Defensive Midfield,0.0,0.0,0.0,0.0,0.0,0.0,1.0,0.0,2.0,2.0,3.0,22.0,3.0,4.0
3920404,4930,Mali,8774,Amadou Haïdara,Amadou Haïdara,4,1,71.9863,Left Center Midfield,0.0,0.0,0.0,0.0,0.0,0.0,1.0,0.0,2.0,0.0,1.0,17.0,1.0,2.0
3920404,4930,Mali,8992,Ibrahim Sissoko,Ibrahim Sissoko,9,0,15.5057,Left Center Forward,0.0,0.0,0.0,0.0,0.0,0.0,0.0,0.0,0.0,0.0,0.0,2.0,1.0,0.0
3920404,4930,Mali,12557,Falaye Sacko,Falaye Sacko,17,1,101.0587,Left Back,0.0,0.0,0.0,0.0,0.0,0.0,1.0,0.0,0.0,3.0,1.0,11.0,3.0,0.0
3920404,4930,Mali,23331,Kiki Kouyaté,Boubakar Kouyate,5,1,101.0587,Right Center Back,0.0,0.0,0.0,0.0,0.0,0.0,0.0,0.0,1.0,8.0,1.0,8.0,2.0,1.0
3920404,4930,Mali,23623,Sekou Koita,Sekou Koita,20,1,71.6696,Left Center Forward,2.0,0.0,0.1097,2.0,0.0,0.1097,2.0,0.0,0.0,1.0,0.0,10.0,0.0,0.0
3920404,4930,Mali,51750,Youssoufou Niakaté,Youssoufou Niakaté,18,0,15.639,Right Center Forward,0.0,0.0,0.0,0.0,0.0,0.0,0.0,0.0,0.0,0.0,0.0,1.0,1.0,0.0
3920404,4930,Mali,102992,Djigui Diarra,Djigui Diarra,16,1,101.0587,Goalkeeper,0.0,0.0,0.0,0.0,0.0,0.0,0.0,0.0,0.0,0.0,0.0,0.0,2.0,0.0
3920404,4930,Mali,105182,Lassine Sinayoko,Lassine Sinayoko,25,1,85.4196,Right Center Forward,3.0,1.0,0.35,3.0,1.0,0.35,1.0,0.0,2.0,1.0,0.0,24.0,1.0,1.0
3920404,4930,Mali,162132,Kamory Doumbia,Kamory Doumbia,26,1,85.553,Center Attacking Midfield,2.0,0.0,0.184,2.0,0.0,0.184,2.0,1.0,3.0,0.0,1.0,16.0,4.0,1.0
3920404,4930,Mali,199653,Nene Dorgeles,Nene Dorgeles,27,0,29.0724,Left Center Midfield,0.0,0.0,0.0,0.0,0.0,0.0,0.0,0.0,0.0,0.0,0.0,3.0,1.0,0.0
3920405,4881,Congo DR,3044,Chancel Mbemba,Chancel Mbemba Mangulu,22,1,109.9778,Right Center Back,1.0,0.0,0.2164,1.0,0.0,0.2164,0.0,0.0,0.0,3.0,0.0,3.0,4.0,0.0
3920405,4881,Congo DR,3130,Gaël Kakuta,Gaël Kakuta,14,1,74.4647,Center Attacking Midfield,1.0,0.0,0.0436,1.0,0.0,0.0436,1.0,0.0,0.0,0.0,0.0,8.0,2.0,0.0
3920405,4881,Congo DR,3587,Arthur Masuaku,Arthur Masuaku,26,1,110.2444,Left Back,1.0,0.0,0.0233,1.0,0.0,0.0233,1.0,0.0,2.0,1.0,0.0,15.0,6.0,2.0
3920405,4881,Congo DR,4412,Samuel Moutoussamy,Samuel Moutoussamy,8,1,110.2444,Left Defensive Midfield,2.0,0.0,0.4724,2.0,0.0,0.4724,1.0,0.0,1.0,3.0,0.0,17.0,6.0,2.0
3920405,4881,Congo DR,4753,Aaron Tshibola,Aaron Tshibola,6,0,10.3964,Right Defensive Midfield,0.0,0.0,0.0,0.0,0.0,0.0,0.0,0.0,2.0,0.0,0.0,2.0,0.0,0.0
3920405,4881,Congo DR,6862,Cédric Bakambu,Cédric Bakambu,17,1,62.898,Center Forward,2.0,0.0,0.831,1.0,0.0,0.0475,0.0,0.0,0.0,0.0,0.0,7.0,0.0,1.0
3920405,4881,Congo DR,7294,Yoane Wissa,Yoane Wissa,20,1,110.2444,Left Wing,0.0,0.0,0.0,0.0,0.0,0.0,1.0,0.0,1.0,0.0,1.0,11.0,4.0,1.0
3920405,4881,Congo DR,13329,Silas Katompa Mvumpa,Silas Katompa Mvumpa,11,0,35.7798,Center Attacking Midfield,1.0,1.0,0.3327,1.0,1.0,0.3327,0.0,0.0,2.0,0.0,0.0,2.0,2.0,0.0
3920405,4881,Congo DR,23785,Théo Bongonda Mbul'Ofeko Batombo,Théo Bongonda Mbul'Ofeko Batombo,10,1,62.8813,Right Wing,1.0,0.0,0.0816,1.0,0.0,0.0816,0.0,0.0,0.0,0.0,0.0,5.0,2.0,0.0
3920405,4881,Congo DR,24105,Dylan Batubinsika,Dylan Batubinsika,5,0,54.0131,Left Center Back,0.0,0.0,0.0,0.0,0.0,0.0,0.0,0.0,1.0,0.0,2.0,2.0,2.0,0.0
3920405,4881,Congo DR,28415,Charles Pickel,Charles Pickel,18,1,99.848,Right Defensive Midfield,0.0,0.0,0.0,0.0,0.0,0.0,0.0,0.0,4.0,0.0,0.0,28.0,2.0,4.0
3920405,4881,Congo DR,30193,Gédéon Kalulu,Gedeon Kalulu Kyatengwa,24,1,110.2444,Right Back,0.0,0.0,0.0,0.0,0.0,0.0,1.0,0.0,0.0,1.0,0.0,15.0,4.0,3.0
3920405,4881,Congo DR,35413,Lionel Mpasi-Nzau,Lionel Mpasi-Nzau,1,1,110.2444,Goalkeeper,0.0,0.0,0.0,0.0,0.0,0.0,0.0,0.0,0.0,0.0,0.0,0.0,6.0,0.0
3920405,4881,Congo DR,35684,Meschak Elia,Meschak Elia,13,0,47.3631,Right Wing,0.0,0.0,0.0,0.0,0.0,0.0,3.0,1.0,2.0,0.0,0.0,6.0,2.0,1.0
3920405,4881,Congo DR,105946,Henoc Inonga Baka,Henoc Inonga Baka,2,1,53.9647,Left Center Back,0.0,0.0,0.0,0.0,0.0,0.0,0.0,0.0,1.0,4.0,0.0,2.0,2.0,1.0
3920405,4881,Congo DR,389291,Fiston Kalala Mayele,Fiston Kalala Mayele,19,0,47.3464,Center Forward,2.0,0.0,0.3092,2.0,0.0,0.3092,0.0,0.0,0.0,0.0,0.0,6.0,3.0,1.0
3920405,788,Morocco,3625,Sofiane Boufal,Sofiane Boufal,17,1,73.5813,Left Midfield,1.0,0.0,0.1562,1.0,0.0,0.1562,2.0,0.0,1.0,0.0,1.0,6.0,3.0,1.0
3920405,788,Morocco,5219,Romain Saïss,Romain Saïss,6,1,110.2444,Left Center Back,0.0,0.0,0.0,0.0,0.0,0.0,0.0,0.0,1.0,5.0,1.0,5.0,1.0,2.0
3920405,788,Morocco,5229,Ayoub El Kaabi,Ayoub El Kaabi,20,0,19.4298,Center Forward,1.0,0.0,0.4246,1.0,0.0,0.4246,0.0,0.0,0.0,0.0,0.0,4.0,1.0,0.0
3920405,788,Morocco,5234,Sofyan Amrabat,Sofyan Amrabat,4,1,110.2444,Center Defensive Midfield,0.0,0.0,0.0,0.0,0.0,0.0,0.0,0.0,0.0,0.0,0.0,15.0,4.0,3.0
3920405,788,Morocco,5237,Hakim Ziyech,Hakim Ziyech,7,1,83.198,Right Midfield,3.0,0.0,0.04,3.0,0.0,0.04,2.0,1.0,0.0,0.0,1.0,13.0,1.0,0.0
3920405,788,Morocco,5243,Amine Harit,Amine Harit,10,0,19.1464,Right Center Midfield,0.0,0.0,0.0,0.0,0.0,0.0,1.0,0.0,0.0,0.0,0.0,2.0,2.0,0.0
3920405,788,Morocco,5245,Achraf Hakimi,Achraf Hakimi Mouh,2,1,110.2444,Right Back,1.0,1.0,0.081,1.0,1.0,0.081,3.0,0.0,3.0,2.0,0.0,15.0,2.0,3.0
3920405,788,Morocco,6301,Youssef En-Nesyri,Youssef En-Nesyri,19,1,90.8147,Center Forward,2.0,0.0,0.2136,2.0,0.0,0.2136,0.0,0.0,0.0,0.0,0.0,13.0,1.0,0.0
3920405,788,Morocco,6785,Yassine Bounou,Yassine Bounou,1,1,110.2444,Goalkeeper,0.0,0.0,0.0,0.0,0.0,0.0,0.0,0.0,0.0,0.0,0.0,1.0,3.0,0.0
3920405,788,Morocco,12149,Nayef Aguerd,Nayef Aguerd,5,1,110.2444,Right Center Back,0.0,0.0,0.0,0.0,0.0,0.0,0.0,0.0,2.0,5.0,1.0,7.0,1.0,3.0
3920405,788,Morocco,23774,Selim Amallah,Selim Amallah,15,1,73.7147,Left Center Midfield,0.0,0.0,0.0,0.0,0.0,0.0,0.0,0.0,4.0,0.0,2.0,8.0,1.0,1.0
3920405,788,Morocco,33401,Amine Adli,Amine Adli,21,0,27.0464,Right Midfield,0.0,0.0,0.0,0.0,0.0,0.0,0.0,0.0,2.0,0.0,0.0,8.0,0.0,0.0
3920405,788,Morocco,46258,Azzedine Ounahi,Azzedine Ounahi,8,1,91.098,Right Center Midfield,1.0,0.0,0.0873,1.0,0.0,0.0873,0.0,0.0,0.0,0.0,0.0,8.0,2.0,1.0
3920405,788,Morocco,143165,Mohamed Chibi,Mohamed Chibi,27,1,110.2444,Left Back,0.0,0.0,0.0,0.0,0.0,0.0,1.0,0.0,2.0,5.0,2.0,8.0,6.0,0.0
3920405,788,Morocco,149714,Abde Ezzalzouli,Abdessamad Ezzalzouli,16,0,36.6631,Left Midfield,1.0,0.0,0.0275,1.0,0.0,0.0275,0.0,0.0,2.0,0.0,0.0,6.0,2.0,3.0
3920405,788,Morocco,156734,Bilal El Khannous,Bilal El Khannous,23,0,36.5298,Left Center Midfield,1.0,0.0,0.0244,1.0,0.0,0.0244,0.0,0.0,1.0,0.0,0.0,6.0,1.0,0.0
3920406,4963,Zambia,8785,Patson Daka,Patson Daka,20,1,102.5339,Left Center Forward,2.0,1.0,0.3132,2.0,1.0,0.3132,1.0,0.0,5.0,2.0,0.0,20.0,2.0,1.0
3920406,4963,Zambia,23203,Stopilla Sunzu,Stopilla Sunzu,13,1,103.9672,Right Center Back,0.0,0.0,0.0,0.0,0.0,0.0,0.0,0.0,1.0,1.0,2.0,2.0,2.0,0.0
3920406,4963,Zambia,23260,Emmanuel Banda,Emmanuel Justine Rabby Banda,12,1,103.9672,Center Defensive Midfield,2.0,0.0,0.0531,2.0,0.0,0.0531,0.0,0.0,0.0,1.0,0.0,10.0,4.0,2.0
3920406,4963,Zambia,23420,Lubambo Musonda,Lubambo Musonda,8,0,52.438,Center Defensive Midfield,0.0,0.0,0.0,0.0,0.0,0.0,0.0,0.0,0.0,0.0,1.0,5.0,1.0,0.0
3920406,4963,Zambia,23708,Fashion Sakala,Fashion Sakala,10,1,81.3625,Right Center Forward,2.0,0.0,0.202,2.0,0.0,0.202,0.0,0.0,0.0,0.0,0.0,8.0,3.0,0.0
3920406,4963,Zambia,29217,Edward Chilufya,Edward Chilufya,14,0,11.5214,Right Center Midfield,0.0,0.0,0.0,0.0,0.0,0.0,1.0,0.0,0.0,0.0,0.0,4.0,0.0,0.0
3920406,4963,Zambia,44402,Kings Kangwa,Kings Kangwa,22,1,81.4625,Right Center Midfield,1.0,0.0,0.1389,1.0,0.0,0.1389,0.0,0.0,3.0,0.0,0.0,16.0,0.0,1.0
3920406,4963,Zambia,44751,Lameck Banda,Lameck Banda,9,1,91.6958,Left Center Midfield,2.0,0.0,0.0314,2.0,0.0,0.0314,3.0,0.0,0.0,0.0,0.0,20.0,2.0,2.0
3920406,4963,Zambia,47979,Frankie Musonda,Frankie Musonda,4,1,103.9672,Left Center Back,0.0,0.0,0.0,0.0,0.0,0.0,0.0,0.0,2.0,3.0,0.0,2.0,2.0,0.0
3920406,4963,Zambia,68505,Roderick Kabwe,Roderick Kabwe,23,1,42.75,Left Back,0.0,0.0,0.0,0.0,0.0,0.0,1.0,0.0,1.0,1.0,0.0,1.0,0.0,0.0
3920406,4963,Zambia,103910,Cletous Chama,Cletous Chama,17,0,22.6047,Left Center Midfield,1.0,0.0,0.007,1.0,0.0,0.007,1.0,1.0,1.0,0.0,0.0,6.0,3.0,0.0
3920406,4963,Zambia,108280,Benedict Chepeshi,Benedict Chepeshi,3,1,92.4625,Right Back,0.0,0.0,0.0,0.0,0.0,0.0,0.0,0.0,0.0,0.0,1.0,13.0,4.0,2.0
3920406,4963,Zambia,151066,Kelvin Kapumbu,Kelvin Kapumbu,15,1,51.5292,Center Defensive Midfield,0.0,0.0,0.0,0.0,0.0,0.0,0.0,0.0,0.0,0.0,0.0,4.0,0.0,1.0
3920406,4963,Zambia,160904,Miguel Changa Chaiwa,Miguel Changa Chaiwa,5,0,11.5047,Right Back,0.0,0.0,0.0,0.0,0.0,0.0,1.0,0.0,0.0,1.0,0.0,2.0,0.0,1.0
3920406,4963,Zambia,389156,Tresford Lawrence Mulenga,Tresford Lawrence Mulenga,16,1,103.9672,Goalkeeper,0.0,0.0,0.0,0.0,0.0,0.0,0.0,0.0,0.0,0.0,0.0,0.0,4.0,0.0
3920406,4963,Zambia,389675,Kennedy Musonda,Kennedy Musonda,25,0,22.5047,Right Center Forward,1.0,0.0,0.0516,1.0,0.0,0.0516,0.0,0.0,0.0,0.0,0.0,10.0,1.0,1.0
3920406,4953,Tanzania,16548,Mbwana Samatta,Mbwana Ally Samatta,10,1,103.4172,Center Forward,1.0,0.0,0.0202,1.0,0.0,0.0202,2.0,1.0,4.0,2.0,1.0,17.0,3.0,0.0
3920406,4953,Tanzania,51494,Haji Mnoga,Haji Mnoga,2,1,51.5292,Right Back,0.0,0.0,0.0,0.0,0.0,0.0,0.0,0.0,1.0,0.0,0.0,5.0,0.0,0.0
3920406,4953,Tanzania,80307,Charles M'Mombwa,Charles M'Mombwa,21,0,28.3214,Right Wing,0.0,0.0,0.0,0.0,0.0,0.0,0.0,0.0,1.0,1.0,0.0,5.0,0.0,0.0
3920406,4953,Tanzania,86067,Himid Mao Mkami,Himid Mao Mkami,7,1,75.6292,Right Defensive Midfield,0.0,0.0,0.0,0.0,0.0,0.0,1.0,0.0,0.0,0.0,0.0,7.0,1.0,1.0
3920406,4953,Tanzania,103262,Aishi Manula,Aishi Manula,18,1,103.9672,Goalkeeper,0.0,0.0,0.0,0.0,0.0,0.0,0.0,0.0,0.0,0.0,0.0,0.0,4.0,0.0
3920406,4953,Tanzania,103268,Faisal Salum Abdalla,Faisal Salum Abdalla,6,1,64.9958,Center Attacking Midfield,0.0,0.0,0.0,0.0,0.0,0.0,0.0,0.0,0.0,0.0,0.0,11.0,1.0,0.0
3920406,4953,Tanzania,103269,Bakari Nondo Mwamnyeto,Bakari Nondo Mwamnyeto,14,1,102.9839,Right Center Back,0.0,0.0,0.0,0.0,0.0,0.0,0.0,0.0,4.0,4.0,0.0,1.0,1.0,0.0
3920406,4953,Tanzania,103270,Simon Happygod Msuva,Simon Happygod Msuva,12,1,103.9672,Right Wing,2.0,1.0,0.1697,2.0,1.0,0.1697,1.0,0.0,1.0,0.0,0.0,18.0,2.0,0.0
3920406,4953,Tanzania,105766,Mohamed Hussein Mohamed,Mohamed Hussein Mohamed,15,1,103.9672,Left Back,0.0,0.0,0.0,0.0,0.0,0.0,1.0,0.0,2.0,2.0,0.0,7.0,6.0,4.0
3920406,4953,Tanzania,105769,Mzamiru Yassin,Mzamiru Yassin,19,1,103.9672,Left Defensive Midfield,0.0,0.0,0.0,0.0,0.0,0.0,0.0,0.0,2.0,1.0,1.0,16.0,5.0,0.0
3920406,4953,Tanzania,136057,Mudathiri Yahya,Mudathiri Yahya,3,0,28.338,Left Defensive Midfield,0.0,0.0,0.0,0.0,0.0,0.0,0.0,0.0,2.0,0.0,0.0,8.0,1.0,0.0
3920406,4953,Tanzania,136596,Lusajo Mwaikenda,Lusajo Mwaikenda,16,0,52.0047,Right Back,0.0,0.0,0.0,0.0,0.0,0.0,1.0,0.0,1.0,2.0,1.0,2.0,0.0,1.0
3920406,4953,Tanzania,138493,Morice Michael Abraham,Morice Michael Abraham,8,0,38.6547,Center Attacking Midfield,1.0,0.0,0.0644,1.0,0.0,0.0644,0.0,0.0,1.0,0.0,1.0,16.0,2.0,0.0
3920406,4953,Tanzania,145622,Denis Kibu,Denis Kibu,22,1,75.6458,Left Wing,1.0,0.0,0.0628,1.0,0.0,0.0628,0.0,0.0,1.0,0.0,1.0,14.0,2.0,1.0
3920406,4953,Tanzania,389092,Ibrahim Abdallah Hamad,Ibrahim Abdallah Hamad,4,1,103.9672,Left Center Back,1.0,0.0,0.0732,1.0,0.0,0.0732,0.0,0.0,0.0,6.0,1.0,4.0,3.0,2.0
3920407,4980,Namibia,4218,Ryan Nyambe,Ryan Nyambe,22,1,76.723,Right Back,0.0,0.0,0.0,0.0,0.0,0.0,0.0,0.0,2.0,0.0,1.0,20.0,2.0,2.0
3920407,4980,Namibia,64612,Deon Hotto Kavendji,Deon Hotto Kavendji,7,1,99.0717,Left Midfield,1.0,0.0,0.0067,1.0,0.0,0.0067,0.0,0.0,1.0,3.0,1.0,4.0,7.0,0.0
3920407,4980,Namibia,65555,Riaan Hanamub,Riaan Hanamub,4,1,99.0717,Left Back,0.0,0.0,0.0,0.0,0.0,0.0,1.0,0.0,6.0,3.0,3.0,14.0,6.0,3.0
3920407,4980,Namibia,65723,Peter Shalulile,Peter Shalulile,13,1,99.0717,Center Forward,0.0,0.0,0.0,0.0,0.0,0.0,0.0,0.0,1.0,1.0,0.0,7.0,4.0,1.0
3920407,4980,Namibia,82783,Joslin Kamatuka,Joslin Kamatuka,14,0,22.3487,Right Back,0.0,0.0,0.0,0.0,0.0,0.0,0.0,0.0,1.0,1.0,1.0,4.0,2.0,1.0
3920407,4980,Namibia,103803,Prins Menelik Tjiueza,Prins Menelik Tjiueza,10,1,76.5564,Left Center Midfield,1.0,0.0,0.0647,1.0,0.0,0.0647,0.0,0.0,1.0,0.0,0.0,20.0,4.0,0.0
3920407,4980,Namibia,103804,Absalom Iimbondi,Absalom Iimbondi,11,1,49.123,Right Midfield,1.0,0.0,0.4592,1.0,0.0,0.4592,0.0,0.0,1.0,0.0,1.0,10.0,4.0,2.0
3920407,4980,Namibia,125324,Lloyd Junior Kazapua,Lloyd Junior Kazapua,1,1,99.0717,Goalkeeper,0.0,0.0,0.0,0.0,0.0,0.0,0.0,0.0,0.0,0.0,0.0,0.0,5.0,0.0
3920407,4980,Namibia,125333,Petrus Shitembi,Petrus Shitembi,19,1,49.123,Right Center Midfield,0.0,0.0,0.0,0.0,0.0,0.0,2.0,0.0,1.0,0.0,0.0,13.0,10.0,0.0
3920407,4980,Namibia,135004,Lubeni Haukongo,Lubeni Haukongo,21,1,99.0717,Left Center Back,0.0,0.0,0.0,0.0,0.0,0.0,0.0,0.0,2.0,4.0,0.0,10.0,5.0,3.0
3920407,4980,Namibia,136406,Aprocious Petrus,Aprocious Petrus,18,1,99.0717,Right Defensive Midfield,0.0,0.0,0.0,0.0,0.0,0.0,1.0,0.0,2.0,0.0,0.0,16.0,6.0,1.0
3920407,4980,Namibia,159949,Wendell Rudath,Wendell Rudath,17,0,22.5154,Left Wing,0.0,0.0,0.0,0.0,0.0,0.0,0.0,0.0,0.0,0.0,0.0,4.0,0.0,0.0
3920407,4980,Namibia,264381,Kennedy Amutenya,Kennedy Amutenya,12,1,99.0717,Right Center Back,1.0,0.0,0.038,1.0,0.0,0.038,0.0,0.0,2.0,1.0,1.0,8.0,4.0,1.0
3920407,4980,Namibia,389316,Ngero Kaanjuka Katua,Ngero Kaanjuka Katua,6,0,49.9487,Right Center Midfield,0.0,0.0,0.0,0.0,0.0,0.0,0.0,0.0,1.0,0.0,1.0,8.0,2.0,1.0
3920407,4980,Namibia,389319,Muzeu Bethuel,Muzeu Bethuel,9,0,49.9487,Right Midfield,0.0,0.0,0.0,0.0,0.0,0.0,0.0,0.0,2.0,1.0,2.0,6.0,5.0,2.0
3920407,4976,South Africa,29367,Percy Tau,Percy Tau,10,1,99.0717,Left Wing,1.0,1.0,0.7835,0.0,0.0,0.0,3.0,0.0,1.0,0.0,0.0,22.0,8.0,0.0
3920407,4976,South Africa,42527,Sphephelo S''Miso Sithole,Sphephelo S''Miso Sithole,13,1,73.573,Left Defensive Midfield,1.0,0.0,0.1789,1.0,0.0,0.1789,1.0,0.0,1.0,1.0,2.0,17.0,1.0,0.0
3920407,4976,South Africa,64607,Zakhele Lerato Lepasa,Zakhele Lerato Lepasa,17,0,15.6821,Center Forward,0.0,0.0,0.0,0.0,0.0,0.0,0.0,0.0,1.0,0.0,0.0,3.0,1.0,1.0
3920407,4976,South Africa,64629,Thabang Amod Monare,Thabang Amod Monare,15,0,25.4987,Right Defensive Midfield,0.0,0.0,0.0,0.0,0.0,0.0,0.0,0.0,0.0,0.0,0.0,0.0,0.0,0.0
3920407,4976,South Africa,65719,Khuliso Johnson Mudau,Khuliso Johnson Mudau,20,1,99.0717,Right Back,0.0,0.0,0.0,0.0,0.0,0.0,0.0,0.0,3.0,3.0,2.0,8.0,2.0,0.0
3920407,4976,South Africa,65726,Themba Zwane,Themba Zwane,11,1,73.4563,Center Attacking Midfield,2.0,2.0,0.4024,2.0,2.0,0.4024,0.0,0.0,1.0,1.0,2.0,17.0,3.0,1.0
3920407,4976,South Africa,65727,Thapelo James Morena,Thapelo James Morena,23,1,83.0397,Right Wing,2.0,0.0,0.2898,2.0,0.0,0.2898,1.0,1.0,3.0,0.0,2.0,7.0,4.0,0.0
3920407,4976,South Africa,65732,Mothobi Mvala,Mothobi Mvala,14,1,99.0717,Left Center Back,0.0,0.0,0.0,0.0,0.0,0.0,0.0,0.0,1.0,4.0,2.0,7.0,3.0,1.0
3920407,4976,South Africa,65733,Aubrey Maphosa Modiba,Aubrey Maphosa Modiba,6,1,99.0717,Left Back,1.0,0.0,0.0208,1.0,0.0,0.0208,1.0,0.0,5.0,0.0,0.0,18.0,16.0,3.0
3920407,4976,South Africa,65761,Jayden Adams,Jayden Adams,8,0,2.8154,Left Defensive Midfield,0.0,0.0,0.0,0.0,0.0,0.0,0.0,0.0,0.0,0.0,1.0,1.0,0.0,0.0
3920407,4976,South Africa,65853,Evidence Makgopa,Evidence Makgopa,9,1,83.3897,Center Forward,1.0,0.0,0.3169,1.0,0.0,0.3169,1.0,1.0,1.0,1.0,0.0,15.0,2.0,0.0
3920407,4976,South Africa,66716,Teboho Mokoena,Teboho Mokoena,4,1,96.2564,Right Defensive Midfield,3.0,0.0,0.0428,3.0,0.0,0.0428,2.0,1.0,3.0,2.0,1.0,24.0,6.0,2.0
3920407,4976,South Africa,66721,Ronwen Williams,Ronwen Williams,1,1,99.0717,Goalkeeper,0.0,0.0,0.0,0.0,0.0,0.0,0.0,0.0,0.0,0.0,0.0,0.0,3.0,0.0
3920407,4976,South Africa,70093,Gomolemo Grant Kekana,Gomolemo Grant Kekana,18,1,99.0717,Right Center Back,0.0,0.0,0.0,0.0,0.0,0.0,0.0,0.0,1.0,3.0,1.0,8.0,3.0,0.0
3920407,4976,South Africa,133003,Mihlali Samson Mayambela,Mihlali Samson Mayambela,21,0,15.7654,Right Wing,0.0,0.0,0.0,0.0,0.0,0.0,0.0,0.0,0.0,0.0,0.0,2.0,0.0,0.0
3920407,4976,South Africa,202037,Thapelo Maseko,Thapelo Maseko,12,0,24.7154,Left Wing,1.0,1.0,0.1806,1.0,1.0,0.1806,0.0,0.0,1.0,0.0,0.0,1.0,5.0,0.0
3920408,3374,Côte d'Ivoire,3013,Nicolas Pépé,Nicolas Pépé,19,1,69.0098,Center Forward,1.0,0.0,0.0199,1.0,0.0,0.0199,2.0,0.0,1.0,0.0,1.0,4.0,2.0,0.0
3920408,3374,Côte d'Ivoire,3017,Ibrahim Sangaré,Ibrahim Sangaré,18,1,102.3569,Right Center Midfield,3.0,0.0,0.2428,3.0,0.0,0.2428,0.0,0.0,2.0,1.0,2.0,32.0,3.0,5.0
3920408,3374,Côte d'Ivoire,4416,Max Gradel,Max-Alain Gradel,15,0,14.147,Right Center Midfield,2.0,0.0,0.064,2.0,0.0,0.064,0.0,0.0,0.0,0.0,0.0,1.0,1.0,0.0
3920408,3374,Côte d'Ivoire,4909,Jérémie Boga,Jeremie Boga,13,0,33.347,Left Wing Back,0.0,0.0,0.0,0.0,0.0,0.0,1.0,0.0,1.0,0.0,0.0,3.0,0.0,1.0
3920408,3374,Côte d'Ivoire,7023,Franck Kessié,Franck Yannick Kessié,8,1,102.3569,Center Defensive Midfield,1.0,0.0,0.0401,1.0,0.0,0.0401,0.0,0.0,4.0,2.0,0.0,17.0,7.0,3.0
3920408,3374,Côte d'Ivoire,7713,Evan N'Dicka,Obite Evan Ndicka,21,1,102.3569,Left Center Back,1.0,0.0,0.0826,1.0,0.0,0.0826,0.0,0.0,1.0,1.0,1.0,5.0,3.0,3.0
3920408,3374,Côte d'Ivoire,7791,Seko Fofana,Seko Fofana,6,1,102.3569,Left Center Midfield,3.0,0.0,0.1277,3.0,0.0,0.1277,2.0,0.0,1.0,1.0,0.0,4.0,4.0,0.0
3920408,3374,Côte d'Ivoire,9933,Willy Boly,Willy Boly,12,1,88.1432,Right Center Back,1.0,0.0,0.1838,1.0,0.0,0.1838,0.0,0.0,1.0,1.0,0.0,4.0,2.0,0.0
3920408,3374,Côte d'Ivoire,10039,Ghislain Konan,Ghislain Konan,3,1,69.0098,Left Back,1.0,0.0,0.0523,1.0,0.0,0.0523,0.0,0.0,1.0,0.0,0.0,2.0,5.0,1.0
3920408,3374,Côte d'Ivoire,12496,Christian Kouamé,Christian Kouamé,20,1,68.9598,Left Wing,2.0,0.0,0.3511,2.0,0.0,0.3511,1.0,0.0,0.0,0.0,0.0,12.0,2.0,1.0
3920408,3374,Côte d'Ivoire,36539,Wilfried Stephane Singo,Wilfried Stephane Singo,5,1,102.3569,Right Back,0.0,0.0,0.0,0.0,0.0,0.0,0.0,0.0,0.0,0.0,0.0,8.0,7.0,1.0
3920408,3374,Côte d'Ivoire,36629,Yahia Fofana,Yahia Fofana,1,1,102.3569,Goalkeeper,0.0,0.0,0.0,0.0,0.0,0.0,0.0,0.0,0.0,0.0,0.0,0.0,1.0,0.0
3920408,3374,Côte d'Ivoire,43072,Jean-Philippe Krasso,Jean-Philippe Krasso,11,0,33.347,Right Center Forward,2.0,0.0,0.3524,2.0,0.0,0.3524,2.0,0.0,1.0,0.0,0.0,5.0,2.0,1.0
3920408,3374,Côte d'Ivoire,105392,Simon Adingra,Simon Adingra,24,0,14.2137,Left Wing Back,1.0,0.0,0.0416,1.0,0.0,0.0416,0.0,0.0,0.0,0.0,0.0,1.0,1.0,0.0
3920408,3374,Côte d'Ivoire,136074,Karim Konaté,Karim Konaté,10,0,33.397,Left Center Forward,3.0,0.0,0.4143,3.0,0.0,0.4143,1.0,0.0,3.0,0.0,0.0,7.0,2.0,0.0
3920408,3374,Côte d'Ivoire,212489,Oumar Diakité,Oumar Diakité,14,1,88.2098,Right Wing,1.0,0.0,0.0968,1.0,0.0,0.0968,2.0,0.0,0.0,1.0,2.0,16.0,5.0,2.0
3920408,4992,Equatorial Guinea,13581,Emilio Nsue,Emilio Nsue López,10,1,82.6432,Center Forward,2.0,2.0,0.4412,2.0,2.0,0.4412,0.0,0.0,1.0,2.0,0.0,12.0,1.0,0.0
3920408,4992,Equatorial Guinea,17618,Carlos Akapo,Carlos Akapo Martínez,15,1,102.3569,Right Back,0.0,0.0,0.0,0.0,0.0,0.0,1.0,1.0,1.0,5.0,1.0,15.0,2.0,5.0
3920408,4992,Equatorial Guinea,23559,Pepín Machín,José Ndong Machín Dicombo,7,1,89.4765,Center Attacking Midfield,0.0,0.0,0.0,0.0,0.0,0.0,1.0,1.0,3.0,0.0,0.0,15.0,4.0,1.0
3920408,4992,Equatorial Guinea,30423,Ibán Salvador,Ibán Salvador Edu,6,1,82.1765,Right Midfield,0.0,0.0,0.0,0.0,0.0,0.0,0.0,0.0,2.0,2.0,0.0,16.0,4.0,3.0
3920408,4992,Equatorial Guinea,34845,Federico Bikoro Akieme Nchama,Federico Bikoro Akieme Nchama,4,1,102.3569,Left Defensive Midfield,0.0,0.0,0.0,0.0,0.0,0.0,0.0,0.0,0.0,3.0,0.0,14.0,6.0,3.0
3920408,4992,Equatorial Guinea,40128,Jannick Buyla,Jannick Buyla Sam,8,0,41.5803,Left Midfield,1.0,1.0,0.2517,1.0,1.0,0.2517,0.0,0.0,0.0,2.0,0.0,2.0,3.0,0.0
3920408,4992,Equatorial Guinea,52324,Saúl Coco,Saúl Basilio Coco-Bassey Oubiña,16,1,102.3569,Left Center Back,2.0,0.0,0.015,2.0,0.0,0.015,0.0,0.0,4.0,7.0,0.0,5.0,2.0,0.0
3920408,4992,Equatorial Guinea,105762,Josete Miranda,José Antonio Miranda Boacho,17,1,60.3265,Left Midfield,0.0,0.0,0.0,0.0,0.0,0.0,0.0,0.0,1.0,0.0,0.0,7.0,2.0,1.0
3920408,4992,Equatorial Guinea,105764,Basilio Ndong,Basilio Ndong Owono Nchamaaa,11,1,102.3569,Left Back,0.0,0.0,0.0,0.0,0.0,0.0,1.0,0.0,4.0,3.0,0.0,19.0,8.0,2.0
3920408,4992,Equatorial Guinea,105765,Jesús Owono,Jesús Lázaro Owono Ngua Akeng,1,1,102.3569,Goalkeeper,0.0,0.0,0.0,0.0,0.0,0.0,0.0,0.0,0.0,1.0,0.0,0.0,5.0,0.0
3920408,4992,Equatorial Guinea,105942,Pablo Ganet,Pablo Ganet Cómitre,22,1,89.5432,Right Defensive Midfield,1.0,1.0,0.0434,1.0,1.0,0.0434,1.0,0.0,0.0,3.0,0.0,8.0,0.0,0.0
3920408,4992,Equatorial Guinea,136298,Santiago Eneme,Santiago Eneme Bocari,20,0,12.8803,Left Midfield,0.0,0.0,0.0,0.0,0.0,0.0,0.0,0.0,0.0,0.0,0.0,3.0,0.0,0.0
3920408,4992,Equatorial Guinea,136411,Óscar Siafá,Juan José Óscar Siafá Etoha,27,0,19.7137,Center Forward,1.0,0.0,0.0117,1.0,0.0,0.0117,0.0,0.0,1.0,1.0,0.0,3.0,1.0,0.0
3920408,4992,Equatorial Guinea,136414,Luis Nlavo,Luis Miguel Nlavo Asue,19,0,19.297,Right Midfield,3.0,0.0,0.3297,3.0,0.0,0.3297,0.0,0.0,0.0,0.0,0.0,4.0,1.0,1.0
3920408,4992,Equatorial Guinea,136417,Alex Balboa,Alejandro Balboa Bandeira,14,0,12.8137,Right Defensive Midfield,0.0,0.0,0.0,0.0,0.0,0.0,0.0,0.0,0.0,1.0,0.0,1.0,0.0,0.0
3920408,4992,Equatorial Guinea,482851,Esteban Fernández,Esteban Orozco Fernández,21,1,102.3569,Right Center Back,0.0,0.0,0.0,0.0,0.0,0.0,0.0,0.0,0.0,7.0,0.0,7.0,0.0,1.0
3920409,775,Nigeria,3139,Chidozie Awaziem,Chidozie Collins Awaziem,20,0,1.9955,Right Wing Back,0.0,0.0,0.0,0.0,0.0,0.0,0.0,0.0,0.0,0.0,0.0,0.0,0.0,0.0
3920409,775,Nigeria,3447,Ademola Lookman,Ademola Lookman,18,0,16.0622,Left Attacking Midfield,0.0,0.0,0.0,0.0,0.0,0.0,0.0,0.0,0.0,0.0,0.0,3.0,0.0,1.0
3920409,775,Nigeria,3647,Alex Iwobi,Alex Iwobi,17,0,32.8456,Left Defensive Midfield,1.0,0.0,0.0503,1.0,0.0,0.0503,0.0,0.0,0.0,0.0,0.0,1.0,3.0,0.0
3920409,775,Nigeria,3806,Bright Samuel,Bright Osayi-Samuel,12,1,83.3791,Right Wing Back,0.0,0.0,0.0,0.0,0.0,0.0,2.0,0.0,3.0,1.0,1.0,9.0,4.0,1.0
3920409,775,Nigeria,3856,Joe Aribo,Joe Aribo,10,1,66.5624,Left Defensive Midfield,1.0,0.0,0.0549,1.0,0.0,0.0549,0.0,0.0,1.0,0.0,0.0,15.0,2.0,1.0
3920409,775,Nigeria,3923,Semi Ajayi,Oluwasemilogo Adesewo Ibidapo Ajayi,6,1,99.408,Right Center Back,0.0,0.0,0.0,0.0,0.0,0.0,1.0,0.0,1.0,0.0,0.0,4.0,3.0,1.0
3920409,775,Nigeria,5830,Kenneth Omeruo,Kenneth Josiah Omeruo,22,1,99.408,Center Back,0.0,0.0,0.0,0.0,0.0,0.0,0.0,0.0,1.0,6.0,0.0,9.0,1.0,3.0
3920409,775,Nigeria,11277,Victor Osimhen,Victor James Osimhen,9,1,99.408,Center Forward,4.0,0.0,0.3735,4.0,0.0,0.3735,1.0,0.0,0.0,0.0,0.0,7.0,5.0,1.0
3920409,775,Nigeria,11492,Ola Aina,Temitayo Olufisayo Olaoluwa Aina,2,1,97.4124,Left Wing Back,1.0,0.0,0.0446,1.0,0.0,0.0446,2.0,0.0,1.0,0.0,0.0,11.0,7.0,0.0
3920409,775,Nigeria,16335,Samuel Chukwueze,Samuel Chimerenka Chukwueze,11,1,83.3458,Right Attacking Midfield,1.0,0.0,0.0213,1.0,0.0,0.0213,1.0,0.0,1.0,0.0,0.0,15.0,7.0,0.0
3920409,775,Nigeria,18163,Moses Simon,Moses Daddy-Ajala Simon,15,1,99.408,Left Attacking Midfield,2.0,0.0,0.3325,2.0,0.0,0.3325,2.0,0.0,0.0,0.0,2.0,14.0,3.0,4.0
3920409,775,Nigeria,24467,Frank Onyeka,Frank Onyeka,8,1,66.0791,Right Defensive Midfield,1.0,0.0,0.0937,1.0,0.0,0.0937,0.0,0.0,3.0,0.0,1.0,18.0,5.0,1.0
3920409,775,Nigeria,31949,Zaidu Sanusi,Zaidu Sanusi,3,0,16.0289,Left Wing Back,0.0,0.0,0.0,0.0,0.0,0.0,1.0,0.0,0.0,0.0,0.0,2.0,1.0,0.0
3920409,775,Nigeria,38862,Raphael Nwadike,Raphael Onyedika,25,0,33.3289,Right Defensive Midfield,0.0,0.0,0.0,0.0,0.0,0.0,0.0,0.0,1.0,0.0,0.0,11.0,0.0,2.0
3920409,775,Nigeria,43779,Calvin Bassey,Calvin Bassey Ughelumba,21,1,99.408,Left Center Back,0.0,0.0,0.0,0.0,0.0,0.0,0.0,0.0,3.0,3.0,0.0,12.0,2.0,4.0
3920409,775,Nigeria,358410,Stanley Bobo Nwabali,Stanley Bobo Nwabali,23,1,99.408,Goalkeeper,0.0,0.0,0.0,0.0,0.0,0.0,0.0,0.0,0.0,0.0,0.0,0.0,2.0,0.0
3920409,4894,Guinea-Bissau,4376,Edgar Ié,Edgar Miguel Ié,25,1,99.408,Right Center Back,0.0,0.0,0.0,0.0,0.0,0.0,0.0,0.0,4.0,3.0,2.0,9.0,3.0,1.0
3920409,4894,Guinea-Bissau,7568,Opa Sangante,Opa Sangante,22,1,99.408,Left Center Back,0.0,0.0,0.0,0.0,0.0,0.0,0.0,0.0,3.0,3.0,0.0,8.0,2.0,1.0
3920409,4894,Guinea-Bissau,9361,Houboulang Mendes,Houboulang Mendes,5,1,99.408,Right Back,0.0,0.0,0.0,0.0,0.0,0.0,0.0,0.0,1.0,3.0,4.0,7.0,1.0,2.0
3920409,4894,Guinea-Bissau,10323,Alfa Semedo,Alfa Semedo Esteves,8,0,7.1289,Center Attacking Midfield,0.0,0.0,0.0,0.0,0.0,0.0,0.0,0.0,0.0,0.0,1.0,0.0,0.0,1.0
3920409,4894,Guinea-Bissau,10854,Dálcio,Euciodálcio Gomes,7,1,92.2791,Center Attacking Midfield,2.0,0.0,0.077,2.0,0.0,0.077,3.0,0.0,0.0,0.0,1.0,25.0,2.0,1.0
3920409,4894,Guinea-Bissau,12175,Carlos Gomes,Carlos Mendes Gomes,13,1,49.2791,Left Wing,0.0,0.0,0.0,0.0,0.0,0.0,0.0,0.0,1.0,0.0,2.0,4.0,0.0,0.0
3920409,4894,Guinea-Bissau,20840,Zinho Gano,Zinho Gano,9,1,49.2791,Center Forward,1.0,0.0,0.06,1.0,0.0,0.06,0.0,0.0,0.0,1.0,0.0,11.0,1.0,0.0
3920409,4894,Guinea-Bissau,23013,Nanu,Eulânio Ângelo Chipela Gomes,21,1,84.3291,Left Back,0.0,0.0,0.0,0.0,0.0,0.0,0.0,0.0,3.0,2.0,2.0,6.0,7.0,0.0
3920409,4894,Guinea-Bissau,36813,Janio Bikel,Janio Bikel Figueiredo Silva,19,1,99.408,Left Defensive Midfield,0.0,0.0,0.0,0.0,0.0,0.0,1.0,0.0,2.0,0.0,0.0,17.0,3.0,3.0
3920409,4894,Guinea-Bissau,41052,Fali Candé,Fali Candé,2,0,15.0789,Left Back,2.0,0.0,0.0646,2.0,0.0,0.0646,2.0,0.0,0.0,0.0,0.0,0.0,1.0,0.0
3920409,4894,Guinea-Bissau,46312,Famana Quizera,Famana Quizera,18,1,71.8958,Right Wing,4.0,0.0,0.0641,4.0,0.0,0.0641,2.0,0.0,2.0,0.0,0.0,17.0,1.0,2.0
3920409,4894,Guinea-Bissau,68500,Jonas Mendes,Jonas Asvedo Mendes,1,1,99.408,Goalkeeper,0.0,0.0,0.0,0.0,0.0,0.0,0.0,0.0,0.0,0.0,0.0,0.0,2.0,0.0
3920409,4894,Guinea-Bissau,143863,Franculino Djú,Franculino Gluda Djú,3,0,50.1289,Center Forward,0.0,0.0,0.0,0.0,0.0,0.0,0.0,0.0,0.0,0.0,0.0,13.0,3.0,0.0
3920409,4894,Guinea-Bissau,363738,Nito Gomes,Fernando de Lacerda Gomes,6,1,99.408,Right Defensive Midfield,2.0,0.0,0.075,2.0,0.0,0.075,0.0,0.0,2.0,3.0,0.0,17.0,4.0,3.0
3920409,4894,Guinea-Bissau,380983,Zé Turbo,José Correia,24,0,27.5122,Right Wing,0.0,0.0,0.0,0.0,0.0,0.0,0.0,0.0,0.0,0.0,0.0,1.0,0.0,0.0
3920409,4894,Guinea-Bissau,391434,Marciano Sanca,Marciano Sanca Tchami,11,0,50.1289,Left Wing,1.0,0.0,0.0108,1.0,0.0,0.0108,0.0,0.0,0.0,0.0,0.0,7.0,2.0,2.0
3920410,4885,Ghana,2989,Alexander Djiku,Alexander Djiku,23,1,101.2755,Right Center Back,0.0,0.0,0.0,0.0,0.0,0.0,0.0,0.0,0.0,6.0,1.0,3.0,1.0,0.0
3920410,4885,Ghana,3347,André Ayew,André Ayew Pelé,10,0,51.1495,Right Wing,0.0,0.0,0.0,0.0,0.0,0.0,1.0,0.0,0.0,0.0,0.0,9.0,3.0,1.0
3920410,4885,Ghana,3450,Jordan Ayew,Jordan Ayew,9,1,101.2755,Left Wing,2.0,2.0,1.567,0.0,0.0,0.0,2.0,0.0,1.0,0.0,1.0,15.0,2.0,1.0
3920410,4885,Ghana,3709,Daniel Amartey,Daniel Amartey,18,0,24.5995,Right Center Back,0.0,0.0,0.0,0.0,0.0,0.0,0.0,0.0,0.0,1.0,0.0,0.0,0.0,0.0
3920410,4885,Ghana,6393,Iñaki Williams,Iñaki Williams Arthuer,19,0,7.3662,Right Attacking Midfield,0.0,0.0,0.0,0.0,0.0,0.0,0.0,0.0,0.0,0.0,0.0,0.0,0.0,0.0
3920410,4885,Ghana,9286,Antoine Semenyo,Antoine Semenyo,25,1,76.676,Center Forward,1.0,0.0,0.0413,1.0,0.0,0.0413,0.0,0.0,0.0,0.0,1.0,11.0,2.0,2.0
3920410,4885,Ghana,12259,Denis Odoi,Denis Odoi,3,1,76.5094,Right Back,0.0,0.0,0.0,0.0,0.0,0.0,0.0,0.0,4.0,5.0,0.0,10.0,3.0,1.0
3920410,4885,Ghana,16546,Joseph Paintsil,Joseph Paintsil,13,1,50.126,Right Wing,0.0,0.0,0.0,0.0,0.0,0.0,0.0,0.0,4.0,0.0,0.0,13.0,1.0,0.0
3920410,4885,Ghana,17033,Mohammed Kudus,Mohammed Kudus,20,1,93.9094,Center Attacking Midfield,5.0,0.0,0.2349,5.0,0.0,0.2349,0.0,0.0,0.0,0.0,0.0,7.0,11.0,2.0
3920410,4885,Ghana,23615,Gideon Mensah,Gideon Mensah,14,1,101.2755,Left Back,0.0,0.0,0.0,0.0,0.0,0.0,0.0,0.0,0.0,2.0,1.0,12.0,2.0,1.0
3920410,4885,Ghana,24087,Iddrisu Baba,Iddrisu Baba Mohammed,26,0,64.7089,Right Defensive Midfield,0.0,0.0,0.0,0.0,0.0,0.0,1.0,0.0,0.0,0.0,0.0,8.0,6.0,2.0
3920410,4885,Ghana,30519,Mohamed Salisu,Mohamed Salisu,6,1,101.2755,Left Center Back,0.0,0.0,0.0,0.0,0.0,0.0,0.0,0.0,4.0,17.0,2.0,10.0,4.0,1.0
3920410,4885,Ghana,30693,Majeed Ashimeru,Majeed Ashimeru,8,1,35.05,Right Defensive Midfield,0.0,0.0,0.0,0.0,0.0,0.0,0.0,0.0,0.0,1.0,0.0,7.0,2.0,0.0
3920410,4885,Ghana,31029,Salis Abdul Samed,Salis Abdul Samed,21,1,101.2755,Left Defensive Midfield,0.0,0.0,0.0,0.0,0.0,0.0,0.0,0.0,1.0,3.0,3.0,17.0,6.0,0.0
3920410,4885,Ghana,45047,Alidu Seidu,Alidu Seidu,2,0,24.7662,Right Wing Back,0.0,0.0,0.0,0.0,0.0,0.0,0.0,0.0,1.0,0.0,1.0,2.0,1.0,0.0
3920410,4885,Ghana,68757,Richard Ofori Antwi,Richard Ofori Antwi,1,1,101.2755,Goalkeeper,0.0,0.0,0.0,0.0,0.0,0.0,0.0,0.0,0.0,0.0,0.0,0.0,4.0,0.0
3920410,4978,Mozambique,3250,Mexer,Edson André Sitoe,17,1,101.2755,Right Center Back,1.0,0.0,0.0058,1.0,0.0,0.0058,0.0,0.0,2.0,2.0,2.0,5.0,3.0,1.0
3920410,4978,Mozambique,10848,Reinildo Mandava,Reinildo Isnard Mandava,15,1,101.2755,Left Center Back,2.0,1.0,0.0865,2.0,1.0,0.0865,1.0,0.0,4.0,4.0,2.0,11.0,5.0,1.0
3920410,4978,Mozambique,10865,Witi,Witiness Chimoio João Quembo,19,1,65.4427,Left Wing,1.0,0.0,0.0089,1.0,0.0,0.0089,1.0,0.0,2.0,0.0,0.0,6.0,1.0,0.0
3920410,4978,Mozambique,23706,Alfons Amade,Alfons Amade,16,1,77.7094,Right Defensive Midfield,2.0,0.0,0.1717,2.0,0.0,0.1717,1.0,0.0,0.0,1.0,1.0,15.0,5.0,1.0
3920410,4978,Mozambique,29482,Ricardo Guimarães,Ricardo Martins Guimarães,21,1,91.5094,Center Attacking Midfield,0.0,0.0,0.0,0.0,0.0,0.0,1.0,0.0,1.0,0.0,0.0,24.0,6.0,2.0
3920410,4978,Mozambique,106068,Gildo Lourenço,Gildo Lourenço Vilanculos,18,0,35.8328,Left Midfield,2.0,0.0,0.1003,2.0,0.0,0.1003,1.0,0.0,0.0,0.0,0.0,2.0,1.0,0.0
3920410,4978,Mozambique,106070,Bruno Langa,Bruno Alberto Langa,5,1,101.2755,Left Back,1.0,0.0,0.1632,1.0,0.0,0.1632,1.0,0.0,1.0,2.0,1.0,4.0,9.0,0.0
3920410,4978,Mozambique,106074,Dominguês,Elias Gaspar Pelembe,7,0,23.5662,Left Defensive Midfield,0.0,0.0,0.0,0.0,0.0,0.0,1.0,0.0,1.0,0.0,0.0,6.0,2.0,0.0
3920410,4978,Mozambique,106082,Lau King,Pachoio Lau Há King,9,1,91.426,Center Forward,1.0,0.0,0.0737,1.0,0.0,0.0737,1.0,0.0,0.0,0.0,0.0,7.0,1.0,0.0
3920410,4978,Mozambique,127300,Geny Cipriano Catamo,Geny Cipriano Catamo,20,1,100.3922,Right Wing,2.0,1.0,0.8239,1.0,0.0,0.0404,1.0,1.0,1.0,1.0,0.0,14.0,3.0,3.0
3920410,4978,Mozambique,127547,Stanley Ratifo,Stanley Ratifo,13,0,23.5828,Left Center Forward,0.0,0.0,0.0,0.0,0.0,0.0,0.0,0.0,0.0,0.0,0.0,0.0,0.0,0.0
3920410,4978,Mozambique,129475,Nené,Feliciano João Jone,4,1,77.6927,Left Defensive Midfield,1.0,0.0,0.086,1.0,0.0,0.086,0.0,0.0,1.0,1.0,2.0,7.0,4.0,1.0
3920410,4978,Mozambique,136069,Shaquille Momad Nangy,Shaquille Momad Nangy,23,0,9.7662,Center Defensive Midfield,0.0,0.0,0.0,0.0,0.0,0.0,0.0,0.0,1.0,0.0,0.0,0.0,0.0,0.0
3920410,4978,Mozambique,161718,Ivane Carminio Francisco Urrubal,Ivane Carminio Francisco Urrubal,22,1,101.2755,Goalkeeper,0.0,0.0,0.0,0.0,0.0,0.0,0.0,0.0,0.0,0.0,0.0,0.0,3.0,0.0
3920410,4978,Mozambique,417067,Nanani,Infren David da Conceição Matola,2,1,101.2755,Right Back,1.0,0.0,0.0196,1.0,0.0,0.0196,0.0,0.0,1.0,2.0,1.0,15.0,5.0,1.0
3920410,4978,Mozambique,417068,João Bonde,João José Jone Bonde,11,0,9.8495,Right Center Midfield,0.0,0.0,0.0,0.0,0.0,0.0,0.0,0.0,0.0,0.0,0.0,2.0,0.0,0.0
3920411,774,Egypt,4063,Ahmed Hegazy,Ahmed Elsayed Ali Elsayed Hegazy,6,1,107.7481,Right Center Back,0.0,0.0,0.0,0.0,0.0,0.0,2.0,1.0,5.0,1.0,1.0,11.0,2.0,2.0
3920411,774,Egypt,5257,Kahraba,Mahmoud Abdul Monem Abdelhamid Soliman,11,0,29.2119,Right Center Forward,0.0,0.0,0.0,0.0,0.0,0.0,0.0,0.0,0.0,0.0,1.0,4.0,0.0,0.0
3920411,774,Egypt,5261,Trézéguet,Mahmoud Ibrahim Hassan,7,0,57.6786,Left Midfield,4.0,1.0,0.2834,4.0,1.0,0.2834,2.0,1.0,0.0,0.0,1.0,4.0,2.0,0.0
3920411,774,Egypt,5265,Mohamed El Shenawy,Mohamed El Sayed Mohamed El Shenawy Gomaa,16,1,106.6362,Goalkeeper,0.0,0.0,0.0,0.0,0.0,0.0,0.0,0.0,0.0,0.0,0.0,0.0,4.0,0.0
3920411,774,Egypt,40761,Omar Marmoush,Omar Marmoush,22,1,87.3362,Left Wing,2.0,0.0,0.0786,2.0,0.0,0.0786,1.0,0.0,3.0,0.0,0.0,16.0,1.0,2.0
3920411,774,Egypt,66878,Zizo,Ahmed Sayed,25,1,78.5362,Right Wing,3.0,0.0,0.0734,3.0,0.0,0.0734,4.0,0.0,0.0,0.0,0.0,8.0,4.0,0.0
3920411,774,Egypt,66879,Mohamed Abougabal,Mohamed Abougabal,23,0,1.1119,Goalkeeper,0.0,0.0,0.0,0.0,0.0,0.0,0.0,0.0,0.0,0.0,0.0,0.0,0.0,0.0
3920411,774,Egypt,66886,Mostafa Mohamed,Mostafa Mohamed Ahmed Abdallah,19,1,107.7481,Center Forward,7.0,1.0,0.9758,7.0,1.0,0.9758,0.0,0.0,1.0,0.0,0.0,15.0,6.0,1.0
3920411,774,Egypt,66887,Hamdi Fathi,Hamdi Fathi,5,1,50.0695,Right Center Midfield,1.0,0.0,0.0483,1.0,0.0,0.0483,1.0,0.0,0.0,0.0,1.0,12.0,2.0,1.0
3920411,774,Egypt,66892,Mohamed Hany,Mohamed Hany Gamal Eldemerdash,3,1,107.7481,Right Back,0.0,0.0,0.0,0.0,0.0,0.0,6.0,0.0,0.0,1.0,1.0,5.0,5.0,1.0
3920411,774,Egypt,67737,Ahmed El Fotouh,Ahmed Mohamed Abo El Fotouh Mohamed,13,1,50.0695,Left Back,3.0,0.0,0.0923,3.0,0.0,0.0923,1.0,0.0,3.0,0.0,0.0,12.0,3.0,0.0
3920411,774,Egypt,67742,Emam Ashour,Emam Ashour Metwally Abdelghany,8,1,107.7481,Left Center Midfield,4.0,0.0,0.1346,4.0,0.0,0.1346,1.0,0.0,5.0,1.0,3.0,14.0,9.0,0.0
3920411,774,Egypt,68755,Mostafa Fathi,Mostafa Fathi,18,0,1.0786,Right Midfield,1.0,0.0,0.0126,1.0,0.0,0.0126,0.0,0.0,0.0,0.0,0.0,0.0,2.0,0.0
3920411,774,Egypt,69563,Mohamed Abdel Monem,Mohamed Abdelmonem,24,1,107.7481,Left Center Back,1.0,0.0,0.0459,1.0,0.0,0.0459,0.0,0.0,1.0,2.0,3.0,10.0,4.0,1.0
3920411,774,Egypt,70682,Marwan Attia,Marwan Attia Fahim Ghallab,14,1,107.7481,Center Defensive Midfield,1.0,0.0,0.0196,1.0,0.0,0.0196,1.0,0.0,1.0,1.0,1.0,23.0,5.0,3.0
3920411,774,Egypt,70835,Mohamed Hamdy,Mohamed Hamdy Sharaf,12,0,1.0786,Left Back,0.0,0.0,0.0,0.0,0.0,0.0,2.0,0.0,0.0,1.0,2.0,5.0,2.0,0.0
3920411,4924,Cape Verde Islands,7197,Steven Moreira,Steven Moreira,23,0,39.9286,Right Back,0.0,0.0,0.0,0.0,0.0,0.0,1.0,0.0,1.0,0.0,0.0,5.0,4.0,1.0
3920411,4924,Cape Verde Islands,7753,Jamiro Monteiro,Jamiro Gregory Monteiro Alvarenga,10,0,39.7119,Center Attacking Midfield,0.0,0.0,0.0,0.0,0.0,0.0,0.0,0.0,1.0,0.0,1.0,3.0,3.0,1.0
3920411,4924,Cape Verde Islands,16001,Garry Rodrigues,Garry Mendes Rodrigues,11,1,68.0362,Left Midfield,0.0,0.0,0.0,0.0,0.0,0.0,0.0,0.0,1.0,1.0,0.0,7.0,3.0,0.0
3920411,4924,Cape Verde Islands,23301,Kenny Rocha Santos,Kenny Rocha Santos,18,1,107.7481,Right Center Midfield,0.0,0.0,0.0,0.0,0.0,0.0,0.0,0.0,2.0,1.0,2.0,22.0,3.0,1.0
3920411,4924,Cape Verde Islands,28413,Willy Afonso Semedo Johnson,Willy Afonso Semedo Johnson,17,1,107.7481,Right Back,2.0,0.0,0.0533,2.0,0.0,0.0533,0.0,0.0,2.0,2.0,1.0,9.0,7.0,2.0
3920411,4924,Cape Verde Islands,32868,Bryan Alberto Silva Teixeira Jr.,Bryan Alberto Silva Teixeira Jr.,19,0,39.7952,Center Forward,2.0,1.0,0.2714,2.0,1.0,0.2714,0.0,0.0,1.0,0.0,0.0,14.0,1.0,1.0
3920411,4924,Cape Verde Islands,40485,Ryan Mendes,Ryan Isaac Mendes da Graça,20,1,67.8195,Right Midfield,0.0,0.0,0.0,0.0,0.0,0.0,2.0,1.0,1.0,2.0,0.0,4.0,3.0,1.0
3920411,4924,Cape Verde Islands,45557,Logan Costa,Logan Costa,5,1,107.7481,Right Center Back,0.0,0.0,0.0,0.0,0.0,0.0,1.0,0.0,4.0,8.0,1.0,7.0,1.0,4.0
3920411,4924,Cape Verde Islands,48342,Dylan Tavares,Dylan Tavares dos Santos,16,1,107.7481,Left Back,0.0,0.0,0.0,0.0,0.0,0.0,0.0,0.0,2.0,2.0,1.0,14.0,5.0,3.0
3920411,4924,Cape Verde Islands,50968,Patrick Andrade,Erickson Patrick Correia Andrade,6,1,74.2695,Left Center Midfield,0.0,0.0,0.0,0.0,0.0,0.0,0.0,0.0,1.0,3.0,0.0,16.0,3.0,3.0
3920411,4924,Cape Verde Islands,105931,Diney,Edilson Alberto Monteiro Sanches Borges,3,1,107.7481,Left Center Back,0.0,0.0,0.0,0.0,0.0,0.0,0.0,0.0,5.0,7.0,2.0,13.0,3.0,2.0
3920411,4924,Cape Verde Islands,105932,Vózinha,Josimar José Évora Dias,1,1,107.7481,Goalkeeper,0.0,0.0,0.0,0.0,0.0,0.0,0.0,0.0,0.0,0.0,0.0,0.0,4.0,0.0
3920411,4924,Cape Verde Islands,105936,Gilson Tavares,Gilson Benchimol Tavares,9,1,67.6195,Center Forward,2.0,1.0,0.0823,2.0,1.0,0.0823,0.0,0.0,0.0,1.0,0.0,13.0,0.0,0.0
3920411,4924,Cape Verde Islands,132800,Kevin Pina,Kevin Lenini Gonçalves Pereira de Pina,26,1,78.4195,Center Defensive Midfield,0.0,0.0,0.0,0.0,0.0,0.0,0.0,0.0,4.0,3.0,0.0,6.0,6.0,0.0
3920411,4924,Cape Verde Islands,133038,João Paulo Fernandes,João Paulo Moreira Fernandes,8,0,33.4786,Left Midfield,0.0,0.0,0.0,0.0,0.0,0.0,0.0,0.0,2.0,0.0,0.0,4.0,1.0,1.0
3920411,4924,Cape Verde Islands,179524,Cuca,Carlos Miguel Pereira Fernandes,13,0,28.5286,Right Defensive Midfield,0.0,0.0,0.0,0.0,0.0,0.0,0.0,0.0,0.0,0.0,1.0,2.0,0.0,0.0
3920412,787,Senegal,2941,Ismaïla Sarr,Ismaïla Sarr,18,1,77.445,Right Midfield,2.0,0.0,0.1052,2.0,0.0,0.1052,0.0,0.0,1.0,0.0,0.0,12.0,1.0,0.0
3920412,787,Senegal,3436,Idrissa Gueye,Idrissa Gana Gueye,5,0,25.4727,Right Center Midfield,0.0,0.0,0.0,0.0,0.0,0.0,0.0,0.0,0.0,0.0,0.0,8.0,1.0,4.0
3920412,787,Senegal,3629,Sadio Mané,Sadio Mané,10,1,101.2509,Left Midfield,2.0,0.0,0.1543,2.0,0.0,0.1543,1.0,1.0,2.0,1.0,3.0,19.0,4.0,1.0
3920412,787,Senegal,3675,Fodé Ballo Touré,Fodé Ballo Touré,12,0,9.256,Left Back,0.0,0.0,0.0,0.0,0.0,0.0,0.0,0.0,0.0,1.0,0.0,2.0,1.0,2.0
3920412,787,Senegal,3684,Cheikhou Kouyaté,Cheikhou Kouyaté,8,0,25.2726,Center Defensive Midfield,0.0,0.0,0.0,0.0,0.0,0.0,0.0,0.0,0.0,0.0,0.0,6.0,1.0,2.0
3920412,787,Senegal,4506,Nampalys Mendy,Nampalys Mendy,6,1,101.2509,Left Center Midfield,2.0,0.0,0.0511,2.0,0.0,0.0511,1.0,0.0,4.0,0.0,2.0,21.0,6.0,2.0
3920412,787,Senegal,5675,Kalidou Koulibaly,Kalidou Koulibaly,3,1,101.2509,Left Center Back,0.0,0.0,0.0,0.0,0.0,0.0,0.0,0.0,0.0,6.0,0.0,8.0,2.0,0.0
3920412,787,Senegal,7379,Edouard Mendy,Edouard Mendy,16,1,101.2509,Goalkeeper,0.0,0.0,0.0,0.0,0.0,0.0,0.0,0.0,0.0,0.0,0.0,1.0,4.0,0.0
3920412,787,Senegal,18516,Habib Diallo,Habibou Mouhamadou Diallo,20,1,92.0616,Center Forward,0.0,0.0,0.0,0.0,0.0,0.0,0.0,0.0,1.0,0.0,1.0,23.0,3.0,0.0
3920412,787,Senegal,20758,Krépin Diatta,Krépin Diatta,15,1,101.2509,Right Back,1.0,0.0,0.0542,1.0,0.0,0.0542,4.0,1.0,2.0,1.0,1.0,9.0,1.0,1.0
3920412,787,Senegal,21026,Pape Gueye,Pape Gueye,26,1,74.8283,Center Defensive Midfield,0.0,0.0,0.0,0.0,0.0,0.0,1.0,0.0,1.0,0.0,1.0,6.0,7.0,1.0
3920412,787,Senegal,25759,Abdoulaye Seck,Abdoulaye Seck,4,1,101.2509,Right Center Back,4.0,1.0,0.4248,4.0,1.0,0.4248,1.0,0.0,1.0,5.0,0.0,6.0,3.0,0.0
3920412,787,Senegal,32915,Ismail Jakobs,Ismail Jakobs,14,1,91.995,Left Back,0.0,0.0,0.0,0.0,0.0,0.0,0.0,0.0,0.0,5.0,0.0,21.0,3.0,2.0
3920412,787,Senegal,50497,Nicolas Jackson,Nicolas Jackson,7,0,9.1893,Center Forward,0.0,0.0,0.0,0.0,0.0,0.0,0.0,0.0,0.0,0.0,0.0,1.0,0.0,0.0
3920412,787,Senegal,50498,Pape Sarr,Pape Matar Sarr,17,1,75.7783,Right Center Midfield,0.0,0.0,0.0,0.0,0.0,0.0,0.0,0.0,1.0,0.0,1.0,13.0,4.0,2.0
3920412,787,Senegal,80484,Iliman Ndiaye,Iliman Ndiaye,13,0,23.806,Right Midfield,1.0,1.0,0.1531,1.0,1.0,0.1531,0.0,0.0,1.0,0.0,0.0,3.0,2.0,0.0
3920412,4892,Guinea,4352,Issiaga Sylla,Issiaga Sylla,3,1,101.2509,Left Back,0.0,0.0,0.0,0.0,0.0,0.0,1.0,0.0,1.0,1.0,0.0,9.0,4.0,3.0
3920412,4892,Guinea,8284,Amadou Diawara,Amadou Diawara,6,1,101.2509,Right Defensive Midfield,0.0,0.0,0.0,0.0,0.0,0.0,0.0,0.0,2.0,3.0,0.0,14.0,4.0,3.0
3920412,4892,Guinea,8454,Mohamed Bayo,Mohamed Bayo,11,0,33.4726,Center Forward,0.0,0.0,0.0,0.0,0.0,0.0,0.0,0.0,1.0,0.0,0.0,6.0,0.0,0.0
3920412,4892,Guinea,8505,Naby Keïta,Naby Deco Keïta,8,1,67.8283,Right Center Forward,0.0,0.0,0.0,0.0,0.0,0.0,1.0,0.0,1.0,1.0,0.0,9.0,4.0,2.0
3920412,4892,Guinea,9102,Serhou Guirassy,Serhou Guirassy,9,1,67.7783,Left Center Forward,0.0,0.0,0.0,0.0,0.0,0.0,0.0,0.0,1.0,2.0,0.0,3.0,0.0,0.0
3920412,4892,Guinea,16025,Mohamed Aly Camara,Mohamed Aly Camara,13,1,100.8009,Left Center Back,0.0,0.0,0.0,0.0,0.0,0.0,0.0,0.0,5.0,6.0,0.0,4.0,5.0,2.0
3920412,4892,Guinea,39073,Ilaix Moriba,Moriba Kourouma Kourouma,10,1,77.445,Left Defensive Midfield,0.0,0.0,0.0,0.0,0.0,0.0,0.0,0.0,1.0,0.0,2.0,9.0,5.0,0.0
3920412,4892,Guinea,39559,Aguibou Camara,Aguibou Camara,18,1,100.4509,Right Midfield,1.0,0.0,0.0371,1.0,0.0,0.0371,1.0,0.0,3.0,0.0,1.0,28.0,5.0,4.0
3920412,4892,Guinea,46008,Saidou Sow,Saidou Sow,4,1,101.2509,Right Center Back,0.0,0.0,0.0,0.0,0.0,0.0,0.0,0.0,1.0,5.0,1.0,8.0,1.0,4.0
3920412,4892,Guinea,47351,Morgan Guilavogui,Morgan Guilavogui,7,0,33.4227,Right Wing,2.0,0.0,0.4053,2.0,0.0,0.4053,1.0,0.0,1.0,0.0,0.0,5.0,4.0,0.0
3920412,4892,Guinea,131849,Antoine Conte,Antoine Conte,2,1,68.1283,Right Back,0.0,0.0,0.0,0.0,0.0,0.0,0.0,0.0,2.0,0.0,1.0,8.0,3.0,2.0
3920412,4892,Guinea,133549,Seydouba Cisse,Seydouba Cisse,15,0,23.806,Left Defensive Midfield,0.0,0.0,0.0,0.0,0.0,0.0,0.0,0.0,0.0,0.0,0.0,4.0,6.0,1.0
3920412,4892,Guinea,176683,Ibrahim Diakité,Ibrahim Diakité,12,0,33.1226,Right Back,0.0,0.0,0.0,0.0,0.0,0.0,0.0,0.0,1.0,1.0,0.0,1.0,1.0,0.0
3920412,4892,Guinea,182573,Ibrahim Kone,Ibrahim Kone,22,1,101.2509,Goalkeeper,0.0,0.0,0.0,0.0,0.0,0.0,0.0,0.0,0.0,0.0,0.0,0.0,4.0,0.0
3920412,4892,Guinea,404676,Karim Cissé,Karim Cissé,14,0,18.356,Center Attacking Midfield,0.0,0.0,0.0,0.0,0.0,0.0,0.0,0.0,1.0,0.0,0.0,6.0,2.0,1.0
3920412,4892,Guinea,406457,Facinet Conte,Facinet Conte,25,1,82.895,Left Midfield,1.0,0.0,0.1107,1.0,0.0,0.1107,0.0,0.0,0.0,0.0,0.0,10.0,1.0,3.0
3920413,2722,Cameroon,3141,André Zambo Anguissa,André-Frank Zambo Anguissa,8,1,104.556,Right Defensive Midfield,0.0,0.0,0.0,0.0,0.0,0.0,0.0,0.0,2.0,2.0,1.0,22.0,10.0,2.0
3920413,2722,Cameroon,3551,Karl Toko Ekambi,Karl Brillant Toko Ekambi,12,1,104.556,Right Wing,4.0,1.0,0.6212,4.0,1.0,0.6212,2.0,0.0,1.0,0.0,0.0,10.0,5.0,0.0
3920413,2722,Cameroon,3639,Georges-Kevin N'Koudou,Georges-Kévin Nkoudou Mbida,11,1,100.745,Left Wing,2.0,0.0,0.1372,2.0,0.0,0.1372,2.0,2.0,1.0,0.0,0.0,10.0,5.0,1.0
3920413,2722,Cameroon,7355,Olivier Kemen,Olivier Michel Kemen,6,0,20.6778,Right Center Midfield,0.0,0.0,0.0,0.0,0.0,0.0,0.0,0.0,0.0,0.0,0.0,2.0,0.0,0.0
3920413,2722,Cameroon,7386,Harold Moukoudi,Harold Moukoudi,2,0,3.8111,Center Back,0.0,0.0,0.0,0.0,0.0,0.0,0.0,0.0,0.0,0.0,0.0,0.0,0.0,0.0
3920413,2722,Cameroon,7426,Jean-Charles Castelletto,Jean-Charles Castelletto,21,1,104.556,Right Center Back,0.0,0.0,0.0,0.0,0.0,0.0,1.0,0.0,1.0,5.0,4.0,5.0,5.0,1.0
3920413,2722,Cameroon,10530,Olivier Ntcham,Jules Olivier Ntcham,22,1,104.556,Left Defensive Midfield,1.0,0.0,0.0175,1.0,0.0,0.0175,1.0,0.0,3.0,1.0,0.0,16.0,5.0,2.0
3920413,2722,Cameroon,13454,Nouhou Tolo,Nouhou Tolo,5,1,104.556,Left Center Back,1.0,0.0,0.0996,1.0,0.0,0.0996,0.0,0.0,2.0,8.0,2.0,10.0,4.0,1.0
3920413,2722,Cameroon,24670,Fabrice Ondoa,Joseph Fabrice Ondoa Ebogo,1,1,104.556,Goalkeeper,0.0,0.0,0.0,0.0,0.0,0.0,0.0,0.0,0.0,0.0,0.0,0.0,1.0,0.0
3920413,2722,Cameroon,32190,Darline Yongwa,Darlin Zidane Yongwa Ngameni,18,1,83.8783,Left Wing Back,0.0,0.0,0.0,0.0,0.0,0.0,2.0,0.0,4.0,1.0,0.0,18.0,2.0,1.0
3920413,2722,Cameroon,34293,Faris Moumbagna,Faris Pemi Moumbagna,19,0,29.0611,Center Forward,0.0,0.0,0.0,0.0,0.0,0.0,0.0,0.0,0.0,1.0,0.0,2.0,1.0,0.0
3920413,2722,Cameroon,74588,Christopher Wooh,Christopher Wooh,4,1,104.556,Center Back,2.0,1.0,0.2287,2.0,1.0,0.2287,0.0,0.0,1.0,10.0,3.0,12.0,4.0,1.0
3920413,2722,Cameroon,135043,Enzo Gianni Tchato Mbiayi,Enzo Gianni Tchato Mbiayi,26,1,104.556,Right Wing Back,0.0,0.0,0.0,0.0,0.0,0.0,2.0,0.0,4.0,5.0,2.0,21.0,4.0,2.0
3920413,2722,Cameroon,189348,Frank Magri,Frank Magri,9,1,75.495,Center Forward,3.0,0.0,0.2631,3.0,0.0,0.2631,1.0,0.0,0.0,0.0,0.0,19.0,2.0,0.0
3920413,4934,Gambia,4471,Ablie Jallow,Ablie Jallow,3,1,87.5783,Right Midfield,3.0,1.0,0.2782,3.0,1.0,0.2782,1.0,0.0,3.0,1.0,0.0,11.0,5.0,0.0
3920413,4934,Gambia,6988,Musa Barrow,Musa Barrow,10,1,104.556,Center Attacking Midfield,4.0,0.0,0.1747,4.0,0.0,0.1747,2.0,0.0,1.0,2.0,0.0,8.0,8.0,0.0
3920413,4934,Gambia,12498,Omar Colley,Omar Colley,5,1,68.6783,Left Center Back,0.0,0.0,0.0,0.0,0.0,0.0,0.0,0.0,3.0,8.0,0.0,10.0,4.0,3.0
3920413,4934,Gambia,16329,Bubacarr Sanneh,Bubacarr Sanneh,25,0,31.8111,Right Center Back,0.0,0.0,0.0,0.0,0.0,0.0,0.0,0.0,0.0,3.0,0.0,0.0,0.0,0.0
3920413,4934,Gambia,16607,Assan Ceesay,Assan Ceesay,9,0,27.2111,Center Forward,1.0,0.0,0.1269,1.0,0.0,0.1269,1.0,1.0,0.0,0.0,0.0,3.0,0.0,0.0
3920413,4934,Gambia,28212,Alasana Manneh,Alasana Manneh,16,1,104.556,Right Defensive Midfield,1.0,0.0,0.0511,1.0,0.0,0.0511,0.0,0.0,0.0,1.0,2.0,15.0,8.0,1.0
3920413,4934,Gambia,33342,Ebrima Colley,Ebrima Colley,19,0,16.1277,Left Defensive Midfield,1.0,1.0,0.2359,1.0,1.0,0.2359,0.0,0.0,0.0,0.0,0.0,1.0,0.0,0.0
3920413,4934,Gambia,35689,James Gomez,James Gomez,12,1,104.556,Right Center Back,0.0,0.0,0.0,0.0,0.0,0.0,0.0,0.0,1.0,5.0,2.0,4.0,3.0,0.0
3920413,4934,Gambia,44311,Alieu Fadera,Alieu Fadera,7,0,31.5444,Right Midfield,2.0,0.0,0.2237,2.0,0.0,0.2237,1.0,1.0,1.0,0.0,0.0,6.0,5.0,1.0
3920413,4934,Gambia,47762,Jacob Mendy,Jacob Mendy,15,1,104.556,Left Back,0.0,0.0,0.0,0.0,0.0,0.0,0.0,0.0,4.0,2.0,1.0,15.0,6.0,1.0
3920413,4934,Gambia,50938,Ali Sowe,Ali Sowe,26,1,77.345,Center Forward,2.0,0.0,0.1584,2.0,0.0,0.1584,0.0,0.0,1.0,0.0,0.0,19.0,1.0,0.0
3920413,4934,Gambia,82922,Muhammed Sanneh,Muhammed Sanneh,21,1,104.556,Right Back,0.0,0.0,0.0,0.0,0.0,0.0,0.0,0.0,3.0,4.0,2.0,14.0,3.0,6.0
3920413,4934,Gambia,105952,Yusupha Bobb,Yusupha Bobb,27,1,73.0116,Left Defensive Midfield,0.0,0.0,0.0,0.0,0.0,0.0,0.0,0.0,2.0,1.0,1.0,15.0,0.0,0.0
3920413,4934,Gambia,185579,Baboucarr Gaye,Baboucarr Gaye,18,1,104.556,Goalkeeper,0.0,0.0,0.0,0.0,0.0,0.0,0.0,0.0,0.0,0.0,0.0,0.0,4.0,0.0
3920413,4934,Gambia,307271,Yankuba Minteh,Yankuba Minteh,20,1,103.2227,Left Midfield,1.0,0.0,0.0475,1.0,0.0,0.0475,5.0,0.0,5.0,1.0,0.0,27.0,4.0,1.0
3920414,4921,Burkina Faso,2956,Bertrand Traoré,Bertrand Isidore Traoré,10,1,80.9586,Right Wing,4.0,0.0,0.1045,4.0,0.0,0.1045,0.0,0.0,0.0,0.0,1.0,6.0,3.0,1.0
3920414,4921,Burkina Faso,3035,Steeve Yago,Steeve Yago,25,0,22.0126,Left Back,0.0,0.0,0.0,0.0,0.0,0.0,0.0,0.0,0.0,0.0,1.0,2.0,2.0,0.0
3920414,4921,Burkina Faso,4388,Kouakou Herve Koffi,Kouakou Herve Koffi,16,1,102.9212,Goalkeeper,0.0,0.0,0.0,0.0,0.0,0.0,0.0,0.0,0.0,0.0,0.0,0.0,1.0,0.0
3920414,4921,Burkina Faso,30606,Edmond Fayçal Tapsoba,Edmond Fayçal Tapsoba,12,1,102.9212,Left Center Back,3.0,0.0,0.1259,3.0,0.0,0.1259,0.0,0.0,0.0,5.0,0.0,3.0,7.0,2.0
3920414,4921,Burkina Faso,32767,Hassane Bandé,Boureima Hassane Bandé,19,0,9.8459,Center Attacking Midfield,0.0,0.0,0.0,0.0,0.0,0.0,0.0,0.0,0.0,0.0,0.0,1.0,0.0,0.0
3920414,4921,Burkina Faso,35471,Issa Kabore,Issa Kabore,9,1,102.9212,Right Back,1.0,0.0,0.1996,1.0,0.0,0.1996,3.0,0.0,2.0,0.0,0.0,13.0,6.0,2.0
3920414,4921,Burkina Faso,43705,Abdoul Tapsoba,Abdoul Fessal Tapsoba,15,0,21.9625,Left Wing,0.0,0.0,0.0,0.0,0.0,0.0,0.0,0.0,0.0,0.0,0.0,3.0,0.0,0.0
3920414,4921,Burkina Faso,44307,Cédric Badolo,Cédric Badolo,8,1,49.792,Left Wing,1.0,0.0,0.0074,1.0,0.0,0.0074,1.0,0.0,0.0,0.0,0.0,6.0,2.0,0.0
3920414,4921,Burkina Faso,45466,Gustavo Sangaré,Gustavo Fabrice Sangaré,20,1,102.9212,Right Defensive Midfield,1.0,0.0,0.0596,1.0,0.0,0.0596,3.0,0.0,1.0,0.0,0.0,21.0,8.0,4.0
3920414,4921,Burkina Faso,95042,Dango Ouattara,Dango Aboubacar Faissal Ouattara,7,1,102.9212,Center Forward,4.0,0.0,0.3457,4.0,0.0,0.3457,4.0,0.0,0.0,0.0,0.0,22.0,9.0,0.0
3920414,4921,Burkina Faso,102800,Issoufou Dayo,Issoufou Dayo,14,1,102.9212,Right Center Back,1.0,0.0,0.0187,1.0,0.0,0.0187,0.0,0.0,0.0,2.0,1.0,2.0,1.0,1.0
3920414,4921,Burkina Faso,106681,Ismahila Ouédraogo,Ismahila Ouédraogo,18,1,92.992,Left Defensive Midfield,0.0,0.0,0.0,0.0,0.0,0.0,0.0,0.0,3.0,0.0,2.0,21.0,4.0,3.0
3920414,4921,Burkina Faso,138875,Djibril Cheick Ouattara,Djibril Cheick Ouattara,2,0,53.1292,Left Wing,1.0,0.0,0.0489,1.0,0.0,0.0489,0.0,0.0,0.0,0.0,0.0,2.0,0.0,0.0
3920414,4921,Burkina Faso,225436,Abdoul Razack Guiebre,Abdoul Razack Guiebre,3,1,80.9086,Left Back,2.0,0.0,0.0253,2.0,0.0,0.0253,0.0,0.0,2.0,2.0,4.0,13.0,4.0,5.0
3920414,4921,Burkina Faso,225437,Stephane Ki,Stephane Aziz Ki,17,1,93.0753,Center Attacking Midfield,2.0,0.0,0.0595,2.0,0.0,0.0595,4.0,0.0,4.0,1.0,0.0,16.0,2.0,0.0
3920414,4921,Burkina Faso,300924,Sacha Jordan Bansé,Sacha Jordan Bansé,6,0,9.9292,Left Defensive Midfield,0.0,0.0,0.0,0.0,0.0,0.0,0.0,0.0,0.0,0.0,0.0,2.0,1.0,0.0
3920414,4901,Angola,10577,Gelson,Jacinto Muondo Dala,10,1,60.0253,Left Midfield,0.0,0.0,0.0,0.0,0.0,0.0,2.0,0.0,0.0,2.0,0.0,9.0,4.0,1.0
3920414,4901,Angola,10844,Fredy,Alfredo Kulembe Ribeiro,16,1,81.4753,Right Center Midfield,0.0,0.0,0.0,0.0,0.0,0.0,1.0,1.0,4.0,2.0,0.0,19.0,4.0,1.0
3920414,4901,Angola,22274,Bruno Paz,Bruno Lourenço Pinto de Almeida Paz,17,1,68.142,Center Defensive Midfield,0.0,0.0,0.0,0.0,0.0,0.0,0.0,0.0,1.0,0.0,0.0,17.0,2.0,3.0
3920414,4901,Angola,23983,Jérémy Bela,Jérémy Bela,18,0,41.2126,Left Wing,1.0,0.0,0.0494,1.0,0.0,0.0494,0.0,0.0,1.0,1.0,2.0,6.0,0.0,0.0
3920414,4901,Angola,30626,Estrela,Valdomiro Tualungo Paulo Lameiras,20,1,102.9212,Left Center Midfield,0.0,0.0,0.0,0.0,0.0,0.0,1.0,0.0,3.0,1.0,1.0,17.0,3.0,1.0
3920414,4901,Angola,31016,Show,Manuel Luís da Silva Cafumana,23,0,34.7792,Left Defensive Midfield,0.0,0.0,0.0,0.0,0.0,0.0,0.0,0.0,0.0,1.0,1.0,5.0,1.0,0.0
3920414,4901,Angola,41045,Milson,Felicio Mendes Joao Milson,11,0,21.6126,Center Attacking Midfield,0.0,0.0,0.0,0.0,0.0,0.0,0.0,0.0,0.0,0.0,0.0,8.0,0.0,0.0
3920414,4901,Angola,90913,Zito Luvumbo,Zito André Sebastião Luvumbo,15,0,40.9292,Right Wing,0.0,0.0,0.0,0.0,0.0,0.0,1.0,0.0,1.0,0.0,1.0,5.0,2.0,0.0
3920414,4901,Angola,103208,Kialonda Gaspar,Kialonda Gaspar,6,1,102.9212,Right Center Back,0.0,0.0,0.0,0.0,0.0,0.0,0.0,0.0,5.0,10.0,3.0,7.0,3.0,0.0
3920414,4901,Angola,128881,Mabululu,Cristóvão Paciência Mabululo,19,1,81.3086,Center Forward,4.0,1.0,0.2239,4.0,1.0,0.2239,0.0,0.0,0.0,1.0,0.0,16.0,1.0,2.0
3920414,4901,Angola,135849,Neblú,Adilson Cipriano da Cruz,22,1,102.9212,Goalkeeper,0.0,0.0,0.0,0.0,0.0,0.0,0.0,0.0,0.0,0.0,0.0,0.0,5.0,0.0
3920414,4901,Angola,135851,Tó Carneiro,Augusto de Jesus Corte Real Carneiro,13,1,102.9212,Left Back,0.0,0.0,0.0,0.0,0.0,0.0,0.0,0.0,2.0,9.0,1.0,20.0,8.0,5.0
3920414,4901,Angola,136312,Zini,Ambrosini Antonio Cabaça Salvador,9,0,21.4459,Center Forward,1.0,1.0,0.6109,1.0,1.0,0.6109,0.0,0.0,1.0,2.0,0.0,2.0,1.0,0.0
3920414,4901,Angola,145058,Eddie Afonso,Eddie Marcos Melo Afonso,21,1,102.9212,Right Back,0.0,0.0,0.0,0.0,0.0,0.0,0.0,0.0,3.0,1.0,3.0,9.0,5.0,2.0
3920414,4901,Angola,270407,Kinito,Joaquim Marcos Cunga Balanga,5,1,102.9212,Left Center Back,0.0,0.0,0.0,0.0,0.0,0.0,0.0,0.0,1.0,9.0,0.0,8.0,2.0,0.0
3920414,4901,Angola,389328,Gilberto,Deivi Miguel Vieira,7,1,61.992,Right Midfield,0.0,0.0,0.0,0.0,0.0,0.0,0.0,0.0,1.0,0.0,0.0,15.0,2.0,0.0
3920415,4932,Mauritania,3255,Guessouma Fofana,Guessouma Fofana,6,0,31.9808,Center Forward,1.0,0.0,0.2394,1.0,0.0,0.2394,0.0,0.0,0.0,1.0,0.0,10.0,4.0,1.0
3920415,4932,Mauritania,10280,Aboubakar Kamara,Aboubakar Kamara,27,0,21.3141,Center Forward,1.0,0.0,0.0595,1.0,0.0,0.0595,2.0,0.0,0.0,0.0,0.0,5.0,1.0,1.0
3920415,4932,Mauritania,23892,Aboubakary Koita,Aboubakary Koita,19,1,85.854,Center Attacking Midfield,3.0,0.0,0.2919,3.0,0.0,0.2919,0.0,0.0,3.0,0.0,0.0,16.0,7.0,0.0
3920415,4932,Mauritania,36951,Babacar Niasse,Babacar Niasse,16,1,107.1681,Goalkeeper,0.0,0.0,0.0,0.0,0.0,0.0,0.0,0.0,0.0,0.0,0.0,0.0,3.0,0.0
3920415,4932,Mauritania,45064,Pape Ibnou Bâ,Pape Ibnou Bâ,25,0,20.9141,Left Midfield,1.0,0.0,0.3295,1.0,0.0,0.3295,1.0,0.0,0.0,2.0,0.0,0.0,3.0,0.0
3920415,4932,Mauritania,49763,Souleymane Anne,Souleymane Anne,11,1,75.1874,Center Forward,2.0,0.0,0.0575,2.0,0.0,0.0575,1.0,0.0,1.0,1.0,0.0,13.0,2.0,2.0
3920415,4932,Mauritania,102661,Mohamed Dellahi Yali,Mohamed Dellahi Yali,14,1,70.9874,Right Center Back,2.0,1.0,0.1043,2.0,1.0,0.1043,0.0,0.0,0.0,7.0,0.0,4.0,3.0,1.0
3920415,4932,Mauritania,128053,Idrissa Thiam,Idrissa Thiam,10,1,86.1374,Left Wing,3.0,0.0,0.1321,3.0,0.0,0.1321,4.0,0.0,4.0,1.0,1.0,17.0,3.0,3.0
3920415,4932,Mauritania,136115,El Hacen Houeibib,El Hacen Houeibib,21,0,35.3308,Right Center Back,0.0,0.0,0.0,0.0,0.0,0.0,0.0,0.0,2.0,5.0,0.0,2.0,1.0,1.0
3920415,4932,Mauritania,146933,Bodda Mouhsine,Bodda Mouhsine,8,1,107.1681,Right Defensive Midfield,2.0,0.0,0.0877,2.0,0.0,0.0877,0.0,0.0,3.0,2.0,1.0,31.0,2.0,2.0
3920415,4932,Mauritania,264954,Lamine Ba,Lamine Ba,5,1,107.1681,Left Center Back,0.0,0.0,0.0,0.0,0.0,0.0,0.0,0.0,1.0,6.0,1.0,6.0,1.0,0.0
3920415,4932,Mauritania,264956,Ibrahima Keita,Ibrahima Keita,20,1,107.1681,Right Back,0.0,0.0,0.0,0.0,0.0,0.0,0.0,0.0,3.0,8.0,4.0,25.0,1.0,5.0
3920415,4932,Mauritania,315395,Bakari Camara,Bakari Camara,12,0,21.7308,Right Midfield,1.0,0.0,0.0054,1.0,0.0,0.0054,0.0,0.0,2.0,2.0,0.0,8.0,1.0,0.0
3920415,4932,Mauritania,341163,Omaré Gassama,Omaré Gassama,4,1,107.1681,Left Defensive Midfield,1.0,0.0,0.021,1.0,0.0,0.021,0.0,0.0,3.0,1.0,1.0,21.0,5.0,2.0
3920415,4932,Mauritania,389292,Khadim Diaw,Khadim Diaw,2,1,107.1681,Left Back,0.0,0.0,0.0,0.0,0.0,0.0,1.0,0.0,1.0,6.0,1.0,17.0,2.0,0.0
3920415,4932,Mauritania,416907,Sidi Bouna Sidi Amar,Sidi Bouna Sidi Amar,23,1,83.954,Right Wing,0.0,0.0,0.0,0.0,0.0,0.0,1.0,0.0,5.0,1.0,1.0,21.0,6.0,3.0
3920415,4898,Algeria,3811,Islam Slimani,Islam Slimani,13,0,33.6808,Left Center Forward,0.0,0.0,0.0,0.0,0.0,0.0,0.0,0.0,0.0,0.0,0.0,0.0,0.0,0.0
3920415,4898,Algeria,3814,Riyad Mahrez,Riyad Mahrez,7,0,57.3641,Right Midfield,0.0,0.0,0.0,0.0,0.0,0.0,3.0,0.0,0.0,0.0,1.0,4.0,4.0,2.0
3920415,4898,Algeria,4308,Houssem Aouar,Houssem Aouar,11,1,49.804,Left Center Midfield,1.0,0.0,0.0822,1.0,0.0,0.0822,0.0,0.0,1.0,0.0,0.0,9.0,0.0,3.0
3920415,4898,Algeria,6648,Aïssa Mandi,Aïssa Mandi,2,1,107.1681,Right Center Back,3.0,0.0,0.4665,3.0,0.0,0.4665,0.0,0.0,4.0,2.0,0.0,4.0,3.0,2.0
3920415,4898,Algeria,8520,Nabil Bentaleb,Nabil Bentaleb,19,0,40.9308,Right Defensive Midfield,0.0,0.0,0.0,0.0,0.0,0.0,1.0,0.0,0.0,0.0,0.0,2.0,5.0,0.0
3920415,4898,Algeria,10040,Youcef Atal,Youcef Atal,20,1,84.9707,Right Back,2.0,0.0,0.062,2.0,0.0,0.062,1.0,0.0,3.0,2.0,3.0,8.0,4.0,0.0
3920415,4898,Algeria,10448,Adam Ounas,Adam Ounas,12,1,66.004,Right Wing,2.0,0.0,0.0364,2.0,0.0,0.0364,2.0,0.0,0.0,0.0,0.0,6.0,2.0,3.0
3920415,4898,Algeria,12111,Rayan Aït Nouri,Rayan Aït Nouri,15,1,106.7348,Left Back,1.0,0.0,0.0275,1.0,0.0,0.0275,1.0,0.0,1.0,1.0,0.0,10.0,5.0,1.0
3920415,4898,Algeria,32015,Hichem Boudaoui,Hichem Boudaoui,14,1,66.2373,Right Center Midfield,3.0,0.0,0.1297,3.0,0.0,0.1297,0.0,0.0,1.0,0.0,1.0,8.0,2.0,0.0
3920415,4898,Algeria,38345,Ramiz Zerrouki,Ramiz Larbi Zerrouki,6,1,107.1681,Left Defensive Midfield,0.0,0.0,0.0,0.0,0.0,0.0,0.0,0.0,2.0,1.0,3.0,16.0,4.0,0.0
3920415,4898,Algeria,41381,Anthony Mandréa,Anthony Louis Mandréa,16,1,107.1681,Goalkeeper,0.0,0.0,0.0,0.0,0.0,0.0,0.0,0.0,0.0,0.0,0.0,0.0,7.0,0.0
3920415,4898,Algeria,103464,Mohamed Youcef Belaïli,Mohamed Youcef Belaïli,8,0,41.1641,Left Midfield,2.0,0.0,0.0585,2.0,0.0,0.0585,2.0,0.0,1.0,0.0,0.0,2.0,5.0,0.0
3920415,4898,Algeria,103465,Baghdad Bounedjah,Baghdad Bounedjah,9,1,107.1681,Center Forward,2.0,0.0,0.3237,2.0,0.0,0.3237,2.0,0.0,0.0,1.0,0.0,12.0,2.0,0.0
3920415,4898,Algeria,141358,Mohamed El Amine Amoura,Mohamed El Amine Amoura,18,1,73.4874,Left Wing,0.0,0.0,0.0,0.0,0.0,0.0,2.0,0.0,1.0,0.0,0.0,12.0,2.0,1.0
3920415,4898,Algeria,160943,Mohamed Amine Tougai,Mohamed Amine Tougai,4,1,107.1681,Left Center Back,0.0,0.0,0.0,0.0,0.0,0.0,0.0,0.0,2.0,4.0,0.0,6.0,2.0,1.0
3920415,4898,Algeria,286708,Kévin Daniel Van Den Kerkhof,Kévin Daniel Van Den Kerkhof,3,0,22.1974,Right Back,0.0,0.0,0.0,0.0,0.0,0.0,0.0,0.0,0.0,1.0,0.0,5.0,0.0,1.0
3920416,777,Tunisia,3557,Naïm Sliti,Naïm Sliti,23,0,26.0418,Center Attacking Midfield,1.0,0.0,0.0111,1.0,0.0,0.0111,2.0,0.0,0.0,0.0,0.0,5.0,1.0,0.0
3920416,777,Tunisia,3767,Ellyes Joris Skhiri,Ellyes Joris Skhiri,17,1,85.804,Right Defensive Midfield,2.0,0.0,0.0762,2.0,0.0,0.0762,0.0,0.0,4.0,1.0,3.0,19.0,6.0,5.0
3920416,777,Tunisia,5651,Yassine Meriah,Yassine Meriah,4,1,97.4792,Right Center Back,2.0,0.0,0.2938,2.0,0.0,0.2938,0.0,0.0,1.0,5.0,2.0,12.0,4.0,2.0
3920416,777,Tunisia,23910,Youssef Msakni,Youssef Msakni,7,0,36.9252,Left Wing,0.0,0.0,0.0,0.0,0.0,0.0,0.0,0.0,3.0,1.0,1.0,8.0,1.0,0.0
3920416,777,Tunisia,30681,Ali Abdi,Ali Abdi,2,1,97.4792,Left Back,0.0,0.0,0.0,0.0,0.0,0.0,1.0,0.0,1.0,5.0,2.0,17.0,4.0,4.0
3920416,777,Tunisia,32450,Montassar Omar Talbi,Montassar Omar Talbi,3,1,97.4792,Left Center Back,1.0,0.0,0.0248,1.0,0.0,0.0248,0.0,0.0,3.0,11.0,0.0,11.0,1.0,1.0
3920416,777,Tunisia,35592,Anis Slimane,Anis Ben Slimane,10,1,60.554,Center Attacking Midfield,1.0,0.0,0.0062,1.0,0.0,0.0062,0.0,0.0,0.0,0.0,0.0,24.0,1.0,0.0
3920416,777,Tunisia,44955,Aïssa Laïdouni,Aïssa Bilal Laïdouni,14,1,97.4792,Left Defensive Midfield,1.0,0.0,0.0258,1.0,0.0,0.0258,0.0,0.0,1.0,0.0,0.0,27.0,5.0,6.0
3920416,777,Tunisia,50442,Hamza Rafia,Hamza Rafia,8,1,71.454,Right Wing,0.0,0.0,0.0,0.0,0.0,0.0,0.0,0.0,2.0,0.0,1.0,27.0,9.0,3.0
3920416,777,Tunisia,50503,Sayfallah Ltaief,Sayfallah Ltaief,18,0,26.0252,Right Wing,0.0,0.0,0.0,0.0,0.0,0.0,2.0,0.0,0.0,0.0,0.0,6.0,4.0,0.0
3920416,777,Tunisia,51571,Haythem Jouini,Haythem Jouini,9,0,26.0252,Center Forward,2.0,0.0,0.503,2.0,0.0,0.503,0.0,0.0,0.0,1.0,0.0,7.0,0.0,1.0
3920416,777,Tunisia,68749,Seifeddine Jaziri,Seifeddine Jaziri,24,1,71.454,Center Forward,0.0,0.0,0.0,0.0,0.0,0.0,0.0,0.0,1.0,0.0,0.0,7.0,2.0,2.0
3920416,777,Tunisia,102816,Mohamed Ali Ben Romdhane,Mohamed Ali Ben Romdhane,5,0,11.6752,Right Defensive Midfield,0.0,0.0,0.0,0.0,0.0,0.0,0.0,0.0,1.0,0.0,0.0,4.0,1.0,0.0
3920416,777,Tunisia,105944,Wajdi Kechrida,Wajdi Kechrida,21,1,97.4792,Right Back,0.0,0.0,0.0,0.0,0.0,0.0,1.0,0.0,1.0,1.0,1.0,14.0,1.0,1.0
3920416,777,Tunisia,132461,Mohamed Elias Achouri,Mohamed Elias Achouri,27,1,71.4373,Left Wing,1.0,0.0,0.0769,1.0,0.0,0.0769,1.0,0.0,1.0,1.0,0.0,22.0,3.0,2.0
3920416,777,Tunisia,136296,Bechir Ben Said,Bechir Ben Said,22,1,97.4792,Goalkeeper,0.0,0.0,0.0,0.0,0.0,0.0,0.0,0.0,0.0,0.0,0.0,0.0,3.0,0.0
3920416,4976,South Africa,29367,Percy Tau,Percy Tau,10,1,97.4792,Left Wing,3.0,0.0,0.163,3.0,0.0,0.163,2.0,0.0,2.0,0.0,0.0,29.0,4.0,4.0
3920416,4976,South Africa,42527,Sphephelo S''Miso Sithole,Sphephelo S''Miso Sithole,13,1,97.4792,Left Defensive Midfield,1.0,0.0,0.0324,1.0,0.0,0.0324,1.0,0.0,3.0,3.0,1.0,25.0,10.0,3.0
3920416,4976,South Africa,64607,Zakhele Lerato Lepasa,Zakhele Lerato Lepasa,17,0,11.8419,Center Forward,0.0,0.0,0.0,0.0,0.0,0.0,1.0,0.0,0.0,0.0,0.0,4.0,0.0,0.0
3920416,4976,South Africa,64629,Thabang Amod Monare,Thabang Amod Monare,15,0,15.2752,Left Defensive Midfield,0.0,0.0,0.0,0.0,0.0,0.0,0.0,0.0,0.0,2.0,2.0,2.0,0.0,0.0
3920416,4976,South Africa,65719,Khuliso Johnson Mudau,Khuliso Johnson Mudau,20,1,46.3707,Right Back,0.0,0.0,0.0,0.0,0.0,0.0,0.0,0.0,1.0,3.0,1.0,4.0,1.0,1.0
3920416,4976,South Africa,65726,Themba Zwane,Themba Zwane,11,1,82.204,Center Attacking Midfield,0.0,0.0,0.0,0.0,0.0,0.0,1.0,0.0,5.0,0.0,0.0,20.0,7.0,0.0
3920416,4976,South Africa,65727,Thapelo James Morena,Thapelo James Morena,23,1,68.954,Right Wing,2.0,0.0,0.0569,2.0,0.0,0.0569,0.0,0.0,2.0,0.0,0.0,14.0,4.0,0.0
3920416,4976,South Africa,65732,Mothobi Mvala,Mothobi Mvala,14,1,97.4792,Left Center Back,0.0,0.0,0.0,0.0,0.0,0.0,0.0,0.0,2.0,5.0,0.0,6.0,1.0,2.0
3920416,4976,South Africa,65733,Aubrey Maphosa Modiba,Aubrey Maphosa Modiba,6,1,97.4792,Left Back,1.0,0.0,0.0234,1.0,0.0,0.0234,1.0,0.0,2.0,2.0,0.0,18.0,7.0,2.0
3920416,4976,South Africa,65853,Evidence Makgopa,Evidence Makgopa,9,1,85.6373,Center Forward,2.0,0.0,0.1949,2.0,0.0,0.1949,2.0,0.0,2.0,0.0,0.0,18.0,3.0,2.0
3920416,4976,South Africa,66716,Teboho Mokoena,Teboho Mokoena,4,1,97.4792,Right Defensive Midfield,1.0,0.0,0.0436,1.0,0.0,0.0436,2.0,0.0,1.0,1.0,2.0,33.0,3.0,1.0
3920416,4976,South Africa,66721,Ronwen Williams,Ronwen Williams,1,1,97.4792,Goalkeeper,0.0,0.0,0.0,0.0,0.0,0.0,0.0,0.0,0.0,0.0,0.0,0.0,10.0,0.0
3920416,4976,South Africa,69442,Nyiko Mobbie,Nyiko Mobbie,2,0,50.2085,Right Back,1.0,0.0,0.0061,1.0,0.0,0.0061,0.0,0.0,1.0,1.0,0.0,7.0,6.0,2.0
3920416,4976,South Africa,70093,Gomolemo Grant Kekana,Gomolemo Grant Kekana,18,1,97.4792,Right Center Back,0.0,0.0,0.0,0.0,0.0,0.0,0.0,0.0,4.0,5.0,0.0,6.0,2.0,0.0
3920416,4976,South Africa,202037,Thapelo Maseko,Thapelo Maseko,12,0,28.5252,Left Wing,0.0,0.0,0.0,0.0,0.0,0.0,0.0,0.0,2.0,0.0,0.0,6.0,0.0,0.0
3920417,4930,Mali,3248,Hamari Traoré,Hamari Traoré,2,1,99.3259,Right Back,1.0,0.0,0.0224,1.0,0.0,0.0224,1.0,0.0,1.0,5.0,2.0,8.0,2.0,2.0
3920417,4930,Mali,3710,Fousseni Diabaté,Fousseni Diabaté,19,1,85.7702,Right Midfield,1.0,0.0,0.0116,1.0,0.0,0.0116,1.0,0.0,3.0,1.0,0.0,11.0,7.0,1.0
3920417,4930,Mali,4385,Yves Bissouma,Yves Bissouma,10,1,99.3259,Left Defensive Midfield,3.0,0.0,0.0805,3.0,0.0,0.0805,0.0,0.0,1.0,3.0,0.0,9.0,1.0,3.0
3920417,4930,Mali,4464,Adama Traoré,Adama Traoré,21,0,13.5557,Right Wing,1.0,0.0,0.0419,1.0,0.0,0.0419,1.0,0.0,2.0,0.0,1.0,2.0,0.0,0.0
3920417,4930,Mali,7295,Sikou Niakaté,Sikou Niakate,6,1,99.3259,Left Center Back,0.0,0.0,0.0,0.0,0.0,0.0,0.0,0.0,1.0,7.0,1.0,2.0,2.0,0.0
3920417,4930,Mali,8992,Ibrahim Sissoko,Ibrahim Sissoko,9,0,42.689,Center Forward,1.0,0.0,0.123,1.0,0.0,0.123,0.0,0.0,0.0,0.0,0.0,1.0,1.0,0.0
3920417,4930,Mali,23331,Kiki Kouyaté,Boubakar Kouyate,5,1,99.3259,Right Center Back,0.0,0.0,0.0,0.0,0.0,0.0,0.0,0.0,1.0,6.0,0.0,4.0,4.0,0.0
3920417,4930,Mali,24806,Mohamed Camara,Mohamed Camara,12,0,26.6557,Right Defensive Midfield,1.0,0.0,0.041,1.0,0.0,0.041,1.0,0.0,0.0,1.0,0.0,1.0,3.0,1.0
3920417,4930,Mali,32952,Moussa Diarra,Moussa Diarra,13,1,72.3536,Left Back,0.0,0.0,0.0,0.0,0.0,0.0,0.0,0.0,1.0,5.0,1.0,10.0,6.0,0.0
3920417,4930,Mali,40868,Amadou Dante,Amadou Dante,3,0,26.9723,Left Back,1.0,0.0,0.0292,1.0,0.0,0.0292,0.0,0.0,1.0,0.0,0.0,1.0,0.0,0.0
3920417,4930,Mali,51750,Youssoufou Niakaté,Youssoufou Niakaté,18,1,57.1702,Right Center Forward,0.0,0.0,0.0,0.0,0.0,0.0,1.0,0.0,0.0,0.0,0.0,4.0,0.0,1.0
3920417,4930,Mali,67714,Aliou Dieng,Aliou Dieng,23,1,72.6702,Right Defensive Midfield,0.0,0.0,0.0,0.0,0.0,0.0,0.0,0.0,1.0,2.0,0.0,6.0,2.0,1.0
3920417,4930,Mali,102992,Djigui Diarra,Djigui Diarra,16,1,99.3259,Goalkeeper,0.0,0.0,0.0,0.0,0.0,0.0,0.0,0.0,0.0,0.0,0.0,0.0,4.0,0.0
3920417,4930,Mali,105182,Lassine Sinayoko,Lassine Sinayoko,25,1,56.6369,Left Center Forward,1.0,0.0,0.3237,1.0,0.0,0.3237,0.0,0.0,2.0,1.0,1.0,9.0,1.0,0.0
3920417,4930,Mali,162132,Kamory Doumbia,Kamory Doumbia,26,0,42.1556,Center Attacking Midfield,0.0,0.0,0.0,0.0,0.0,0.0,1.0,0.0,3.0,0.0,0.0,5.0,2.0,0.0
3920417,4930,Mali,199653,Nene Dorgeles,Nene Dorgeles,27,1,99.3259,Left Midfield,1.0,0.0,0.008,1.0,0.0,0.008,1.0,0.0,1.0,1.0,0.0,13.0,3.0,0.0
3920417,4980,Namibia,64612,Deon Hotto Kavendji,Deon Hotto Kavendji,7,1,99.3259,Left Midfield,0.0,0.0,0.0,0.0,0.0,0.0,3.0,0.0,1.0,0.0,0.0,8.0,3.0,2.0
3920417,4980,Namibia,65555,Riaan Hanamub,Riaan Hanamub,4,1,99.3259,Left Back,0.0,0.0,0.0,0.0,0.0,0.0,1.0,0.0,2.0,2.0,0.0,14.0,5.0,0.0
3920417,4980,Namibia,65723,Peter Shalulile,Peter Shalulile,13,1,94.4702,Center Forward,0.0,0.0,0.0,0.0,0.0,0.0,0.0,0.0,2.0,0.0,1.0,10.0,3.0,0.0
3920417,4980,Namibia,103797,Denzil Haoseb,Denzil Haoseb,2,0,4.8556,Center Forward,0.0,0.0,0.0,0.0,0.0,0.0,0.0,0.0,0.0,0.0,0.0,0.0,0.0,0.0
3920417,4980,Namibia,103799,Ivan Kamberipa,Ivan Kamberipa,20,1,99.3259,Right Back,0.0,0.0,0.0,0.0,0.0,0.0,0.0,0.0,0.0,4.0,0.0,17.0,5.0,3.0
3920417,4980,Namibia,103801,Marcel Papama,Marcel Papama,15,0,15.7056,Right Center Midfield,0.0,0.0,0.0,0.0,0.0,0.0,0.0,0.0,1.0,0.0,0.0,2.0,0.0,0.0
3920417,4980,Namibia,103803,Prins Menelik Tjiueza,Prins Menelik Tjiueza,10,1,83.6202,Right Center Midfield,1.0,0.0,0.3707,1.0,0.0,0.3707,0.0,0.0,1.0,0.0,0.0,23.0,5.0,2.0
3920417,4980,Namibia,103804,Absalom Iimbondi,Absalom Iimbondi,11,0,21.0723,Right Midfield,0.0,0.0,0.0,0.0,0.0,0.0,0.0,0.0,1.0,0.0,0.0,4.0,2.0,0.0
3920417,4980,Namibia,125324,Lloyd Junior Kazapua,Lloyd Junior Kazapua,1,1,99.3259,Goalkeeper,0.0,0.0,0.0,0.0,0.0,0.0,0.0,0.0,0.0,0.0,0.0,0.0,4.0,0.0
3920417,4980,Namibia,135004,Lubeni Haukongo,Lubeni Haukongo,21,1,99.3259,Left Center Back,0.0,0.0,0.0,0.0,0.0,0.0,0.0,0.0,0.0,3.0,0.0,4.0,1.0,1.0
3920417,4980,Namibia,136404,Vetunuavi Charles Hambira,Vetunuavi Charles Hambira,5,0,4.8556,Left Center Midfield,0.0,0.0,0.0,0.0,0.0,0.0,0.0,0.0,0.0,0.0,0.0,1.0,0.0,1.0
3920417,4980,Namibia,136406,Aprocious Petrus,Aprocious Petrus,18,1,99.3259,Center Defensive Midfield,0.0,0.0,0.0,0.0,0.0,0.0,0.0,0.0,0.0,2.0,1.0,17.0,3.0,2.0
3920417,4980,Namibia,264381,Kennedy Amutenya,Kennedy Amutenya,12,1,99.3259,Right Center Back,2.0,0.0,0.2226,2.0,0.0,0.2226,0.0,0.0,2.0,3.0,1.0,6.0,0.0,1.0
3920417,4980,Namibia,389316,Ngero Kaanjuka Katua,Ngero Kaanjuka Katua,6,1,94.4702,Left Center Midfield,2.0,0.0,0.0628,2.0,0.0,0.0628,0.0,0.0,0.0,0.0,0.0,9.0,7.0,0.0
3920417,4980,Namibia,389319,Muzeu Bethuel,Muzeu Bethuel,9,1,78.2536,Right Midfield,0.0,0.0,0.0,0.0,0.0,0.0,0.0,0.0,3.0,1.0,1.0,27.0,4.0,2.0
3920418,4881,Congo DR,3044,Chancel Mbemba,Chancel Mbemba Mangulu,22,1,95.2435,Right Center Back,1.0,0.0,0.0642,1.0,0.0,0.0642,1.0,0.0,1.0,5.0,0.0,8.0,4.0,0.0
3920418,4881,Congo DR,3130,Gaël Kakuta,Gaël Kakuta,14,1,87.7003,Center Attacking Midfield,1.0,0.0,0.0379,1.0,0.0,0.0379,3.0,0.0,0.0,0.0,0.0,20.0,4.0,0.0
3920418,4881,Congo DR,3587,Arthur Masuaku,Arthur Masuaku,26,1,95.2435,Left Back,0.0,0.0,0.0,0.0,0.0,0.0,0.0,0.0,0.0,2.0,3.0,15.0,3.0,1.0
3920418,4881,Congo DR,4412,Samuel Moutoussamy,Samuel Moutoussamy,8,1,95.2435,Left Defensive Midfield,1.0,0.0,0.072,1.0,0.0,0.072,0.0,0.0,1.0,0.0,3.0,32.0,3.0,5.0
3920418,4881,Congo DR,4753,Aaron Tshibola,Aaron Tshibola,6,0,27.1765,Right Defensive Midfield,0.0,0.0,0.0,0.0,0.0,0.0,0.0,0.0,1.0,0.0,0.0,4.0,1.0,0.0
3920418,4881,Congo DR,6862,Cédric Bakambu,Cédric Bakambu,17,0,26.7598,Center Forward,0.0,0.0,0.0,0.0,0.0,0.0,0.0,0.0,0.0,0.0,1.0,4.0,1.0,0.0
3920418,4881,Congo DR,7294,Yoane Wissa,Yoane Wissa,20,1,95.2435,Left Wing,4.0,0.0,0.1592,4.0,0.0,0.1592,0.0,0.0,3.0,0.0,1.0,17.0,4.0,1.0
3920418,4881,Congo DR,13329,Silas Katompa Mvumpa,Silas Katompa Mvumpa,11,1,53.9503,Right Wing,0.0,0.0,0.0,0.0,0.0,0.0,0.0,0.0,3.0,0.0,0.0,19.0,2.0,1.0
3920418,4881,Congo DR,18783,Omenuke Mfulu,Omenuke Mfulu,27,0,7.5431,Left Defensive Midfield,0.0,0.0,0.0,0.0,0.0,0.0,0.0,0.0,0.0,0.0,0.0,1.0,0.0,0.0
3920418,4881,Congo DR,24105,Dylan Batubinsika,Dylan Batubinsika,5,1,95.2435,Left Center Back,0.0,0.0,0.0,0.0,0.0,0.0,0.0,0.0,2.0,3.0,0.0,3.0,3.0,0.0
3920418,4881,Congo DR,28415,Charles Pickel,Charles Pickel,18,1,68.067,Right Defensive Midfield,0.0,0.0,0.0,0.0,0.0,0.0,0.0,0.0,2.0,0.0,0.0,26.0,2.0,1.0
3920418,4881,Congo DR,30193,Gédéon Kalulu,Gedeon Kalulu Kyatengwa,24,1,95.2435,Right Back,0.0,0.0,0.0,0.0,0.0,0.0,0.0,0.0,1.0,0.0,3.0,18.0,2.0,3.0
3920418,4881,Congo DR,35413,Lionel Mpasi-Nzau,Lionel Mpasi-Nzau,1,1,95.2435,Goalkeeper,0.0,0.0,0.0,0.0,0.0,0.0,0.0,0.0,0.0,0.0,0.0,0.0,10.0,0.0
3920418,4881,Congo DR,35684,Meschak Elia,Meschak Elia,13,0,41.2932,Right Wing,1.0,0.0,0.0743,1.0,0.0,0.0743,0.0,0.0,2.0,0.0,0.0,14.0,2.0,0.0
3920418,4881,Congo DR,389291,Fiston Kalala Mayele,Fiston Kalala Mayele,19,1,68.4837,Center Forward,1.0,0.0,0.2515,1.0,0.0,0.2515,1.0,0.0,1.0,0.0,0.0,25.0,2.0,0.0
3920418,4953,Tanzania,16548,Mbwana Samatta,Mbwana Ally Samatta,10,1,84.2003,Center Forward,1.0,0.0,0.0365,1.0,0.0,0.0365,0.0,0.0,1.0,0.0,0.0,24.0,7.0,2.0
3920418,4953,Tanzania,51494,Haji Mnoga,Haji Mnoga,2,1,95.2435,Right Wing,0.0,0.0,0.0,0.0,0.0,0.0,1.0,0.0,1.0,0.0,0.0,32.0,3.0,3.0
3920418,4953,Tanzania,80307,Charles M'Mombwa,Charles M'Mombwa,21,0,8.8265,Left Attacking Midfield,0.0,0.0,0.0,0.0,0.0,0.0,0.0,0.0,0.0,0.0,0.0,6.0,0.0,1.0
3920418,4953,Tanzania,86067,Himid Mao Mkami,Himid Mao Mkami,7,1,71.6003,Right Defensive Midfield,0.0,0.0,0.0,0.0,0.0,0.0,1.0,0.0,4.0,2.0,0.0,19.0,5.0,2.0
3920418,4953,Tanzania,103262,Aishi Manula,Aishi Manula,18,1,95.2435,Goalkeeper,0.0,0.0,0.0,0.0,0.0,0.0,0.0,0.0,0.0,0.0,0.0,0.0,3.0,0.0
3920418,4953,Tanzania,103268,Faisal Salum Abdalla,Faisal Salum Abdalla,6,1,79.2837,Center Attacking Midfield,1.0,0.0,0.0073,1.0,0.0,0.0073,0.0,0.0,0.0,0.0,0.0,15.0,7.0,3.0
3920418,4953,Tanzania,103269,Bakari Nondo Mwamnyeto,Bakari Nondo Mwamnyeto,14,1,95.2435,Right Center Back,0.0,0.0,0.0,0.0,0.0,0.0,0.0,0.0,2.0,7.0,0.0,10.0,3.0,2.0
3920418,4953,Tanzania,103270,Simon Happygod Msuva,Simon Happygod Msuva,12,1,86.0503,Left Wing,2.0,0.0,0.0147,2.0,0.0,0.0147,1.0,0.0,2.0,0.0,0.0,9.0,3.0,0.0
3920418,4953,Tanzania,105766,Mohamed Hussein Mohamed,Mohamed Hussein Mohamed,15,1,95.2435,Left Back,0.0,0.0,0.0,0.0,0.0,0.0,0.0,0.0,1.0,7.0,1.0,11.0,6.0,4.0
3920418,4953,Tanzania,105769,Mzamiru Yassin,Mzamiru Yassin,19,0,23.6431,Right Defensive Midfield,0.0,0.0,0.0,0.0,0.0,0.0,0.0,0.0,1.0,0.0,0.0,3.0,1.0,0.0
3920418,4953,Tanzania,136055,Novatus Dismas Miroshi,Novatus Dismas Miroshi,20,1,95.2435,Left Defensive Midfield,0.0,0.0,0.0,0.0,0.0,0.0,0.0,0.0,1.0,3.0,0.0,16.0,2.0,2.0
3920418,4953,Tanzania,136596,Lusajo Mwaikenda,Lusajo Mwaikenda,16,1,95.2435,Right Back,0.0,0.0,0.0,0.0,0.0,0.0,0.0,0.0,0.0,0.0,1.0,9.0,3.0,1.0
3920418,4953,Tanzania,138493,Morice Michael Abraham,Morice Michael Abraham,8,0,9.1932,Right Attacking Midfield,0.0,0.0,0.0,0.0,0.0,0.0,0.0,0.0,0.0,0.0,0.0,4.0,0.0,1.0
3920418,4953,Tanzania,145622,Denis Kibu,Denis Kibu,22,0,15.9598,Center Forward,0.0,0.0,0.0,0.0,0.0,0.0,0.0,0.0,1.0,0.0,0.0,3.0,0.0,0.0
3920418,4953,Tanzania,389092,Ibrahim Abdallah Hamad,Ibrahim Abdallah Hamad,4,1,95.2435,Left Center Back,0.0,0.0,0.0,0.0,0.0,0.0,0.0,0.0,2.0,4.0,1.0,5.0,2.0,1.0
3920419,788,Morocco,3625,Sofiane Boufal,Sofiane Boufal,17,1,72.1222,Left Midfield,3.0,0.0,0.156,3.0,0.0,0.156,3.0,0.0,2.0,0.0,1.0,9.0,3.0,1.0
3920419,788,Morocco,5229,Ayoub El Kaabi,Ayoub El Kaabi,20,1,77.0055,Center Forward,2.0,0.0,0.3377,2.0,0.0,0.3377,0.0,0.0,3.0,0.0,0.0,17.0,0.0,0.0
3920419,788,Morocco,5234,Sofyan Amrabat,Sofyan Amrabat,4,1,99.8564,Center Defensive Midfield,0.0,0.0,0.0,0.0,0.0,0.0,0.0,0.0,0.0,3.0,1.0,18.0,8.0,5.0
3920419,788,Morocco,5237,Hakim Ziyech,Hakim Ziyech,7,1,49.7222,Right Midfield,1.0,1.0,0.1724,1.0,1.0,0.1724,3.0,0.0,0.0,1.0,0.0,3.0,2.0,0.0
3920419,788,Morocco,5245,Achraf Hakimi,Achraf Hakimi Mouh,2,1,99.8564,Right Back,2.0,0.0,0.0606,2.0,0.0,0.0606,4.0,0.0,2.0,0.0,0.0,23.0,2.0,5.0
3920419,788,Morocco,6785,Yassine Bounou,Yassine Bounou,1,1,99.8564,Goalkeeper,0.0,0.0,0.0,0.0,0.0,0.0,0.0,0.0,0.0,0.0,0.0,0.0,3.0,0.0
3920419,788,Morocco,7378,Yunis Abdelhamid,Yunis Abdelhamid,13,1,99.8564,Left Center Back,0.0,0.0,0.0,0.0,0.0,0.0,0.0,0.0,1.0,4.0,0.0,4.0,0.0,0.0
3920419,788,Morocco,8050,Tarik Tissoudali,Tarik Tissoudali,9,0,22.8509,Center Forward,3.0,0.0,0.7243,3.0,0.0,0.7243,0.0,0.0,0.0,0.0,0.0,7.0,1.0,0.0
3920419,788,Morocco,12149,Nayef Aguerd,Nayef Aguerd,5,1,99.7564,Right Center Back,1.0,0.0,0.064,1.0,0.0,0.064,0.0,0.0,0.0,1.0,0.0,3.0,2.0,1.0
3920419,788,Morocco,31295,Yahia Attiyat allah,Yahia Attiyat allah,25,1,99.8564,Left Back,0.0,0.0,0.0,0.0,0.0,0.0,0.0,0.0,2.0,4.0,2.0,4.0,4.0,0.0
3920419,788,Morocco,33401,Amine Adli,Amine Adli,21,0,50.1342,Right Midfield,2.0,0.0,0.4766,2.0,0.0,0.4766,0.0,0.0,0.0,1.0,0.0,7.0,1.0,0.0
3920419,788,Morocco,39174,Ismael Saibari,Ismael Saibari,11,1,72.4555,Left Center Midfield,1.0,0.0,0.1041,1.0,0.0,0.1041,1.0,0.0,3.0,1.0,0.0,12.0,4.0,0.0
3920419,788,Morocco,46258,Azzedine Ounahi,Azzedine Ounahi,8,1,87.8222,Right Center Midfield,2.0,0.0,0.1136,2.0,0.0,0.1136,3.0,0.0,0.0,0.0,0.0,15.0,7.0,1.0
3920419,788,Morocco,118368,Amir Richardson,Amir Richardson,24,0,27.4009,Left Center Midfield,1.0,0.0,0.0826,1.0,0.0,0.0826,0.0,0.0,0.0,1.0,1.0,3.0,0.0,0.0
3920419,788,Morocco,149714,Abde Ezzalzouli,Abdessamad Ezzalzouli,16,0,27.7342,Left Midfield,1.0,0.0,0.1295,1.0,0.0,0.1295,1.0,0.0,0.0,0.0,0.0,1.0,0.0,1.0
3920419,788,Morocco,156734,Bilal El Khannous,Bilal El Khannous,23,0,11.3842,Right Center Midfield,0.0,0.0,0.0,0.0,0.0,0.0,1.0,0.0,0.0,1.0,0.0,2.0,0.0,0.0
3920419,4963,Zambia,8785,Patson Daka,Patson Daka,20,1,99.8564,Center Forward,2.0,0.0,0.1364,2.0,0.0,0.1364,3.0,0.0,0.0,0.0,0.0,10.0,4.0,0.0
3920419,4963,Zambia,23203,Stopilla Sunzu,Stopilla Sunzu,13,1,99.8564,Right Center Back,0.0,0.0,0.0,0.0,0.0,0.0,0.0,0.0,1.0,8.0,1.0,2.0,1.0,0.0
3920419,4963,Zambia,23260,Emmanuel Banda,Emmanuel Justine Rabby Banda,12,1,99.8564,Left Defensive Midfield,2.0,0.0,0.0352,2.0,0.0,0.0352,2.0,0.0,1.0,1.0,1.0,15.0,3.0,2.0
3920419,4963,Zambia,23420,Lubambo Musonda,Lubambo Musonda,8,1,99.8564,Left Back,1.0,0.0,0.006,1.0,0.0,0.006,0.0,0.0,1.0,2.0,3.0,13.0,2.0,1.0
3920419,4963,Zambia,23708,Fashion Sakala,Fashion Sakala,10,0,25.1009,Left Wing,0.0,0.0,0.0,0.0,0.0,0.0,0.0,0.0,0.0,0.0,0.0,4.0,1.0,1.0
3920419,4963,Zambia,29217,Edward Chilufya,Edward Chilufya,14,1,75.1055,Right Wing,1.0,0.0,0.0422,1.0,0.0,0.0422,1.0,0.0,2.0,0.0,1.0,27.0,4.0,4.0
3920419,4963,Zambia,44402,Kings Kangwa,Kings Kangwa,22,0,24.7509,Right Center Midfield,0.0,0.0,0.0,0.0,0.0,0.0,2.0,0.0,0.0,0.0,0.0,1.0,0.0,0.0
3920419,4963,Zambia,44751,Lameck Banda,Lameck Banda,9,1,99.8564,Left Wing,3.0,0.0,0.169,3.0,0.0,0.169,1.0,0.0,1.0,0.0,0.0,17.0,10.0,2.0
3920419,4963,Zambia,47979,Frankie Musonda,Frankie Musonda,4,1,99.8564,Left Center Back,0.0,0.0,0.0,0.0,0.0,0.0,0.0,0.0,1.0,7.0,0.0,5.0,1.0,1.0
3920419,4963,Zambia,103910,Cletous Chama,Cletous Chama,17,0,12.7009,Left Center Midfield,0.0,0.0,0.0,0.0,0.0,0.0,0.0,0.0,1.0,0.0,0.0,0.0,1.0,0.0
3920419,4963,Zambia,108291,Tandi Mwape,Tandi Mwape,26,1,87.1555,Right Back,0.0,0.0,0.0,0.0,0.0,0.0,0.0,0.0,3.0,3.0,1.0,6.0,1.0,0.0
3920419,4963,Zambia,160904,Miguel Changa Chaiwa,Miguel Changa Chaiwa,5,1,99.8564,Right Defensive Midfield,1.0,0.0,0.0075,1.0,0.0,0.0075,0.0,0.0,3.0,2.0,1.0,15.0,5.0,3.0
3920419,4963,Zambia,389156,Tresford Lawrence Mulenga,Tresford Lawrence Mulenga,16,1,99.8564,Goalkeeper,0.0,0.0,0.0,0.0,0.0,0.0,0.0,0.0,0.0,0.0,0.0,0.0,4.0,0.0
3920419,4963,Zambia,389675,Kennedy Musonda,Kennedy Musonda,25,1,74.7555,Center Attacking Midfield,1.0,0.0,0.0437,1.0,0.0,0.0437,0.0,0.0,1.0,1.0,0.0,17.0,5.0,0.0
3922237,4980,Namibia,64612,Deon Hotto Kavendji,Deon Hotto Kavendji,7,1,100.9925,Left Midfield,1.0,0.0,0.0864,1.0,0.0,0.0864,3.0,0.0,1.0,2.0,5.0,4.0,6.0,1.0
3922237,4980,Namibia,65555,Riaan Hanamub,Riaan Hanamub,4,1,101.1758,Left Back,2.0,0.0,0.0208,2.0,0.0,0.0208,1.0,0.0,0.0,4.0,1.0,25.0,3.0,4.0
3922237,4980,Namibia,65723,Peter Shalulile,Peter Shalulile,13,1,101.1758,Center Forward,4.0,0.0,0.3447,4.0,0.0,0.3447,1.0,0.0,0.0,2.0,1.0,15.0,4.0,0.0
3922237,4980,Namibia,65837,Ananias Gebhardt,Ananias Gebhardt,3,0,35.6587,Left Center Back,0.0,0.0,0.0,0.0,0.0,0.0,0.0,0.0,2.0,3.0,1.0,3.0,0.0,0.0
3922237,4980,Namibia,103799,Ivan Kamberipa,Ivan Kamberipa,20,1,101.1758,Right Back,0.0,0.0,0.0,0.0,0.0,0.0,1.0,0.0,1.0,2.0,2.0,12.0,1.0,3.0
3922237,4980,Namibia,103803,Prins Menelik Tjiueza,Prins Menelik Tjiueza,10,1,21.7833,Center Attacking Midfield,0.0,0.0,0.0,0.0,0.0,0.0,0.0,0.0,0.0,0.0,0.0,4.0,1.0,0.0
3922237,4980,Namibia,103804,Absalom Iimbondi,Absalom Iimbondi,11,0,78.2258,Right Back,0.0,0.0,0.0,0.0,0.0,0.0,1.0,0.0,4.0,1.0,1.0,18.0,0.0,4.0
3922237,4980,Namibia,125324,Lloyd Junior Kazapua,Lloyd Junior Kazapua,1,1,101.1758,Goalkeeper,0.0,0.0,0.0,0.0,0.0,0.0,0.0,0.0,0.0,0.0,0.0,1.0,1.0,0.0
3922237,4980,Namibia,125333,Petrus Shitembi,Petrus Shitembi,19,0,35.8254,Right Defensive Midfield,0.0,0.0,0.0,0.0,0.0,0.0,0.0,0.0,1.0,1.0,0.0,15.0,2.0,3.0
3922237,4980,Namibia,135004,Lubeni Haukongo,Lubeni Haukongo,21,1,39.6833,Left Center Back,0.0,0.0,0.0,0.0,0.0,0.0,0.0,0.0,3.0,1.0,0.0,3.0,4.0,0.0
3922237,4980,Namibia,136406,Aprocious Petrus,Aprocious Petrus,18,1,101.1758,Right Defensive Midfield,1.0,0.0,0.0297,1.0,0.0,0.0297,2.0,0.0,0.0,1.0,1.0,18.0,6.0,2.0
3922237,4980,Namibia,264381,Kennedy Amutenya,Kennedy Amutenya,12,1,64.6671,Right Center Back,1.0,0.0,0.0119,1.0,0.0,0.0119,0.0,0.0,0.0,4.0,1.0,7.0,3.0,1.0
3922237,4980,Namibia,389316,Ngero Kaanjuka Katua,Ngero Kaanjuka Katua,6,1,65.3504,Left Defensive Midfield,1.0,0.0,0.0266,1.0,0.0,0.0266,0.0,0.0,0.0,1.0,0.0,9.0,5.0,3.0
3922237,4980,Namibia,389319,Muzeu Bethuel,Muzeu Bethuel,9,1,75.0504,Right Midfield,2.0,0.0,0.3508,2.0,0.0,0.3508,0.0,0.0,1.0,0.0,0.0,20.0,4.0,2.0
3922237,4980,Namibia,416889,Uetuuru Kambato,Uetuuru Kambato,8,0,26.1254,Right Midfield,0.0,0.0,0.0,0.0,0.0,0.0,0.0,0.0,0.0,0.0,0.0,9.0,1.0,1.0
3922237,4901,Angola,10573,Jonathan Buatu,Jonathan Buatu Mananga,3,1,101.1758,Left Center Back,1.0,0.0,0.094,1.0,0.0,0.094,0.0,0.0,1.0,5.0,0.0,10.0,4.0,1.0
3922237,4901,Angola,10577,Gelson,Jacinto Muondo Dala,10,1,89.2338,Left Midfield,2.0,2.0,0.9488,2.0,2.0,0.9488,5.0,1.0,1.0,0.0,2.0,10.0,2.0,1.0
3922237,4901,Angola,10844,Fredy,Alfredo Kulembe Ribeiro,16,1,75.2004,Right Defensive Midfield,0.0,0.0,0.0,0.0,0.0,0.0,2.0,2.0,0.0,2.0,2.0,25.0,3.0,1.0
3922237,4901,Angola,23983,Jérémy Bela,Jérémy Bela,18,0,12.1754,Left Midfield,0.0,0.0,0.0,0.0,0.0,0.0,0.0,0.0,0.0,0.0,0.0,0.0,0.0,0.0
3922237,4901,Angola,30626,Estrela,Valdomiro Tualungo Paulo Lameiras,20,1,19.4667,Left Center Midfield,0.0,0.0,0.0,0.0,0.0,0.0,0.0,0.0,1.0,0.0,0.0,9.0,1.0,2.0
3922237,4901,Angola,31016,Show,Manuel Luís da Silva Cafumana,23,1,101.1758,Left Defensive Midfield,0.0,0.0,0.0,0.0,0.0,0.0,0.0,0.0,1.0,1.0,0.0,20.0,3.0,3.0
3922237,4901,Angola,90913,Zito Luvumbo,Zito André Sebastião Luvumbo,15,0,11.9421,Right Midfield,2.0,0.0,0.1131,2.0,0.0,0.1131,0.0,0.0,0.0,0.0,0.0,3.0,1.0,0.0
3922237,4901,Angola,103208,Kialonda Gaspar,Kialonda Gaspar,6,1,101.1758,Right Center Back,0.0,0.0,0.0,0.0,0.0,0.0,0.0,0.0,2.0,6.0,0.0,9.0,4.0,0.0
3922237,4901,Angola,128881,Mabululu,Cristóvão Paciência Mabululo,19,1,89.0004,Center Forward,4.0,1.0,0.2679,4.0,1.0,0.2679,0.0,0.0,0.0,0.0,0.0,17.0,2.0,1.0
3922237,4901,Angola,135849,Neblú,Adilson Cipriano da Cruz,22,1,16.4333,Goalkeeper,0.0,0.0,0.0,0.0,0.0,0.0,0.0,0.0,0.0,0.0,0.0,0.0,3.0,0.0
3922237,4901,Angola,135851,Tó Carneiro,Augusto de Jesus Corte Real Carneiro,13,1,100.1258,Left Back,0.0,0.0,0.0,0.0,0.0,0.0,1.0,0.0,1.0,6.0,0.0,5.0,14.0,0.0
3922237,4901,Angola,136312,Zini,Ambrosini Antonio Cabaça Salvador,9,0,25.9754,Right Midfield,1.0,0.0,0.1508,1.0,0.0,0.1508,1.0,0.0,0.0,0.0,0.0,5.0,0.0,1.0
3922237,4901,Angola,145058,Eddie Afonso,Eddie Marcos Melo Afonso,21,1,101.1758,Right Back,0.0,0.0,0.0,0.0,0.0,0.0,0.0,0.0,5.0,0.0,0.0,14.0,2.0,2.0
3922237,4901,Angola,389328,Gilberto,Deivi Miguel Vieira,7,1,75.2504,Right Midfield,1.0,0.0,0.011,1.0,0.0,0.011,0.0,0.0,0.0,0.0,3.0,38.0,2.0,1.0
3922237,4901,Angola,389784,Manuel Keliano,Manuel Keliano,4,0,25.9254,Right Defensive Midfield,0.0,0.0,0.0,0.0,0.0,0.0,1.0,0.0,0.0,0.0,0.0,8.0,1.0,0.0
3922237,4901,Angola,408824,Signori António,Signori Dominique Nymi António,1,0,81.7091,Left Center Midfield,0.0,0.0,0.0,0.0,0.0,0.0,0.0,0.0,0.0,0.0,0.0,0.0,2.0,0.0
3922238,775,Nigeria,3447,Ademola Lookman,Ademola Lookman,18,1,106.9076,Left Wing,3.0,2.0,0.7611,3.0,2.0,0.7611,2.0,0.0,2.0,0.0,1.0,24.0,7.0,0.0
3922238,775,Nigeria,3647,Alex Iwobi,Alex Iwobi,17,1,106.9076,Left Defensive Midfield,1.0,0.0,0.2088,1.0,0.0,0.2088,0.0,0.0,1.0,1.0,1.0,18.0,4.0,1.0
3922238,775,Nigeria,3806,Bright Samuel,Bright Osayi-Samuel,12,0,1.9279,Right Wing,0.0,0.0,0.0,0.0,0.0,0.0,0.0,0.0,0.0,0.0,0.0,0.0,0.0,0.0
3922238,775,Nigeria,3923,Semi Ajayi,Oluwasemilogo Adesewo Ibidapo Ajayi,6,1,106.9076,Right Center Back,0.0,0.0,0.0,0.0,0.0,0.0,0.0,0.0,2.0,2.0,1.0,8.0,1.0,1.0
3922238,775,Nigeria,5454,Francis Uzoho,Francis Odinaka Uzoho,1,0,21.4446,Goalkeeper,0.0,0.0,0.0,0.0,0.0,0.0,0.0,0.0,0.0,0.0,0.0,0.0,0.0,0.0
3922238,775,Nigeria,5455,William Troost-Ekong,William Troost-Ekong,5,1,106.9076,Center Back,0.0,0.0,0.0,0.0,0.0,0.0,0.0,0.0,1.0,10.0,0.0,4.0,1.0,0.0
3922238,775,Nigeria,5830,Kenneth Omeruo,Kenneth Josiah Omeruo,22,0,21.3446,Left Wing Back,0.0,0.0,0.0,0.0,0.0,0.0,0.0,0.0,0.0,0.0,1.0,1.0,0.0,0.0
3922238,775,Nigeria,11277,Victor Osimhen,Victor James Osimhen,9,1,105.0297,Center Forward,2.0,0.0,0.0765,2.0,0.0,0.0765,1.0,1.0,1.0,2.0,0.0,24.0,4.0,1.0
3922238,775,Nigeria,11492,Ola Aina,Temitayo Olufisayo Olaoluwa Aina,2,1,106.9076,Right Wing Back,1.0,0.0,0.2069,1.0,0.0,0.2069,1.0,0.0,1.0,2.0,2.0,10.0,0.0,2.0
3922238,775,Nigeria,18163,Moses Simon,Moses Daddy-Ajala Simon,15,1,104.9797,Right Wing,1.0,0.0,0.0564,1.0,0.0,0.0564,0.0,0.0,1.0,0.0,1.0,18.0,4.0,1.0
3922238,775,Nigeria,24467,Frank Onyeka,Frank Onyeka,8,1,106.9076,Right Defensive Midfield,0.0,0.0,0.0,0.0,0.0,0.0,0.0,0.0,0.0,0.0,3.0,23.0,4.0,5.0
3922238,775,Nigeria,24478,Paul Onuachu,Paul Onuachu,19,0,1.8779,Center Forward,0.0,0.0,0.0,0.0,0.0,0.0,0.0,0.0,0.0,0.0,0.0,0.0,0.0,0.0
3922238,775,Nigeria,31949,Zaidu Sanusi,Zaidu Sanusi,3,1,84.6964,Left Wing Back,0.0,0.0,0.0,0.0,0.0,0.0,0.0,0.0,2.0,3.0,0.0,23.0,3.0,1.0
3922238,775,Nigeria,43779,Calvin Bassey,Calvin Bassey Ughelumba,21,1,106.9076,Left Center Back,0.0,0.0,0.0,0.0,0.0,0.0,1.0,1.0,2.0,2.0,1.0,15.0,3.0,3.0
3922238,775,Nigeria,358410,Stanley Bobo Nwabali,Stanley Bobo Nwabali,23,1,85.463,Goalkeeper,0.0,0.0,0.0,0.0,0.0,0.0,0.0,0.0,0.0,0.0,0.0,0.0,3.0,0.0
3922238,2722,Cameroon,3141,André Zambo Anguissa,André-Frank Zambo Anguissa,8,1,106.9076,Right Defensive Midfield,0.0,0.0,0.0,0.0,0.0,0.0,0.0,0.0,0.0,4.0,1.0,11.0,5.0,2.0
3922238,2722,Cameroon,3551,Karl Toko Ekambi,Karl Brillant Toko Ekambi,12,1,101.2464,Right Wing,0.0,0.0,0.0,0.0,0.0,0.0,0.0,0.0,0.0,0.0,2.0,11.0,2.0,0.0
3922238,2722,Cameroon,3639,Georges-Kevin N'Koudou,Georges-Kévin Nkoudou Mbida,11,1,105.9243,Left Wing,0.0,0.0,0.0,0.0,0.0,0.0,0.0,0.0,0.0,1.0,0.0,8.0,3.0,0.0
3922238,2722,Cameroon,7426,Jean-Charles Castelletto,Jean-Charles Castelletto,21,1,106.9076,Right Center Back,1.0,0.0,0.0612,1.0,0.0,0.0612,0.0,0.0,2.0,5.0,2.0,2.0,9.0,1.0
3922238,2722,Cameroon,10530,Olivier Ntcham,Jules Olivier Ntcham,22,1,106.9076,Left Defensive Midfield,1.0,0.0,0.0172,1.0,0.0,0.0172,1.0,0.0,1.0,3.0,1.0,13.0,4.0,1.0
3922238,2722,Cameroon,11174,Vincent Aboubakar,Vincent Paté Aboubakar,10,0,23.6946,Left Center Forward,0.0,0.0,0.0,0.0,0.0,0.0,0.0,0.0,0.0,0.0,0.0,0.0,4.0,0.0
3922238,2722,Cameroon,13454,Nouhou Tolo,Nouhou Tolo,5,1,106.7076,Left Wing Back,1.0,0.0,0.0203,1.0,0.0,0.0203,0.0,0.0,2.0,3.0,0.0,7.0,5.0,1.0
3922238,2722,Cameroon,16015,Moumi Ngamaleu,Nicolas Moumi Ngamaleu,3,1,91.463,Right Wing Back,1.0,0.0,0.0335,1.0,0.0,0.0335,2.0,0.0,5.0,0.0,2.0,11.0,4.0,1.0
3922238,2722,Cameroon,24670,Fabrice Ondoa,Joseph Fabrice Ondoa Ebogo,1,1,106.9076,Goalkeeper,0.0,0.0,0.0,0.0,0.0,0.0,0.0,0.0,0.0,0.0,0.0,0.0,1.0,0.0
3922238,2722,Cameroon,28444,Oumar Gonzalez,Oumar Gonzalez,15,1,83.213,Center Back,0.0,0.0,0.0,0.0,0.0,0.0,1.0,0.0,0.0,5.0,0.0,8.0,1.0,3.0
3922238,2722,Cameroon,34293,Faris Moumbagna,Faris Pemi Moumbagna,19,0,5.6613,Right Midfield,0.0,0.0,0.0,0.0,0.0,0.0,1.0,0.0,2.0,0.0,1.0,0.0,2.0,0.0
3922238,2722,Cameroon,74588,Christopher Wooh,Christopher Wooh,4,1,106.9076,Left Center Back,0.0,0.0,0.0,0.0,0.0,0.0,0.0,0.0,2.0,2.0,1.0,13.0,1.0,4.0
3922238,2722,Cameroon,135043,Enzo Gianni Tchato Mbiayi,Enzo Gianni Tchato Mbiayi,26,0,15.4446,Right Back,0.0,0.0,0.0,0.0,0.0,0.0,0.0,0.0,0.0,0.0,0.0,6.0,0.0,2.0
3922238,2722,Cameroon,189348,Frank Magri,Frank Magri,9,1,106.9076,Center Forward,2.0,0.0,0.1685,2.0,0.0,0.1685,0.0,0.0,1.0,0.0,1.0,17.0,1.0,1.0
3922239,4892,Guinea,3405,François Kamano,François Kamano,19,0,19.2076,Left Midfield,1.0,0.0,0.0445,1.0,0.0,0.0445,0.0,0.0,0.0,0.0,0.0,3.0,0.0,1.0
3922239,4892,Guinea,4267,Mouctar Diakhaby,Mouctar Diakhaby,5,1,100.9398,Right Center Back,1.0,0.0,0.0645,1.0,0.0,0.0645,0.0,0.0,1.0,5.0,0.0,6.0,3.0,0.0
3922239,4892,Guinea,4352,Issiaga Sylla,Issiaga Sylla,3,1,100.9398,Left Back,0.0,0.0,0.0,0.0,0.0,0.0,0.0,0.0,1.0,3.0,2.0,8.0,5.0,4.0
3922239,4892,Guinea,7360,Julian Jeanvier,Julian Jeanvier,17,1,100.9398,Left Center Back,0.0,0.0,0.0,0.0,0.0,0.0,2.0,0.0,1.0,5.0,1.0,7.0,2.0,0.0
3922239,4892,Guinea,8284,Amadou Diawara,Amadou Diawara,6,1,100.9398,Left Defensive Midfield,0.0,0.0,0.0,0.0,0.0,0.0,1.0,0.0,2.0,2.0,1.0,14.0,6.0,2.0
3922239,4892,Guinea,8454,Mohamed Bayo,Mohamed Bayo,11,1,100.9398,Right Center Forward,2.0,1.0,0.1172,2.0,1.0,0.1172,1.0,0.0,1.0,1.0,0.0,13.0,0.0,1.0
3922239,4892,Guinea,8505,Naby Keïta,Naby Deco Keïta,8,0,19.5909,Left Defensive Midfield,0.0,0.0,0.0,0.0,0.0,0.0,1.0,0.0,1.0,0.0,0.0,2.0,1.0,0.0
3922239,4892,Guinea,9102,Serhou Guirassy,Serhou Guirassy,9,0,38.1243,Right Center Forward,2.0,0.0,0.1612,2.0,0.0,0.1612,0.0,0.0,1.0,0.0,0.0,5.0,0.0,0.0
3922239,4892,Guinea,35285,Mory Konaté,Mory Konaté,20,1,81.3489,Right Defensive Midfield,0.0,0.0,0.0,0.0,0.0,0.0,0.0,0.0,4.0,1.0,2.0,15.0,3.0,1.0
3922239,4892,Guinea,39559,Aguibou Camara,Aguibou Camara,18,1,100.9398,Left Center Forward,1.0,0.0,0.0073,1.0,0.0,0.0073,2.0,0.0,0.0,1.0,1.0,16.0,6.0,2.0
3922239,4892,Guinea,47351,Morgan Guilavogui,Morgan Guilavogui,7,1,62.8155,Right Midfield,2.0,0.0,0.0831,2.0,0.0,0.0831,1.0,0.0,2.0,1.0,0.0,14.0,0.0,0.0
3922239,4892,Guinea,132711,Sekou Oumar Sylla,Sekou Oumar Sylla,21,1,81.7322,Left Midfield,0.0,0.0,0.0,0.0,0.0,0.0,0.0,0.0,0.0,0.0,0.0,12.0,4.0,0.0
3922239,4892,Guinea,176683,Ibrahim Diakité,Ibrahim Diakité,12,1,100.7565,Right Back,1.0,0.0,0.0795,1.0,0.0,0.0795,1.0,1.0,0.0,0.0,0.0,6.0,4.0,0.0
3922239,4892,Guinea,182573,Ibrahim Kone,Ibrahim Kone,22,1,100.9398,Goalkeeper,0.0,0.0,0.0,0.0,0.0,0.0,0.0,0.0,0.0,0.0,0.0,0.0,6.0,0.0
3922239,4992,Equatorial Guinea,13581,Emilio Nsue,Emilio Nsue López,10,1,100.9398,Center Forward,2.0,0.0,0.8845,1.0,0.0,0.101,1.0,0.0,2.0,0.0,0.0,6.0,2.0,0.0
3922239,4992,Equatorial Guinea,17618,Carlos Akapo,Carlos Akapo Martínez,15,1,100.9398,Right Back,0.0,0.0,0.0,0.0,0.0,0.0,0.0,0.0,1.0,1.0,0.0,17.0,1.0,1.0
3922239,4992,Equatorial Guinea,23559,Pepín Machín,José Ndong Machín Dicombo,7,1,100.9398,Center Attacking Midfield,0.0,0.0,0.0,0.0,0.0,0.0,1.0,0.0,2.0,0.0,0.0,12.0,5.0,0.0
3922239,4992,Equatorial Guinea,30423,Ibán Salvador,Ibán Salvador Edu,6,1,100.9398,Right Wing,0.0,0.0,0.0,0.0,0.0,0.0,1.0,0.0,2.0,0.0,0.0,17.0,5.0,4.0
3922239,4992,Equatorial Guinea,34845,Federico Bikoro Akieme Nchama,Federico Bikoro Akieme Nchama,4,1,57.7322,Right Defensive Midfield,0.0,0.0,0.0,0.0,0.0,0.0,0.0,0.0,1.0,2.0,0.0,8.0,1.0,0.0
3922239,4992,Equatorial Guinea,40128,Jannick Buyla,Jannick Buyla Sam,8,1,87.0822,Left Wing,0.0,0.0,0.0,0.0,0.0,0.0,0.0,0.0,0.0,0.0,0.0,9.0,3.0,1.0
3922239,4992,Equatorial Guinea,52324,Saúl Coco,Saúl Basilio Coco-Bassey Oubiña,16,1,100.9398,Left Center Back,1.0,0.0,0.0184,1.0,0.0,0.0184,0.0,0.0,0.0,2.0,0.0,5.0,3.0,0.0
3922239,4992,Equatorial Guinea,105764,Basilio Ndong,Basilio Ndong Owono Nchamaaa,11,1,100.9398,Left Back,0.0,0.0,0.0,0.0,0.0,0.0,0.0,0.0,0.0,1.0,1.0,12.0,3.0,1.0
3922239,4992,Equatorial Guinea,105765,Jesús Owono,Jesús Lázaro Owono Ngua Akeng,1,1,100.9398,Goalkeeper,0.0,0.0,0.0,0.0,0.0,0.0,0.0,0.0,0.0,0.0,0.0,0.0,5.0,0.0
3922239,4992,Equatorial Guinea,105942,Pablo Ganet,Pablo Ganet Cómitre,22,1,100.9398,Left Defensive Midfield,2.0,0.0,0.0532,2.0,0.0,0.0532,0.0,0.0,1.0,2.0,0.0,17.0,3.0,1.0
3922239,4992,Equatorial Guinea,136414,Luis Nlavo,Luis Miguel Nlavo Asue,19,0,13.8576,Left Midfield,0.0,0.0,0.0,0.0,0.0,0.0,0.0,0.0,0.0,0.0,0.0,4.0,1.0,2.0
3922239,4992,Equatorial Guinea,482851,Esteban Fernández,Esteban Orozco Fernández,21,1,100.9398,Right Center Back,0.0,0.0,0.0,0.0,0.0,0.0,0.0,0.0,1.0,5.0,0.0,6.0,2.0,3.0
3922240,4881,Congo DR,3044,Chancel Mbemba,Chancel Mbemba Mangulu,22,1,138.5628,Right Center Back,1.0,0.0,0.0924,1.0,0.0,0.0924,0.0,0.0,2.0,5.0,0.0,10.0,5.0,0.0
3922240,4881,Congo DR,3587,Arthur Masuaku,Arthur Masuaku,26,1,138.5628,Left Back,1.0,0.0,0.0099,1.0,0.0,0.0099,3.0,0.0,5.0,5.0,0.0,14.0,5.0,4.0
3922240,4881,Congo DR,4412,Samuel Moutoussamy,Samuel Moutoussamy,8,1,138.5628,Left Defensive Midfield,1.0,0.0,0.0192,1.0,0.0,0.0192,0.0,0.0,2.0,3.0,0.0,30.0,5.0,2.0
3922240,4881,Congo DR,4753,Aaron Tshibola,Aaron Tshibola,6,0,54.077,Right Defensive Midfield,0.0,0.0,0.0,0.0,0.0,0.0,1.0,0.0,0.0,0.0,1.0,11.0,6.0,0.0
3922240,4881,Congo DR,6862,Cédric Bakambu,Cédric Bakambu,17,1,71.2858,Center Forward,1.0,0.0,0.1671,1.0,0.0,0.1671,0.0,0.0,0.0,0.0,0.0,9.0,0.0,0.0
3922240,4881,Congo DR,7294,Yoane Wissa,Yoane Wissa,20,1,93.4524,Left Wing,2.0,0.0,0.1196,2.0,0.0,0.1196,0.0,0.0,3.0,0.0,0.0,7.0,7.0,0.0
3922240,4881,Congo DR,13329,Silas Katompa Mvumpa,Silas Katompa Mvumpa,11,0,45.1103,Left Wing,0.0,0.0,0.0,0.0,0.0,0.0,1.0,0.0,1.0,1.0,0.0,5.0,1.0,2.0
3922240,4881,Congo DR,18244,Grady Diangana,Grady Diangana,7,0,20.1934,Right Wing,0.0,0.0,0.0,0.0,0.0,0.0,0.0,0.0,1.0,0.0,1.0,4.0,1.0,0.0
3922240,4881,Congo DR,23785,Théo Bongonda Mbul'Ofeko Batombo,Théo Bongonda Mbul'Ofeko Batombo,10,1,138.5628,Center Attacking Midfield,3.0,0.0,0.1839,3.0,0.0,0.1839,1.0,0.0,1.0,0.0,0.0,21.0,3.0,1.0
3922240,4881,Congo DR,24105,Dylan Batubinsika,Dylan Batubinsika,5,1,71.2858,Left Center Back,0.0,0.0,0.0,0.0,0.0,0.0,0.0,0.0,2.0,2.0,1.0,3.0,1.0,0.0
3922240,4881,Congo DR,24826,Simon Banza,Simon Bokote Banza,23,0,67.277,Center Forward,0.0,0.0,0.0,0.0,0.0,0.0,0.0,0.0,0.0,0.0,0.0,17.0,1.0,0.0
3922240,4881,Congo DR,28415,Charles Pickel,Charles Pickel,18,1,84.4858,Right Defensive Midfield,0.0,0.0,0.0,0.0,0.0,0.0,0.0,0.0,1.0,3.0,0.0,15.0,2.0,1.0
3922240,4881,Congo DR,30193,Gédéon Kalulu,Gedeon Kalulu Kyatengwa,24,1,138.5628,Right Back,0.0,0.0,0.0,0.0,0.0,0.0,1.0,0.0,2.0,9.0,0.0,26.0,6.0,4.0
3922240,4881,Congo DR,35413,Lionel Mpasi-Nzau,Lionel Mpasi-Nzau,1,1,138.5628,Goalkeeper,0.0,0.0,0.0,0.0,0.0,0.0,0.0,0.0,0.0,0.0,0.0,0.0,4.0,0.0
3922240,4881,Congo DR,35684,Meschak Elia,Meschak Elia,13,1,118.3694,Right Wing,2.0,1.0,0.9344,2.0,1.0,0.9344,1.0,0.0,0.0,0.0,1.0,15.0,9.0,4.0
3922240,4881,Congo DR,105946,Henoc Inonga Baka,Henoc Inonga Baka,2,0,67.277,Left Center Back,1.0,0.0,0.0488,1.0,0.0,0.0488,0.0,0.0,2.0,7.0,0.0,3.0,5.0,0.0
3922240,774,Egypt,3568,Mohamed Elneny,Mohamed Naser Elsayed Elneny,17,1,125.7078,Right Center Midfield,1.0,0.0,0.0492,1.0,0.0,0.0492,1.0,0.0,2.0,1.0,1.0,10.0,6.0,3.0
3922240,774,Egypt,4063,Ahmed Hegazy,Ahmed Elsayed Ali Elsayed Hegazy,6,1,138.5628,Right Center Back,1.0,0.0,0.209,1.0,0.0,0.209,1.0,0.0,4.0,7.0,0.0,9.0,1.0,0.0
3922240,774,Egypt,5261,Trézéguet,Mahmoud Ibrahim Hassan,7,1,88.9358,Left Wing,0.0,0.0,0.0,0.0,0.0,0.0,1.0,0.0,0.0,0.0,0.0,11.0,1.0,2.0
3922240,774,Egypt,40761,Omar Marmoush,Omar Marmoush,22,0,49.627,Left Midfield,1.0,0.0,0.006,1.0,0.0,0.006,0.0,0.0,0.0,0.0,0.0,5.0,4.0,1.0
3922240,774,Egypt,66878,Zizo,Ahmed Sayed,25,1,96.0858,Right Wing,3.0,0.0,0.186,3.0,0.0,0.186,0.0,0.0,3.0,1.0,0.0,14.0,1.0,1.0
3922240,774,Egypt,66879,Mohamed Abougabal,Mohamed Abougabal,23,1,138.5628,Goalkeeper,0.0,0.0,0.0,0.0,0.0,0.0,0.0,0.0,0.0,0.0,0.0,0.0,4.0,0.0
3922240,774,Egypt,66886,Mostafa Mohamed,Mostafa Mohamed Ahmed Abdallah,19,1,138.2128,Center Forward,2.0,1.0,0.8549,1.0,0.0,0.0714,1.0,0.0,6.0,2.0,0.0,17.0,9.0,0.0
3922240,774,Egypt,66887,Hamdi Fathi,Hamdi Fathi,5,1,111.086,Left Center Midfield,2.0,0.0,0.0453,2.0,0.0,0.0453,1.0,0.0,0.0,0.0,1.0,12.0,2.0,1.0
3922240,774,Egypt,66892,Mohamed Hany,Mohamed Hany Gamal Eldemerdash,3,1,138.5628,Right Back,0.0,0.0,0.0,0.0,0.0,0.0,2.0,0.0,4.0,8.0,1.0,15.0,6.0,4.0
3922240,774,Egypt,67728,Mahmoud Hamada,Mahmoud Hamada,20,0,49.6603,Left Defensive Midfield,0.0,0.0,0.0,0.0,0.0,0.0,1.0,0.0,0.0,1.0,2.0,8.0,3.0,1.0
3922240,774,Egypt,67737,Ahmed El Fotouh,Ahmed Mohamed Abo El Fotouh Mohamed,13,1,51.2691,Left Back,0.0,0.0,0.0,0.0,0.0,0.0,0.0,0.0,1.0,1.0,0.0,5.0,2.0,1.0
3922240,774,Egypt,68755,Mostafa Fathi,Mostafa Fathi,18,0,42.477,Right Midfield,0.0,0.0,0.0,0.0,0.0,0.0,0.0,0.0,0.0,0.0,0.0,1.0,1.0,0.0
3922240,774,Egypt,69563,Mohamed Abdel Monem,Mohamed Abdelmonem,24,1,138.5628,Left Center Back,0.0,0.0,0.0,0.0,0.0,0.0,0.0,0.0,0.0,11.0,0.0,3.0,5.0,2.0
3922240,774,Egypt,70464,Mohanad Mostafa Lasheen,Mohanad Mostafa Lasheen,27,0,12.8549,Right Defensive Midfield,0.0,0.0,0.0,0.0,0.0,0.0,0.0,0.0,1.0,0.0,0.0,4.0,1.0,0.0
3922240,774,Egypt,70682,Marwan Attia,Marwan Attia Fahim Ghallab,14,1,88.9025,Center Defensive Midfield,1.0,0.0,0.0223,1.0,0.0,0.0223,1.0,0.0,4.0,0.0,0.0,11.0,4.0,2.0
3922240,774,Egypt,70783,Omar Kamal,Omar Kamal Abdel Wahed,4,0,27.4767,Left Back,0.0,0.0,0.0,0.0,0.0,0.0,0.0,0.0,0.0,2.0,0.0,2.0,0.0,3.0
3922240,774,Egypt,70835,Mohamed Hamdy,Mohamed Hamdy Sharaf,12,0,56.5502,Left Back,0.0,0.0,0.0,0.0,0.0,0.0,0.0,0.0,2.0,4.0,0.0,13.0,1.0,4.0
3922241,4932,Mauritania,3255,Guessouma Fofana,Guessouma Fofana,6,0,68.2217,Left Center Midfield,0.0,0.0,0.0,0.0,0.0,0.0,0.0,0.0,2.0,2.0,1.0,5.0,4.0,2.0
3922241,4932,Mauritania,7214,El-Hadji Ba,El-Hadji Ba,7,0,22.2932,Right Center Forward,0.0,0.0,0.0,0.0,0.0,0.0,0.0,0.0,3.0,0.0,0.0,5.0,0.0,0.0
3922241,4932,Mauritania,10280,Aboubakar Kamara,Aboubakar Kamara,27,0,34.8265,Right Midfield,1.0,0.0,0.0287,1.0,0.0,0.0287,0.0,0.0,1.0,0.0,0.0,6.0,1.0,3.0
3922241,4932,Mauritania,23892,Aboubakary Koita,Aboubakary Koita,19,1,102.755,Left Center Forward,3.0,0.0,0.098,3.0,0.0,0.098,1.0,0.0,0.0,1.0,1.0,17.0,5.0,2.0
3922241,4932,Mauritania,36951,Babacar Niasse,Babacar Niasse,16,1,102.755,Goalkeeper,0.0,0.0,0.0,0.0,0.0,0.0,0.0,0.0,0.0,0.0,0.0,1.0,6.0,0.0
3922241,4932,Mauritania,45064,Pape Ibnou Bâ,Pape Ibnou Bâ,25,0,35.3098,Left Midfield,0.0,0.0,0.0,0.0,0.0,0.0,0.0,0.0,1.0,0.0,0.0,2.0,0.0,0.0
3922241,4932,Mauritania,49763,Souleymane Anne,Souleymane Anne,11,1,80.4618,Right Center Forward,2.0,0.0,0.5252,2.0,0.0,0.5252,0.0,0.0,1.0,0.0,1.0,16.0,5.0,1.0
3922241,4932,Mauritania,102667,Hemeya Tanjy,Hemeya Tanjy,9,1,67.4452,Left Midfield,1.0,0.0,0.0281,1.0,0.0,0.0281,1.0,0.0,2.0,1.0,0.0,9.0,2.0,2.0
3922241,4932,Mauritania,128056,Yassin Cheikh El Welly,Yassin Cheikh El Welly,17,0,21.4599,Right Back,0.0,0.0,0.0,0.0,0.0,0.0,0.0,0.0,0.0,1.0,0.0,5.0,3.0,1.0
3922241,4932,Mauritania,136115,El Hacen Houeibib,El Hacen Houeibib,21,1,100.7717,Right Center Back,0.0,0.0,0.0,0.0,0.0,0.0,2.0,0.0,4.0,8.0,3.0,12.0,3.0,5.0
3922241,4932,Mauritania,146933,Bodda Mouhsine,Bodda Mouhsine,8,1,102.755,Right Center Midfield,1.0,0.0,0.0288,1.0,0.0,0.0288,0.0,0.0,2.0,1.0,2.0,26.0,7.0,4.0
3922241,4932,Mauritania,264954,Lamine Ba,Lamine Ba,5,1,102.755,Left Center Back,0.0,0.0,0.0,0.0,0.0,0.0,0.0,0.0,2.0,15.0,0.0,4.0,5.0,3.0
3922241,4932,Mauritania,264956,Ibrahima Keita,Ibrahima Keita,20,1,81.2952,Right Back,0.0,0.0,0.0,0.0,0.0,0.0,0.0,0.0,2.0,2.0,2.0,25.0,1.0,3.0
3922241,4932,Mauritania,341163,Omaré Gassama,Omaré Gassama,4,1,34.5333,Left Center Midfield,0.0,0.0,0.0,0.0,0.0,0.0,0.0,0.0,4.0,0.0,2.0,6.0,0.0,0.0
3922241,4932,Mauritania,389292,Khadim Diaw,Khadim Diaw,2,1,102.755,Left Back,1.0,0.0,0.0068,1.0,0.0,0.0068,0.0,0.0,4.0,8.0,1.0,14.0,5.0,2.0
3922241,4932,Mauritania,416907,Sidi Bouna Sidi Amar,Sidi Bouna Sidi Amar,23,1,67.9285,Right Midfield,2.0,0.0,0.0613,2.0,0.0,0.0613,1.0,0.0,2.0,1.0,0.0,19.0,4.0,7.0
3922241,4924,Cape Verde Islands,7197,Steven Moreira,Steven Moreira,23,1,96.0952,Right Back,1.0,0.0,0.0462,1.0,0.0,0.0462,0.0,0.0,2.0,2.0,2.0,11.0,5.0,0.0
3922241,4924,Cape Verde Islands,7753,Jamiro Monteiro,Jamiro Gregory Monteiro Alvarenga,10,1,102.755,Center Attacking Midfield,0.0,0.0,0.0,0.0,0.0,0.0,6.0,0.0,2.0,0.0,0.0,12.0,6.0,0.0
3922241,4924,Cape Verde Islands,7900,Bebé,Tiago Manuel Dias Correia,21,1,72.9452,Center Forward,3.0,0.0,0.0307,3.0,0.0,0.0307,1.0,0.0,0.0,0.0,1.0,2.0,3.0,0.0
3922241,4924,Cape Verde Islands,8349,Deroy Duarte,Deroy Duarte,14,1,72.7785,Right Defensive Midfield,3.0,0.0,0.1408,3.0,0.0,0.1408,0.0,0.0,2.0,0.0,1.0,12.0,6.0,0.0
3922241,4924,Cape Verde Islands,10598,Jovane Cabral,Jovane Eduardo Borges Cabral,7,1,86.5618,Left Wing,3.0,0.0,0.0895,3.0,0.0,0.0895,0.0,0.0,1.0,0.0,1.0,16.0,6.0,3.0
3922241,4924,Cape Verde Islands,16001,Garry Rodrigues,Garry Mendes Rodrigues,11,0,29.8098,Left Wing,1.0,0.0,0.0323,1.0,0.0,0.0323,1.0,0.0,0.0,0.0,0.0,4.0,1.0,1.0
3922241,4924,Cape Verde Islands,23301,Kenny Rocha Santos,Kenny Rocha Santos,18,0,29.9765,Right Defensive Midfield,1.0,0.0,0.0394,1.0,0.0,0.0394,0.0,0.0,1.0,0.0,1.0,7.0,0.0,2.0
3922241,4924,Cape Verde Islands,28413,Willy Afonso Semedo Johnson,Willy Afonso Semedo Johnson,17,0,6.6599,Right Back,0.0,0.0,0.0,0.0,0.0,0.0,0.0,0.0,0.0,0.0,1.0,1.0,0.0,0.0
3922241,4924,Cape Verde Islands,36271,R.Lopes,Roberto Lopes,4,1,102.755,Left Center Back,1.0,0.0,0.099,1.0,0.0,0.099,0.0,0.0,3.0,6.0,2.0,11.0,3.0,1.0
3922241,4924,Cape Verde Islands,40485,Ryan Mendes,Ryan Isaac Mendes da Graça,20,1,102.755,Right Wing,3.0,1.0,0.9407,2.0,0.0,0.1572,1.0,0.0,0.0,2.0,1.0,15.0,9.0,4.0
3922241,4924,Cape Verde Islands,45557,Logan Costa,Logan Costa,5,1,102.755,Right Center Back,0.0,0.0,0.0,0.0,0.0,0.0,0.0,0.0,1.0,1.0,2.0,7.0,4.0,0.0
3922241,4924,Cape Verde Islands,105932,Vózinha,Josimar José Évora Dias,1,1,102.755,Goalkeeper,0.0,0.0,0.0,0.0,0.0,0.0,0.0,0.0,0.0,0.0,0.0,0.0,7.0,0.0
3922241,4924,Cape Verde Islands,105936,Gilson Tavares,Gilson Benchimol Tavares,9,0,16.1932,Center Forward,0.0,0.0,0.0,0.0,0.0,0.0,0.0,0.0,0.0,0.0,1.0,0.0,1.0,0.0
3922241,4924,Cape Verde Islands,132800,Kevin Pina,Kevin Lenini Gonçalves Pereira de Pina,26,1,102.755,Left Defensive Midfield,0.0,0.0,0.0,0.0,0.0,0.0,0.0,0.0,1.0,1.0,0.0,10.0,6.0,1.0
3922241,4924,Cape Verde Islands,133038,João Paulo Fernandes,João Paulo Moreira Fernandes,8,1,102.755,Left Back,2.0,0.0,0.1531,2.0,0.0,0.1531,1.0,0.0,4.0,1.0,2.0,19.0,5.0,4.0
3922242,787,Senegal,2941,Ismaïla Sarr,Ismaïla Sarr,18,1,106.4021,Right Wing,2.0,0.0,0.4246,2.0,0.0,0.4246,1.0,0.0,1.0,0.0,0.0,26.0,2.0,0.0
3922242,787,Senegal,3198,Moussa Niakhaté,Moussa Niakhate,19,1,135.6518,Left Center Back,0.0,0.0,0.0,0.0,0.0,0.0,0.0,0.0,4.0,3.0,1.0,16.0,4.0,2.0
3922242,787,Senegal,3629,Sadio Mané,Sadio Mané,10,1,135.6518,Left Wing,2.0,0.0,0.4019,2.0,0.0,0.4019,3.0,1.0,3.0,1.0,2.0,26.0,6.0,0.0
3922242,787,Senegal,5675,Kalidou Koulibaly,Kalidou Koulibaly,3,1,135.6518,Right Center Back,2.0,0.0,0.1758,2.0,0.0,0.1758,2.0,0.0,1.0,4.0,1.0,16.0,3.0,2.0
3922242,787,Senegal,7379,Edouard Mendy,Edouard Mendy,16,1,135.6518,Goalkeeper,0.0,0.0,0.0,0.0,0.0,0.0,0.0,0.0,0.0,0.0,0.0,1.0,5.0,0.0
3922242,787,Senegal,8553,Abdou Diallo,Abdou Diallo,22,1,130.4556,Center Back,1.0,0.0,0.0896,1.0,0.0,0.0896,1.0,0.0,0.0,2.0,1.0,8.0,1.0,2.0
3922242,787,Senegal,18516,Habib Diallo,Habibou Mouhamadou Diallo,20,1,71.2097,Center Forward,2.0,1.0,0.095,2.0,1.0,0.095,0.0,0.0,0.0,0.0,3.0,28.0,1.0,0.0
3922242,787,Senegal,20758,Krépin Diatta,Krépin Diatta,15,1,135.6518,Right Wing Back,0.0,0.0,0.0,0.0,0.0,0.0,1.0,0.0,1.0,5.0,2.0,22.0,3.0,5.0
3922242,787,Senegal,32915,Ismail Jakobs,Ismail Jakobs,14,1,135.6518,Left Wing Back,1.0,0.0,0.0672,1.0,0.0,0.0672,1.0,0.0,7.0,4.0,4.0,37.0,4.0,6.0
3922242,787,Senegal,50497,Nicolas Jackson,Nicolas Jackson,7,0,64.4421,Center Forward,0.0,0.0,0.0,0.0,0.0,0.0,0.0,0.0,0.0,0.0,1.0,24.0,1.0,1.0
3922242,787,Senegal,50498,Pape Sarr,Pape Matar Sarr,17,1,135.6518,Right Defensive Midfield,1.0,0.0,0.0187,1.0,0.0,0.0187,0.0,0.0,3.0,2.0,2.0,29.0,8.0,5.0
3922242,787,Senegal,80484,Iliman Ndiaye,Iliman Ndiaye,13,0,28.4164,Right Wing,0.0,0.0,0.0,0.0,0.0,0.0,0.0,0.0,0.0,1.0,0.0,9.0,2.0,0.0
3922242,787,Senegal,88123,Bamba Dieng,Cheikh Ahmadou Bamba Mbacke Dieng,9,0,5.1962,Right Center Forward,0.0,0.0,0.0,0.0,0.0,0.0,0.0,0.0,0.0,0.0,0.0,3.0,1.0,0.0
3922242,787,Senegal,392153,Lamine Camara,Lamine Camara,25,1,91.4597,Left Defensive Midfield,1.0,0.0,0.0066,1.0,0.0,0.0066,1.0,0.0,0.0,0.0,2.0,30.0,7.0,0.0
3922242,787,Senegal,408457,Idrissa Gueye,Idrissa Gueye,5,0,4.8629,Left Defensive Midfield,1.0,0.0,0.0386,1.0,0.0,0.0386,0.0,0.0,1.0,0.0,1.0,10.0,3.0,1.0
3922242,3374,Côte d'Ivoire,3013,Nicolas Pépé,Nicolas Pépé,19,0,66.5088,Right Midfield,1.0,0.0,0.1049,1.0,0.0,0.1049,1.0,0.0,0.0,0.0,1.0,4.0,2.0,1.0
3922242,3374,Côte d'Ivoire,3017,Ibrahim Sangaré,Ibrahim Sangaré,18,1,76.3763,Right Defensive Midfield,0.0,0.0,0.0,0.0,0.0,0.0,0.0,0.0,1.0,0.0,0.0,20.0,3.0,2.0
3922242,3374,Côte d'Ivoire,3359,Jean Michaël Seri,Jean Michaël Seri,4,1,135.6518,Left Defensive Midfield,0.0,0.0,0.0,0.0,0.0,0.0,1.0,0.0,2.0,1.0,1.0,18.0,5.0,3.0
3922242,3374,Côte d'Ivoire,3481,Serge Aurier,Serge Aurier,17,1,135.6518,Right Back,1.0,0.0,0.0229,1.0,0.0,0.0229,0.0,0.0,2.0,1.0,5.0,12.0,6.0,2.0
3922242,3374,Côte d'Ivoire,4416,Max Gradel,Max-Alain Gradel,15,1,68.8097,Left Midfield,0.0,0.0,0.0,0.0,0.0,0.0,0.0,0.0,1.0,0.0,0.0,11.0,4.0,1.0
3922242,3374,Côte d'Ivoire,7023,Franck Kessié,Franck Yannick Kessié,8,0,58.7421,Right Defensive Midfield,3.0,1.0,0.858,2.0,0.0,0.0745,0.0,0.0,1.0,0.0,0.0,9.0,6.0,0.0
3922242,3374,Côte d'Ivoire,7713,Evan N'Dicka,Obite Evan Ndicka,21,1,135.6518,Left Center Back,0.0,0.0,0.0,0.0,0.0,0.0,1.0,0.0,2.0,2.0,0.0,12.0,6.0,1.0
3922242,3374,Côte d'Ivoire,7791,Seko Fofana,Seko Fofana,6,1,83.7763,Center Attacking Midfield,2.0,0.0,0.0717,2.0,0.0,0.0717,0.0,0.0,0.0,0.0,0.0,7.0,1.0,1.0
3922242,3374,Côte d'Ivoire,8673,Sébastien Haller,Sébastien Haller,22,0,58.7421,Center Forward,0.0,0.0,0.0,0.0,0.0,0.0,0.0,0.0,0.0,0.0,2.0,10.0,0.0,0.0
3922242,3374,Côte d'Ivoire,10039,Ghislain Konan,Ghislain Konan,3,1,135.6518,Left Back,0.0,0.0,0.0,0.0,0.0,0.0,1.0,0.0,0.0,0.0,2.0,12.0,8.0,4.0
3922242,3374,Côte d'Ivoire,12496,Christian Kouamé,Christian Kouamé,20,0,51.8755,Center Attacking Midfield,0.0,0.0,0.0,0.0,0.0,0.0,0.0,0.0,0.0,0.0,0.0,7.0,0.0,1.0
3922242,3374,Côte d'Ivoire,27133,Odilon Kossonou,Odilon Kossonou,7,1,128.5723,Right Center Back,0.0,0.0,0.0,0.0,0.0,0.0,0.0,0.0,0.0,3.0,1.0,13.0,6.0,4.0
3922242,3374,Côte d'Ivoire,36539,Wilfried Stephane Singo,Wilfried Stephane Singo,5,0,7.0795,Right Center Back,0.0,0.0,0.0,0.0,0.0,0.0,0.0,0.0,0.0,0.0,0.0,0.0,1.0,0.0
3922242,3374,Côte d'Ivoire,36629,Yahia Fofana,Yahia Fofana,1,1,135.6518,Goalkeeper,0.0,0.0,0.0,0.0,0.0,0.0,0.0,0.0,0.0,0.0,0.0,0.0,6.0,0.0
3922242,3374,Côte d'Ivoire,43072,Jean-Philippe Krasso,Jean-Philippe Krasso,11,1,76.9097,Center Forward,0.0,0.0,0.0,0.0,0.0,0.0,1.0,0.0,3.0,1.0,0.0,16.0,2.0,3.0
3922242,3374,Côte d'Ivoire,105392,Simon Adingra,Simon Adingra,24,0,66.8421,Left Midfield,1.0,0.0,0.0632,1.0,0.0,0.0632,1.0,0.0,1.0,0.0,1.0,10.0,2.0,2.0
3922242,3374,Côte d'Ivoire,212489,Oumar Diakité,Oumar Diakité,14,1,69.143,Right Midfield,0.0,0.0,0.0,0.0,0.0,0.0,0.0,0.0,2.0,1.0,2.0,11.0,3.0,2.0
3922244,4921,Burkina Faso,2956,Bertrand Traoré,Bertrand Isidore Traoré,10,1,80.9289,Right Wing,2.0,1.0,0.7904,1.0,0.0,0.0069,2.0,0.0,1.0,0.0,0.0,4.0,3.0,0.0
3922244,4921,Burkina Faso,3035,Steeve Yago,Steeve Yago,25,1,49.7122,Left Back,0.0,0.0,0.0,0.0,0.0,0.0,0.0,0.0,2.0,2.0,0.0,1.0,1.0,0.0
3922244,4921,Burkina Faso,4388,Kouakou Herve Koffi,Kouakou Herve Koffi,16,1,103.8812,Goalkeeper,0.0,0.0,0.0,0.0,0.0,0.0,0.0,0.0,0.0,0.0,0.0,0.0,3.0,0.0
3922244,4921,Burkina Faso,23999,Blati,Ibrahim Blati Touré,22,1,103.8812,Left Center Midfield,0.0,0.0,0.0,0.0,0.0,0.0,0.0,0.0,2.0,0.0,1.0,16.0,8.0,1.0
3922244,4921,Burkina Faso,30606,Edmond Fayçal Tapsoba,Edmond Fayçal Tapsoba,12,1,103.8812,Left Center Back,1.0,0.0,0.1348,1.0,0.0,0.1348,0.0,0.0,2.0,2.0,0.0,12.0,4.0,1.0
3922244,4921,Burkina Faso,35471,Issa Kabore,Issa Kabore,9,1,103.8812,Right Wing Back,0.0,0.0,0.0,0.0,0.0,0.0,2.0,0.0,1.0,1.0,0.0,20.0,3.0,3.0
3922244,4921,Burkina Faso,43705,Abdoul Tapsoba,Abdoul Fessal Tapsoba,15,1,49.7122,Left Wing,0.0,0.0,0.0,0.0,0.0,0.0,0.0,0.0,0.0,1.0,1.0,10.0,2.0,1.0
3922244,4921,Burkina Faso,43920,Mohamed Konaté,Mohamed Konaté,13,1,103.8812,Left Center Forward,4.0,0.0,0.2722,4.0,0.0,0.2722,0.0,0.0,1.0,0.0,0.0,17.0,0.0,0.0
3922244,4921,Burkina Faso,44307,Cédric Badolo,Cédric Badolo,8,0,54.169,Left Wing Back,0.0,0.0,0.0,0.0,0.0,0.0,1.0,0.0,0.0,0.0,0.0,3.0,3.0,0.0
3922244,4921,Burkina Faso,45466,Gustavo Sangaré,Gustavo Fabrice Sangaré,20,1,91.2622,Right Center Midfield,0.0,0.0,0.0,0.0,0.0,0.0,1.0,0.0,0.0,1.0,1.0,15.0,4.0,2.0
3922244,4921,Burkina Faso,95042,Dango Ouattara,Dango Aboubacar Faissal Ouattara,7,0,22.6023,Right Center Forward,0.0,0.0,0.0,0.0,0.0,0.0,0.0,0.0,1.0,1.0,0.0,3.0,1.0,1.0
3922244,4921,Burkina Faso,99280,Adamo Nagalo,Adamo Nagalo,4,0,54.169,Right Center Back,0.0,0.0,0.0,0.0,0.0,0.0,0.0,0.0,1.0,3.0,1.0,5.0,1.0,1.0
3922244,4921,Burkina Faso,102800,Issoufou Dayo,Issoufou Dayo,14,1,103.8812,Center Back,1.0,0.0,0.2626,1.0,0.0,0.2626,0.0,0.0,0.0,6.0,2.0,6.0,7.0,0.0
3922244,4921,Burkina Faso,106681,Ismahila Ouédraogo,Ismahila Ouédraogo,18,1,72.6288,Center Defensive Midfield,0.0,0.0,0.0,0.0,0.0,0.0,0.0,0.0,1.0,1.0,0.0,29.0,1.0,0.0
3922244,4921,Burkina Faso,225437,Stephane Ki,Stephane Aziz Ki,17,0,12.619,Right Center Midfield,0.0,0.0,0.0,0.0,0.0,0.0,0.0,0.0,1.0,0.0,0.0,6.0,1.0,0.0
3922244,4921,Burkina Faso,300924,Sacha Jordan Bansé,Sacha Jordan Bansé,6,0,31.2523,Center Defensive Midfield,0.0,0.0,0.0,0.0,0.0,0.0,0.0,0.0,1.0,2.0,1.0,10.0,2.0,1.0
3922244,4930,Mali,3248,Hamari Traoré,Hamari Traoré,2,1,103.2812,Right Back,0.0,0.0,0.0,0.0,0.0,0.0,2.0,1.0,0.0,0.0,2.0,9.0,4.0,3.0
3922244,4930,Mali,3433,Lassana Coulibaly,Lassana Coulibaly,11,1,78.5955,Right Center Midfield,0.0,0.0,0.0,0.0,0.0,0.0,0.0,0.0,0.0,1.0,2.0,19.0,2.0,1.0
3922244,4930,Mali,3710,Fousseni Diabaté,Fousseni Diabaté,19,0,25.2857,Right Wing,0.0,0.0,0.0,0.0,0.0,0.0,1.0,0.0,2.0,0.0,0.0,7.0,2.0,0.0
3922244,4930,Mali,4464,Adama Traoré,Adama Traoré,21,1,77.7955,Right Center Forward,3.0,0.0,0.074,3.0,0.0,0.074,0.0,0.0,1.0,0.0,0.0,22.0,1.0,0.0
3922244,4930,Mali,7295,Sikou Niakaté,Sikou Niakate,6,1,103.8812,Left Center Back,0.0,0.0,0.0,0.0,0.0,0.0,0.0,0.0,1.0,7.0,0.0,8.0,3.0,1.0
3922244,4930,Mali,8759,Diadié Samassékou,Diadie Samassekou,8,0,26.3023,Right Defensive Midfield,0.0,0.0,0.0,0.0,0.0,0.0,0.0,0.0,1.0,1.0,1.0,3.0,3.0,1.0
3922244,4930,Mali,8774,Amadou Haïdara,Amadou Haïdara,4,1,75.5122,Left Center Midfield,3.0,0.0,0.0967,3.0,0.0,0.0967,2.0,0.0,1.0,1.0,0.0,17.0,7.0,1.0
3922244,4930,Mali,10705,Mamadou Fofana,Mamadou Fofana,15,0,7.0523,Left Defensive Midfield,0.0,0.0,0.0,0.0,0.0,0.0,0.0,0.0,0.0,0.0,0.0,1.0,0.0,1.0
3922244,4930,Mali,12557,Falaye Sacko,Falaye Sacko,17,1,103.8812,Left Back,0.0,0.0,0.0,0.0,0.0,0.0,1.0,0.0,3.0,4.0,0.0,15.0,5.0,2.0
3922244,4930,Mali,23331,Kiki Kouyaté,Boubakar Kouyate,5,1,103.8812,Right Center Back,0.0,0.0,0.0,0.0,0.0,0.0,0.0,0.0,1.0,11.0,0.0,4.0,1.0,0.0
3922244,4930,Mali,23623,Sekou Koita,Sekou Koita,20,0,26.0857,Left Wing,1.0,0.0,0.071,1.0,0.0,0.071,1.0,0.0,0.0,0.0,1.0,5.0,2.0,0.0
3922244,4930,Mali,24806,Mohamed Camara,Mohamed Camara,12,1,96.8288,Center Defensive Midfield,1.0,0.0,0.03,1.0,0.0,0.03,1.0,0.0,2.0,0.0,2.0,20.0,5.0,1.0
3922244,4930,Mali,58878,Boubacar Traore,Boubacar Traore,24,0,6.5857,Center Forward,0.0,0.0,0.0,0.0,0.0,0.0,0.0,0.0,0.0,0.0,0.0,1.0,0.0,0.0
3922244,4930,Mali,102992,Djigui Diarra,Djigui Diarra,16,1,103.8812,Goalkeeper,0.0,0.0,0.0,0.0,0.0,0.0,0.0,0.0,0.0,0.0,0.0,0.0,0.0,0.0
3922244,4930,Mali,105182,Lassine Sinayoko,Lassine Sinayoko,25,1,97.2288,Left Center Forward,3.0,1.0,0.2166,3.0,1.0,0.2166,0.0,0.0,3.0,0.0,0.0,21.0,2.0,0.0
3922244,4930,Mali,162132,Kamory Doumbia,Kamory Doumbia,26,1,103.8812,Center Attacking Midfield,3.0,0.0,0.1774,3.0,0.0,0.1774,0.0,0.0,1.0,0.0,2.0,20.0,6.0,3.0
3922243,788,Morocco,5219,Romain Saïss,Romain Saïss,6,1,106.6528,Left Center Back,0.0,0.0,0.0,0.0,0.0,0.0,1.0,0.0,1.0,3.0,2.0,10.0,4.0,2.0
3922243,788,Morocco,5229,Ayoub El Kaabi,Ayoub El Kaabi,20,0,33.7985,Left Center Forward,3.0,0.0,0.5699,3.0,0.0,0.5699,0.0,0.0,0.0,0.0,0.0,2.0,0.0,0.0
3922243,788,Morocco,5234,Sofyan Amrabat,Sofyan Amrabat,4,1,95.4709,Center Defensive Midfield,0.0,0.0,0.0,0.0,0.0,0.0,1.0,0.0,1.0,1.0,0.0,16.0,9.0,1.0
3922243,788,Morocco,5243,Amine Harit,Amine Harit,10,0,43.2152,Right Midfield,1.0,0.0,0.035,1.0,0.0,0.035,0.0,0.0,0.0,0.0,0.0,3.0,1.0,0.0
3922243,788,Morocco,5245,Achraf Hakimi,Achraf Hakimi Mouh,2,1,106.6528,Right Back,2.0,0.0,0.8698,1.0,0.0,0.0863,1.0,0.0,0.0,0.0,0.0,5.0,5.0,1.0
3922243,788,Morocco,6301,Youssef En-Nesyri,Youssef En-Nesyri,19,1,106.6528,Center Forward,1.0,0.0,0.1277,1.0,0.0,0.1277,2.0,0.0,0.0,0.0,0.0,18.0,1.0,2.0
3922243,788,Morocco,6785,Yassine Bounou,Yassine Bounou,1,1,106.6528,Goalkeeper,0.0,0.0,0.0,0.0,0.0,0.0,0.0,0.0,0.0,0.0,0.0,0.0,6.0,0.0
3922243,788,Morocco,12149,Nayef Aguerd,Nayef Aguerd,5,1,106.6528,Right Center Back,0.0,0.0,0.0,0.0,0.0,0.0,1.0,0.0,0.0,4.0,0.0,5.0,6.0,1.0
3922243,788,Morocco,15890,Noussair Mazraoui,Noussair Mazraoui,3,1,79.4709,Left Back,0.0,0.0,0.0,0.0,0.0,0.0,1.0,0.0,1.0,2.0,0.0,5.0,2.0,2.0
3922243,788,Morocco,23774,Selim Amallah,Selim Amallah,15,1,63.4209,Left Center Midfield,1.0,0.0,0.0724,1.0,0.0,0.0724,0.0,0.0,3.0,0.0,0.0,14.0,3.0,1.0
3922243,788,Morocco,31295,Yahia Attiyat allah,Yahia Attiyat allah,25,0,27.1819,Left Back,0.0,0.0,0.0,0.0,0.0,0.0,1.0,0.0,0.0,0.0,0.0,0.0,0.0,1.0
3922243,788,Morocco,33401,Amine Adli,Amine Adli,21,1,63.4376,Right Wing,2.0,0.0,0.2081,2.0,0.0,0.2081,0.0,0.0,0.0,0.0,0.0,11.0,0.0,1.0
3922243,788,Morocco,39174,Ismael Saibari,Ismael Saibari,11,0,43.2319,Left Midfield,0.0,0.0,0.0,0.0,0.0,0.0,1.0,0.0,0.0,0.0,0.0,6.0,1.0,2.0
3922243,788,Morocco,46258,Azzedine Ounahi,Azzedine Ounahi,8,1,106.6528,Right Center Midfield,2.0,0.0,0.1908,2.0,0.0,0.1908,2.0,0.0,0.0,0.0,0.0,7.0,2.0,1.0
3922243,788,Morocco,149714,Abde Ezzalzouli,Abdessamad Ezzalzouli,16,1,72.2876,Left Wing,1.0,0.0,0.0167,1.0,0.0,0.0167,0.0,0.0,1.0,0.0,0.0,14.0,1.0,0.0
3922243,4976,South Africa,29367,Percy Tau,Percy Tau,10,1,106.6528,Left Midfield,0.0,0.0,0.0,0.0,0.0,0.0,0.0,0.0,0.0,2.0,1.0,29.0,1.0,2.0
3922243,4976,South Africa,42527,Sphephelo S''Miso Sithole,Sphephelo S''Miso Sithole,13,1,91.1376,Left Defensive Midfield,0.0,0.0,0.0,0.0,0.0,0.0,0.0,0.0,2.0,1.0,0.0,15.0,3.0,1.0
3922243,4976,South Africa,64607,Zakhele Lerato Lepasa,Zakhele Lerato Lepasa,17,0,31.1152,Left Center Forward,1.0,0.0,0.05,1.0,0.0,0.05,0.0,0.0,1.0,0.0,0.0,2.0,0.0,0.0
3922243,4976,South Africa,64629,Thabang Amod Monare,Thabang Amod Monare,15,0,15.5152,Left Defensive Midfield,0.0,0.0,0.0,0.0,0.0,0.0,0.0,0.0,0.0,0.0,0.0,0.0,0.0,0.0
3922243,4976,South Africa,65719,Khuliso Johnson Mudau,Khuliso Johnson Mudau,20,1,106.6528,Right Back,0.0,0.0,0.0,0.0,0.0,0.0,1.0,0.0,2.0,3.0,2.0,14.0,6.0,1.0
3922243,4976,South Africa,65726,Themba Zwane,Themba Zwane,11,1,73.4376,Left Center Forward,0.0,0.0,0.0,0.0,0.0,0.0,2.0,1.0,2.0,0.0,1.0,8.0,5.0,0.0
3922243,4976,South Africa,65727,Thapelo James Morena,Thapelo James Morena,23,1,106.6528,Right Midfield,0.0,0.0,0.0,0.0,0.0,0.0,0.0,0.0,1.0,1.0,1.0,15.0,3.0,1.0
3922243,4976,South Africa,65732,Mothobi Mvala,Mothobi Mvala,14,1,106.6528,Left Center Back,0.0,0.0,0.0,0.0,0.0,0.0,0.0,0.0,5.0,5.0,0.0,5.0,2.0,3.0
3922243,4976,South Africa,65733,Aubrey Maphosa Modiba,Aubrey Maphosa Modiba,6,1,106.6528,Left Back,0.0,0.0,0.0,0.0,0.0,0.0,0.0,0.0,2.0,4.0,0.0,12.0,2.0,1.0
3922243,4976,South Africa,65853,Evidence Makgopa,Evidence Makgopa,9,1,74.4042,Right Center Forward,1.0,1.0,0.1677,1.0,1.0,0.1677,0.0,0.0,0.0,1.0,1.0,5.0,2.0,0.0
3922243,4976,South Africa,66716,Teboho Mokoena,Teboho Mokoena,4,1,106.6528,Right Defensive Midfield,3.0,1.0,0.023,3.0,1.0,0.023,1.0,0.0,0.0,1.0,0.0,20.0,1.0,2.0
3922243,4976,South Africa,66721,Ronwen Williams,Ronwen Williams,1,1,106.6528,Goalkeeper,0.0,0.0,0.0,0.0,0.0,0.0,0.0,0.0,0.0,0.0,0.0,0.0,1.0,1.0
3922243,4976,South Africa,70093,Gomolemo Grant Kekana,Gomolemo Grant Kekana,18,1,106.6528,Right Center Back,0.0,0.0,0.0,0.0,0.0,0.0,0.0,0.0,2.0,8.0,1.0,5.0,1.0,0.0
3922243,4976,South Africa,202037,Thapelo Maseko,Thapelo Maseko,12,0,33.2152,Left Center Forward,0.0,0.0,0.0,0.0,0.0,0.0,0.0,0.0,2.0,1.0,0.0,4.0,2.0,0.0
3922321,775,Nigeria,3447,Ademola Lookman,Ademola Lookman,18,1,98.2753,Right Attacking Midfield,1.0,1.0,0.2007,1.0,1.0,0.2007,2.0,0.0,5.0,0.0,0.0,24.0,3.0,2.0
3922321,775,Nigeria,3647,Alex Iwobi,Alex Iwobi,17,1,83.6086,Left Defensive Midfield,3.0,0.0,0.0729,3.0,0.0,0.0729,0.0,0.0,0.0,0.0,0.0,9.0,7.0,2.0
3922321,775,Nigeria,3856,Joe Aribo,Joe Aribo,10,0,10.6714,Right Defensive Midfield,0.0,0.0,0.0,0.0,0.0,0.0,0.0,0.0,0.0,1.0,0.0,6.0,0.0,1.0
3922321,775,Nigeria,3923,Semi Ajayi,Oluwasemilogo Adesewo Ibidapo Ajayi,6,1,101.4801,Right Center Back,0.0,0.0,0.0,0.0,0.0,0.0,0.0,0.0,0.0,1.0,0.0,8.0,0.0,1.0
3922321,775,Nigeria,5455,William Troost-Ekong,William Troost-Ekong,5,1,101.4801,Center Back,0.0,0.0,0.0,0.0,0.0,0.0,1.0,0.0,1.0,8.0,0.0,3.0,2.0,1.0
3922321,775,Nigeria,5830,Kenneth Omeruo,Kenneth Josiah Omeruo,22,0,3.2048,Left Center Back,0.0,0.0,0.0,0.0,0.0,0.0,0.0,0.0,0.0,1.0,0.0,0.0,0.0,0.0
3922321,775,Nigeria,11277,Victor Osimhen,Victor James Osimhen,9,1,94.8753,Center Forward,4.0,0.0,0.5071,4.0,0.0,0.5071,1.0,0.0,0.0,2.0,0.0,10.0,0.0,0.0
3922321,775,Nigeria,11492,Ola Aina,Temitayo Olufisayo Olaoluwa Aina,2,1,101.4801,Right Wing Back,0.0,0.0,0.0,0.0,0.0,0.0,2.0,0.0,4.0,1.0,1.0,19.0,9.0,7.0
3922321,775,Nigeria,18163,Moses Simon,Moses Daddy-Ajala Simon,15,1,101.4801,Left Attacking Midfield,1.0,0.0,0.055,1.0,0.0,0.055,2.0,1.0,2.0,0.0,0.0,11.0,4.0,3.0
3922321,775,Nigeria,24467,Frank Onyeka,Frank Onyeka,8,1,89.6253,Right Defensive Midfield,1.0,0.0,0.0284,1.0,0.0,0.0284,2.0,0.0,1.0,2.0,0.0,18.0,5.0,3.0
3922321,775,Nigeria,24478,Paul Onuachu,Paul Onuachu,19,0,3.6048,Center Forward,0.0,0.0,0.0,0.0,0.0,0.0,0.0,0.0,0.0,0.0,0.0,0.0,0.0,0.0
3922321,775,Nigeria,27434,Alhassan Yusuf Abdullahi,Alhassan Yusuf,4,0,17.8714,Left Defensive Midfield,0.0,0.0,0.0,0.0,0.0,0.0,0.0,0.0,0.0,0.0,0.0,6.0,1.0,0.0
3922321,775,Nigeria,31949,Zaidu Sanusi,Zaidu Sanusi,3,1,101.4801,Left Wing Back,2.0,0.0,0.1442,2.0,0.0,0.1442,1.0,0.0,4.0,3.0,2.0,14.0,6.0,1.0
3922321,775,Nigeria,43779,Calvin Bassey,Calvin Bassey Ughelumba,21,1,101.4801,Left Center Back,1.0,0.0,0.4534,1.0,0.0,0.4534,0.0,0.0,1.0,1.0,1.0,11.0,2.0,2.0
3922321,775,Nigeria,358410,Stanley Bobo Nwabali,Stanley Bobo Nwabali,23,1,101.4801,Goalkeeper,0.0,0.0,0.0,0.0,0.0,0.0,0.0,0.0,0.0,0.0,0.0,0.0,7.0,0.0
3922321,4901,Angola,10573,Jonathan Buatu,Jonathan Buatu Mananga,3,1,101.1801,Left Center Back,1.0,0.0,0.0449,1.0,0.0,0.0449,0.0,0.0,1.0,5.0,0.0,9.0,3.0,1.0
3922321,4901,Angola,10577,Gelson,Jacinto Muondo Dala,10,1,89.1919,Left Wing,0.0,0.0,0.0,0.0,0.0,0.0,0.0,0.0,0.0,0.0,0.0,8.0,4.0,0.0
3922321,4901,Angola,10844,Fredy,Alfredo Kulembe Ribeiro,16,1,69.4086,Right Center Midfield,0.0,0.0,0.0,0.0,0.0,0.0,3.0,0.0,3.0,0.0,2.0,12.0,2.0,4.0
3922321,4901,Angola,22274,Bruno Paz,Bruno Lourenço Pinto de Almeida Paz,17,0,32.0714,Right Center Midfield,0.0,0.0,0.0,0.0,0.0,0.0,2.0,0.0,0.0,0.0,0.0,3.0,0.0,2.0
3922321,4901,Angola,23983,Jérémy Bela,Jérémy Bela,18,0,19.8214,Right Back,0.0,0.0,0.0,0.0,0.0,0.0,1.0,0.0,0.0,0.0,1.0,3.0,0.0,0.0
3922321,4901,Angola,30626,Estrela,Valdomiro Tualungo Paulo Lameiras,20,1,48.9253,Left Center Midfield,1.0,0.0,0.06,1.0,0.0,0.06,0.0,0.0,4.0,1.0,0.0,7.0,2.0,2.0
3922321,4901,Angola,31016,Show,Manuel Luís da Silva Cafumana,23,1,101.4801,Center Defensive Midfield,1.0,0.0,0.0114,1.0,0.0,0.0114,1.0,0.0,4.0,1.0,3.0,14.0,11.0,0.0
3922321,4901,Angola,41045,Milson,Felicio Mendes Joao Milson,11,0,12.2881,Left Wing,0.0,0.0,0.0,0.0,0.0,0.0,0.0,0.0,0.0,0.0,0.0,3.0,0.0,1.0
3922321,4901,Angola,90913,Zito Luvumbo,Zito André Sebastião Luvumbo,15,0,31.9715,Right Wing,1.0,0.0,0.0299,1.0,0.0,0.0299,0.0,0.0,0.0,0.0,0.0,4.0,1.0,0.0
3922321,4901,Angola,103208,Kialonda Gaspar,Kialonda Gaspar,6,1,101.4801,Right Center Back,0.0,0.0,0.0,0.0,0.0,0.0,1.0,0.0,4.0,8.0,1.0,8.0,4.0,3.0
3922321,4901,Angola,128881,Mabululu,Cristóvão Paciência Mabululo,19,1,101.4801,Center Forward,2.0,0.0,0.5334,2.0,0.0,0.5334,0.0,0.0,0.0,0.0,0.0,11.0,4.0,0.0
3922321,4901,Angola,135851,Tó Carneiro,Augusto de Jesus Corte Real Carneiro,13,1,101.4801,Left Back,0.0,0.0,0.0,0.0,0.0,0.0,1.0,0.0,2.0,7.0,2.0,6.0,4.0,1.0
3922321,4901,Angola,136312,Zini,Ambrosini Antonio Cabaça Salvador,9,0,52.5548,Left Center Midfield,1.0,0.0,0.133,1.0,0.0,0.133,0.0,0.0,0.0,1.0,0.0,4.0,1.0,0.0
3922321,4901,Angola,145058,Eddie Afonso,Eddie Marcos Melo Afonso,21,1,81.6586,Right Back,0.0,0.0,0.0,0.0,0.0,0.0,0.0,0.0,1.0,2.0,1.0,12.0,4.0,3.0
3922321,4901,Angola,389328,Gilberto,Deivi Miguel Vieira,7,1,69.5086,Right Wing,3.0,0.0,0.1424,3.0,0.0,0.1424,0.0,0.0,1.0,1.0,0.0,11.0,3.0,1.0
3922321,4901,Angola,408824,Signori António,Signori Dominique Nymi António,1,1,101.4801,Goalkeeper,0.0,0.0,0.0,0.0,0.0,0.0,0.0,0.0,0.0,0.0,0.0,0.0,3.0,0.0
3922356,4881,Congo DR,3044,Chancel Mbemba,Chancel Mbemba Mangulu,22,1,101.1936,Right Center Back,1.0,1.0,0.0611,1.0,1.0,0.0611,0.0,0.0,2.0,11.0,1.0,4.0,4.0,1.0
3922356,4881,Congo DR,3587,Arthur Masuaku,Arthur Masuaku,26,1,101.1936,Left Back,1.0,1.0,0.0073,1.0,1.0,0.0073,3.0,0.0,1.0,4.0,0.0,7.0,8.0,1.0
3922356,4881,Congo DR,4412,Samuel Moutoussamy,Samuel Moutoussamy,8,1,101.1936,Left Defensive Midfield,1.0,0.0,0.0985,1.0,0.0,0.0985,0.0,0.0,2.0,1.0,0.0,16.0,2.0,0.0
3922356,4881,Congo DR,4753,Aaron Tshibola,Aaron Tshibola,6,0,11.0396,Right Defensive Midfield,0.0,0.0,0.0,0.0,0.0,0.0,0.0,0.0,1.0,0.0,1.0,4.0,0.0,0.0
3922356,4881,Congo DR,4939,Joris Kayembe,Joris Kayembe Ditu,12,0,11.373,Left Midfield,0.0,0.0,0.0,0.0,0.0,0.0,0.0,0.0,0.0,0.0,0.0,3.0,2.0,1.0
3922356,4881,Congo DR,6862,Cédric Bakambu,Cédric Bakambu,17,1,77.3207,Center Forward,1.0,0.0,0.0689,1.0,0.0,0.0689,0.0,0.0,1.0,0.0,0.0,10.0,1.0,1.0
3922356,4881,Congo DR,7294,Yoane Wissa,Yoane Wissa,20,1,89.8207,Left Midfield,6.0,1.0,1.0525,5.0,0.0,0.269,1.0,0.0,2.0,2.0,0.0,4.0,3.0,0.0
3922356,4881,Congo DR,13329,Silas Katompa Mvumpa,Silas Katompa Mvumpa,11,0,36.1896,Right Midfield,1.0,0.0,0.2956,1.0,0.0,0.2956,0.0,0.0,1.0,0.0,1.0,4.0,3.0,0.0
3922356,4881,Congo DR,23785,Théo Bongonda Mbul'Ofeko Batombo,Théo Bongonda Mbul'Ofeko Batombo,10,1,90.154,Center Attacking Midfield,1.0,0.0,0.049,1.0,0.0,0.049,2.0,0.0,1.0,1.0,0.0,6.0,4.0,0.0
3922356,4881,Congo DR,24826,Simon Banza,Simon Bokote Banza,23,0,23.873,Center Forward,0.0,0.0,0.0,0.0,0.0,0.0,0.0,0.0,0.0,0.0,0.0,3.0,0.0,0.0
3922356,4881,Congo DR,28415,Charles Pickel,Charles Pickel,18,1,101.1936,Right Defensive Midfield,1.0,0.0,0.0197,1.0,0.0,0.0197,0.0,0.0,1.0,3.0,0.0,9.0,4.0,1.0
3922356,4881,Congo DR,30193,Gédéon Kalulu,Gedeon Kalulu Kyatengwa,24,1,101.1936,Right Back,0.0,0.0,0.0,0.0,0.0,0.0,2.0,0.0,0.0,6.0,1.0,7.0,0.0,1.0
3922356,4881,Congo DR,35413,Lionel Mpasi-Nzau,Lionel Mpasi-Nzau,1,1,101.1936,Goalkeeper,0.0,0.0,0.0,0.0,0.0,0.0,0.0,0.0,0.0,0.0,0.0,0.0,2.0,0.0
3922356,4881,Congo DR,35684,Meschak Elia,Meschak Elia,13,1,65.004,Right Midfield,0.0,0.0,0.0,0.0,0.0,0.0,0.0,0.0,2.0,0.0,0.0,6.0,2.0,0.0
3922356,4881,Congo DR,105946,Henoc Inonga Baka,Henoc Inonga Baka,2,1,101.1936,Left Center Back,0.0,0.0,0.0,0.0,0.0,0.0,0.0,0.0,2.0,3.0,2.0,5.0,3.0,1.0
3922356,4892,Guinea,3138,Abdoulaye Touré,Abdoulaye Touré,23,0,37.173,Center Defensive Midfield,0.0,0.0,0.0,0.0,0.0,0.0,0.0,0.0,1.0,0.0,0.0,5.0,0.0,0.0
3922356,4892,Guinea,3405,François Kamano,François Kamano,19,0,3.923,Right Center Forward,0.0,0.0,0.0,0.0,0.0,0.0,0.0,0.0,1.0,0.0,0.0,0.0,0.0,0.0
3922356,4892,Guinea,4267,Mouctar Diakhaby,Mouctar Diakhaby,5,1,101.1936,Right Center Back,0.0,0.0,0.0,0.0,0.0,0.0,0.0,0.0,3.0,5.0,0.0,9.0,5.0,2.0
3922356,4892,Guinea,4352,Issiaga Sylla,Issiaga Sylla,3,1,101.1936,Left Back,0.0,0.0,0.0,0.0,0.0,0.0,0.0,0.0,3.0,9.0,0.0,9.0,1.0,1.0
3922356,4892,Guinea,7360,Julian Jeanvier,Julian Jeanvier,17,1,101.1936,Left Center Back,2.0,0.0,0.0952,2.0,0.0,0.0952,0.0,0.0,0.0,10.0,1.0,6.0,1.0,1.0
3922356,4892,Guinea,8284,Amadou Diawara,Amadou Diawara,6,1,74.854,Right Defensive Midfield,0.0,0.0,0.0,0.0,0.0,0.0,0.0,0.0,2.0,1.0,0.0,8.0,2.0,2.0
3922356,4892,Guinea,8454,Mohamed Bayo,Mohamed Bayo,11,1,97.2707,Center Forward,2.0,1.0,0.7955,1.0,0.0,0.012,0.0,0.0,0.0,0.0,0.0,10.0,0.0,0.0
3922356,4892,Guinea,8505,Naby Keïta,Naby Deco Keïta,8,1,101.1936,Left Defensive Midfield,0.0,0.0,0.0,0.0,0.0,0.0,1.0,0.0,1.0,1.0,0.0,11.0,8.0,1.0
3922356,4892,Guinea,9102,Serhou Guirassy,Serhou Guirassy,9,0,26.3396,Left Center Forward,2.0,0.0,0.1841,2.0,0.0,0.1841,0.0,0.0,0.0,0.0,0.0,1.0,1.0,0.0
3922356,4892,Guinea,39559,Aguibou Camara,Aguibou Camara,18,1,101.1936,Center Attacking Midfield,0.0,0.0,0.0,0.0,0.0,0.0,2.0,0.0,2.0,0.0,1.0,27.0,2.0,1.0
3922356,4892,Guinea,47351,Morgan Guilavogui,Morgan Guilavogui,7,1,64.0207,Right Wing,1.0,0.0,0.0604,1.0,0.0,0.0604,0.0,0.0,1.0,0.0,1.0,15.0,1.0,1.0
3922356,4892,Guinea,131849,Antoine Conte,Antoine Conte,2,0,4.3563,Right Back,0.0,0.0,0.0,0.0,0.0,0.0,0.0,0.0,0.0,0.0,1.0,1.0,0.0,0.0
3922356,4892,Guinea,132711,Sekou Oumar Sylla,Sekou Oumar Sylla,21,1,64.354,Left Wing,0.0,0.0,0.0,0.0,0.0,0.0,0.0,0.0,0.0,0.0,0.0,6.0,2.0,0.0
3922356,4892,Guinea,176683,Ibrahim Diakité,Ibrahim Diakité,12,1,96.8373,Right Back,0.0,0.0,0.0,0.0,0.0,0.0,1.0,0.0,1.0,2.0,0.0,9.0,3.0,1.0
3922356,4892,Guinea,182573,Ibrahim Kone,Ibrahim Kone,22,1,101.1936,Goalkeeper,0.0,0.0,0.0,0.0,0.0,0.0,0.0,0.0,0.0,0.0,0.0,0.0,6.0,0.0
3922356,4892,Guinea,406457,Facinet Conte,Facinet Conte,25,0,36.8396,Left Center Midfield,0.0,0.0,0.0,0.0,0.0,0.0,0.0,0.0,0.0,1.0,0.0,3.0,2.0,0.0
3922659,3374,Côte d'Ivoire,3013,Nicolas Pépé,Nicolas Pépé,19,1,47.0667,Right Midfield,1.0,0.0,0.0596,1.0,0.0,0.0596,0.0,0.0,0.0,0.0,0.0,6.0,1.0,1.0
3922659,3374,Côte d'Ivoire,3359,Jean Michaël Seri,Jean Michaël Seri,4,1,91.7028,Center Defensive Midfield,0.0,0.0,0.0,0.0,0.0,0.0,2.0,0.0,2.0,0.0,1.0,14.0,7.0,2.0
3922659,3374,Côte d'Ivoire,3481,Serge Aurier,Serge Aurier,17,1,50.9862,Right Back,0.0,0.0,0.0,0.0,0.0,0.0,0.0,0.0,2.0,1.0,0.0,5.0,3.0,0.0
3922659,3374,Côte d'Ivoire,4416,Max Gradel,Max-Alain Gradel,15,1,78.2528,Left Midfield,0.0,0.0,0.0,0.0,0.0,0.0,2.0,0.0,0.0,1.0,0.0,20.0,5.0,1.0
3922659,3374,Côte d'Ivoire,7023,Franck Kessié,Franck Yannick Kessié,8,1,138.6685,Right Center Midfield,0.0,0.0,0.0,0.0,0.0,0.0,0.0,0.0,2.0,4.0,1.0,30.0,5.0,6.0
3922659,3374,Côte d'Ivoire,7713,Evan N'Dicka,Obite Evan Ndicka,21,1,138.6685,Left Center Back,0.0,0.0,0.0,0.0,0.0,0.0,0.0,0.0,1.0,9.0,0.0,7.0,5.0,1.0
3922659,3374,Côte d'Ivoire,7791,Seko Fofana,Seko Fofana,6,1,138.6685,Left Center Midfield,3.0,0.0,0.1188,3.0,0.0,0.1188,0.0,0.0,4.0,1.0,1.0,16.0,7.0,1.0
3922659,3374,Côte d'Ivoire,8673,Sébastien Haller,Sébastien Haller,22,0,87.6823,Center Forward,1.0,0.0,0.1217,1.0,0.0,0.1217,0.0,0.0,0.0,1.0,0.0,11.0,3.0,0.0
3922659,3374,Côte d'Ivoire,9933,Willy Boly,Willy Boly,12,0,87.6823,Center Back,0.0,0.0,0.0,0.0,0.0,0.0,0.0,0.0,1.0,2.0,0.0,15.0,1.0,5.0
3922659,3374,Côte d'Ivoire,10039,Ghislain Konan,Ghislain Konan,3,1,138.6685,Left Back,0.0,0.0,0.0,0.0,0.0,0.0,0.0,0.0,4.0,1.0,0.0,16.0,7.0,3.0
3922659,3374,Côte d'Ivoire,12496,Christian Kouamé,Christian Kouamé,20,1,50.9862,Center Forward,0.0,0.0,0.0,0.0,0.0,0.0,1.0,0.0,1.0,1.0,0.0,10.0,1.0,0.0
3922659,3374,Côte d'Ivoire,27133,Odilon Kossonou,Odilon Kossonou,7,1,42.9167,Right Center Back,0.0,0.0,0.0,0.0,0.0,0.0,0.0,0.0,0.0,2.0,1.0,3.0,0.0,0.0
3922659,3374,Côte d'Ivoire,36539,Wilfried Stephane Singo,Wilfried Stephane Singo,5,0,91.6018,Right Center Back,3.0,0.0,0.1167,3.0,0.0,0.1167,1.0,0.0,2.0,5.0,1.0,8.0,7.0,4.0
3922659,3374,Côte d'Ivoire,36629,Yahia Fofana,Yahia Fofana,1,1,138.6685,Goalkeeper,0.0,0.0,0.0,0.0,0.0,0.0,0.0,0.0,0.0,0.0,0.0,0.0,5.0,0.0
3922659,3374,Côte d'Ivoire,105392,Simon Adingra,Simon Adingra,24,0,46.9657,Right Center Midfield,1.0,1.0,0.1717,1.0,1.0,0.1717,2.0,0.0,2.0,0.0,0.0,14.0,3.0,1.0
3922659,3374,Côte d'Ivoire,212489,Oumar Diakité,Oumar Diakité,14,0,19.3329,Right Wing Back,2.0,1.0,0.2489,2.0,1.0,0.2489,0.0,0.0,2.0,0.0,0.0,15.0,2.0,3.0
3922659,4930,Mali,3248,Hamari Traoré,Hamari Traoré,2,1,138.5185,Right Back,0.0,0.0,0.0,0.0,0.0,0.0,1.0,0.0,3.0,2.0,0.0,5.0,5.0,1.0
3922659,4930,Mali,3433,Lassana Coulibaly,Lassana Coulibaly,11,1,93.9528,Right Center Midfield,0.0,0.0,0.0,0.0,0.0,0.0,0.0,0.0,0.0,1.0,1.0,12.0,3.0,2.0
3922659,4930,Mali,3710,Fousseni Diabaté,Fousseni Diabaté,19,0,71.3323,Right Wing,0.0,0.0,0.0,0.0,0.0,0.0,2.0,0.0,0.0,0.0,0.0,13.0,1.0,0.0
3922659,4930,Mali,4385,Yves Bissouma,Yves Bissouma,10,0,36.0823,Left Wing,1.0,0.0,0.0347,1.0,0.0,0.0347,0.0,0.0,1.0,0.0,0.0,4.0,2.0,2.0
3922659,4930,Mali,4464,Adama Traoré,Adama Traoré,21,1,67.8362,Right Center Forward,2.0,0.0,0.8613,1.0,0.0,0.0778,1.0,0.0,0.0,0.0,0.0,12.0,6.0,0.0
3922659,4930,Mali,7295,Sikou Niakaté,Sikou Niakate,6,1,138.4018,Left Center Back,0.0,0.0,0.0,0.0,0.0,0.0,0.0,0.0,0.0,5.0,1.0,8.0,4.0,1.0
3922659,4930,Mali,8759,Diadié Samassékou,Diadie Samassekou,8,1,114.6647,Center Defensive Midfield,0.0,0.0,0.0,0.0,0.0,0.0,1.0,1.0,0.0,5.0,5.0,18.0,5.0,5.0
3922659,4930,Mali,8774,Amadou Haïdara,Amadou Haïdara,4,1,67.3362,Left Center Midfield,3.0,0.0,0.0885,3.0,0.0,0.0885,0.0,0.0,2.0,0.0,1.0,18.0,4.0,3.0
3922659,4930,Mali,8992,Ibrahim Sissoko,Ibrahim Sissoko,9,0,24.0038,Left Center Midfield,0.0,0.0,0.0,0.0,0.0,0.0,0.0,0.0,0.0,0.0,0.0,1.0,0.0,0.0
3922659,4930,Mali,10705,Mamadou Fofana,Mamadou Fofana,15,0,45.0657,Center Defensive Midfield,0.0,0.0,0.0,0.0,0.0,0.0,0.0,0.0,0.0,2.0,0.0,5.0,0.0,0.0
3922659,4930,Mali,12557,Falaye Sacko,Falaye Sacko,17,1,138.6685,Left Back,0.0,0.0,0.0,0.0,0.0,0.0,1.0,0.0,2.0,1.0,0.0,25.0,9.0,3.0
3922659,4930,Mali,23331,Kiki Kouyaté,Boubakar Kouyate,5,1,138.6685,Right Center Back,2.0,0.0,0.2594,2.0,0.0,0.2594,0.0,0.0,3.0,9.0,0.0,7.0,2.0,1.0
3922659,4930,Mali,58878,Boubacar Traore,Boubacar Traore,24,0,44.7157,Right Center Midfield,1.0,0.0,0.0146,1.0,0.0,0.0146,1.0,0.0,1.0,1.0,0.0,9.0,3.0,1.0
3922659,4930,Mali,102992,Djigui Diarra,Djigui Diarra,16,1,138.6685,Goalkeeper,0.0,0.0,0.0,0.0,0.0,0.0,0.0,0.0,0.0,0.0,0.0,0.0,1.0,0.0
3922659,4930,Mali,105182,Lassine Sinayoko,Lassine Sinayoko,25,1,93.6028,Left Center Forward,0.0,0.0,0.0,0.0,0.0,0.0,0.0,0.0,0.0,1.0,0.0,29.0,2.0,2.0
3922659,4930,Mali,162132,Kamory Doumbia,Kamory Doumbia,26,1,102.5862,Center Attacking Midfield,0.0,0.0,0.0,0.0,0.0,0.0,1.0,0.0,2.0,0.0,1.0,34.0,3.0,4.0
3922659,4930,Mali,199653,Nene Dorgeles,Nene Dorgeles,27,0,70.8323,Left Wing,2.0,1.0,0.0587,2.0,1.0,0.0587,1.0,0.0,1.0,0.0,2.0,21.0,0.0,1.0
3922658,4924,Cape Verde Islands,7197,Steven Moreira,Steven Moreira,23,1,133.335,Right Back,0.0,0.0,0.0,0.0,0.0,0.0,0.0,0.0,3.0,2.0,1.0,17.0,8.0,0.0
3922658,4924,Cape Verde Islands,7753,Jamiro Monteiro,Jamiro Gregory Monteiro Alvarenga,10,1,91.6721,Left Center Midfield,1.0,0.0,0.0385,1.0,0.0,0.0385,3.0,0.0,0.0,0.0,0.0,25.0,4.0,2.0
3922658,4924,Cape Verde Islands,7900,Bebé,Tiago Manuel Dias Correia,21,0,30.0322,Right Wing,5.0,0.0,0.0341,5.0,0.0,0.0341,0.0,0.0,0.0,1.0,0.0,2.0,4.0,1.0
3922658,4924,Cape Verde Islands,10598,Jovane Cabral,Jovane Eduardo Borges Cabral,7,1,91.8555,Center Forward,2.0,0.0,0.1315,2.0,0.0,0.1315,2.0,0.0,0.0,0.0,0.0,21.0,8.0,1.0
3922658,4924,Cape Verde Islands,16001,Garry Rodrigues,Garry Mendes Rodrigues,11,1,77.5555,Left Wing,3.0,0.0,0.1782,3.0,0.0,0.1782,1.0,0.0,0.0,0.0,0.0,18.0,2.0,0.0
3922658,4924,Cape Verde Islands,21173,Laros Duarte,Laros Duarte,15,0,17.2322,Center Attacking Midfield,0.0,0.0,0.0,0.0,0.0,0.0,0.0,0.0,0.0,0.0,1.0,8.0,4.0,1.0
3922658,4924,Cape Verde Islands,23301,Kenny Rocha Santos,Kenny Rocha Santos,18,1,129.5412,Right Center Midfield,3.0,0.0,0.1558,3.0,0.0,0.1558,4.0,0.0,1.0,3.0,0.0,21.0,6.0,1.0
3922658,4924,Cape Verde Islands,28413,Willy Afonso Semedo Johnson,Willy Afonso Semedo Johnson,17,0,30.0322,Left Wing,1.0,0.0,0.2217,1.0,0.0,0.2217,0.0,0.0,0.0,3.0,0.0,11.0,3.0,0.0
3922658,4924,Cape Verde Islands,32868,Bryan Alberto Silva Teixeira Jr.,Bryan Alberto Silva Teixeira Jr.,19,0,3.7938,Right Defensive Midfield,0.0,0.0,0.0,0.0,0.0,0.0,1.0,0.0,0.0,0.0,0.0,0.0,0.0,0.0
3922658,4924,Cape Verde Islands,36271,R.Lopes,Roberto Lopes,4,1,133.335,Left Center Back,0.0,0.0,0.0,0.0,0.0,0.0,0.0,0.0,5.0,10.0,0.0,12.0,2.0,0.0
3922658,4924,Cape Verde Islands,40485,Ryan Mendes,Ryan Isaac Mendes da Graça,20,1,69.9555,Right Wing,1.0,0.0,0.1871,1.0,0.0,0.1871,0.0,0.0,1.0,0.0,1.0,11.0,5.0,1.0
3922658,4924,Cape Verde Islands,45557,Logan Costa,Logan Costa,5,1,133.335,Right Center Back,0.0,0.0,0.0,0.0,0.0,0.0,1.0,0.0,5.0,8.0,2.0,5.0,5.0,0.0
3922658,4924,Cape Verde Islands,50968,Patrick Andrade,Erickson Patrick Correia Andrade,6,0,62.8629,Left Defensive Midfield,0.0,0.0,0.0,0.0,0.0,0.0,2.0,0.0,4.0,2.0,0.0,10.0,2.0,1.0
3922658,4924,Cape Verde Islands,105932,Vózinha,Josimar José Évora Dias,1,1,133.335,Goalkeeper,0.0,0.0,0.0,0.0,0.0,0.0,0.0,0.0,0.0,0.0,0.0,0.0,6.0,0.0
3922658,4924,Cape Verde Islands,105936,Gilson Tavares,Gilson Benchimol Tavares,9,0,16.8155,Center Forward,4.0,0.0,0.4328,4.0,0.0,0.4328,0.0,0.0,0.0,1.0,0.0,3.0,0.0,0.0
3922658,4924,Cape Verde Islands,132800,Kevin Pina,Kevin Lenini Gonçalves Pereira de Pina,26,1,70.3222,Center Defensive Midfield,3.0,0.0,0.1067,3.0,0.0,0.1067,0.0,0.0,2.0,2.0,0.0,15.0,3.0,2.0
3922658,4924,Cape Verde Islands,133038,João Paulo Fernandes,João Paulo Moreira Fernandes,8,1,133.335,Left Back,2.0,0.0,0.0236,2.0,0.0,0.0236,2.0,0.0,3.0,5.0,3.0,14.0,12.0,1.0
3922658,4976,South Africa,29367,Percy Tau,Percy Tau,10,1,90.4055,Left Wing,0.0,0.0,0.0,0.0,0.0,0.0,0.0,0.0,0.0,0.0,0.0,14.0,1.0,1.0
3922658,4976,South Africa,42527,Sphephelo S''Miso Sithole,Sphephelo S''Miso Sithole,13,1,133.335,Left Defensive Midfield,1.0,0.0,0.0222,1.0,0.0,0.0222,0.0,0.0,4.0,1.0,0.0,21.0,5.0,3.0
3922658,4976,South Africa,64607,Zakhele Lerato Lepasa,Zakhele Lerato Lepasa,17,0,19.8322,Center Forward,0.0,0.0,0.0,0.0,0.0,0.0,0.0,0.0,0.0,0.0,0.0,3.0,1.0,0.0
3922658,4976,South Africa,65719,Khuliso Johnson Mudau,Khuliso Johnson Mudau,20,1,113.3862,Right Back,1.0,0.0,0.0758,1.0,0.0,0.0758,0.0,0.0,6.0,4.0,3.0,11.0,6.0,5.0
3922658,4976,South Africa,65726,Themba Zwane,Themba Zwane,11,1,100.5528,Center Attacking Midfield,1.0,0.0,0.1609,1.0,0.0,0.1609,2.0,0.0,1.0,0.0,0.0,20.0,3.0,2.0
3922658,4976,South Africa,65727,Thapelo James Morena,Thapelo James Morena,23,1,68.5388,Right Wing,0.0,0.0,0.0,0.0,0.0,0.0,1.0,0.0,0.0,1.0,0.0,14.0,2.0,0.0
3922658,4976,South Africa,65732,Mothobi Mvala,Mothobi Mvala,14,1,133.335,Left Center Back,0.0,0.0,0.0,0.0,0.0,0.0,0.0,0.0,3.0,7.0,4.0,6.0,5.0,2.0
3922658,4976,South Africa,65733,Aubrey Maphosa Modiba,Aubrey Maphosa Modiba,6,1,133.335,Left Back,1.0,0.0,0.0147,1.0,0.0,0.0147,1.0,0.0,5.0,6.0,1.0,20.0,9.0,6.0
3922658,4976,South Africa,65750,Terrence Mashego,Terrence Mashego,3,0,7.7938,Left Wing,0.0,0.0,0.0,0.0,0.0,0.0,1.0,0.0,0.0,0.0,0.0,2.0,0.0,0.0
3922658,4976,South Africa,65761,Jayden Adams,Jayden Adams,8,0,32.4155,Center Attacking Midfield,1.0,0.0,0.0728,1.0,0.0,0.0728,0.0,0.0,1.0,0.0,0.0,4.0,1.0,0.0
3922658,4976,South Africa,65853,Evidence Makgopa,Evidence Makgopa,9,1,113.5028,Center Forward,2.0,0.0,0.2203,2.0,0.0,0.2203,1.0,0.0,1.0,0.0,0.0,26.0,5.0,0.0
3922658,4976,South Africa,66716,Teboho Mokoena,Teboho Mokoena,4,1,133.335,Right Defensive Midfield,6.0,0.0,0.1846,6.0,0.0,0.1846,2.0,0.0,2.0,2.0,1.0,26.0,8.0,0.0
3922658,4976,South Africa,66721,Ronwen Williams,Ronwen Williams,1,1,133.335,Goalkeeper,0.0,0.0,0.0,0.0,0.0,0.0,0.0,0.0,0.0,0.0,0.0,0.0,7.0,0.0
3922658,4976,South Africa,69442,Nyiko Mobbie,Nyiko Mobbie,2,0,19.9489,Right Back,1.0,0.0,0.0061,1.0,0.0,0.0061,0.0,0.0,0.0,1.0,0.0,2.0,2.0,0.0
3922658,4976,South Africa,70093,Gomolemo Grant Kekana,Gomolemo Grant Kekana,18,1,133.335,Right Center Back,0.0,0.0,0.0,0.0,0.0,0.0,0.0,0.0,2.0,8.0,0.0,10.0,5.0,2.0
3922658,4976,South Africa,133003,Mihlali Samson Mayambela,Mihlali Samson Mayambela,21,0,16.6771,Right Wing,2.0,0.0,0.3394,2.0,0.0,0.3394,0.0,0.0,0.0,2.0,0.0,8.0,3.0,0.0
3922658,4976,South Africa,202037,Thapelo Maseko,Thapelo Maseko,12,0,55.8524,Left Wing,0.0,0.0,0.0,0.0,0.0,0.0,1.0,0.0,2.0,0.0,0.0,4.0,3.0,1.0
3922837,775,Nigeria,3447,Ademola Lookman,Ademola Lookman,18,1,110.6562,Left Wing,1.0,0.0,0.0131,1.0,0.0,0.0131,4.0,0.0,0.0,0.0,1.0,24.0,2.0,1.0
3922837,775,Nigeria,3647,Alex Iwobi,Alex Iwobi,17,1,64.3918,Left Defensive Midfield,1.0,0.0,0.0099,1.0,0.0,0.0099,0.0,0.0,2.0,0.0,0.0,10.0,4.0,0.0
3922837,775,Nigeria,3708,Kelechi Iheanacho,Kelechi Promise Iheanacho,14,0,21.605,Right Wing,2.0,0.0,0.1221,2.0,0.0,0.1221,0.0,0.0,1.0,0.0,0.0,3.0,1.0,1.0
3922837,775,Nigeria,3806,Bright Samuel,Bright Osayi-Samuel,12,1,131.9906,Right Wing Back,0.0,0.0,0.0,0.0,0.0,0.0,1.0,0.0,0.0,1.0,1.0,12.0,6.0,0.0
3922837,775,Nigeria,3856,Joe Aribo,Joe Aribo,10,0,21.5383,Right Defensive Midfield,0.0,0.0,0.0,0.0,0.0,0.0,1.0,0.0,0.0,0.0,0.0,1.0,1.0,1.0
3922837,775,Nigeria,3923,Semi Ajayi,Oluwasemilogo Adesewo Ibidapo Ajayi,6,1,132.2612,Right Center Back,0.0,0.0,0.0,0.0,0.0,0.0,0.0,0.0,1.0,1.0,1.0,8.0,2.0,3.0
3922837,775,Nigeria,5455,William Troost-Ekong,William Troost-Ekong,5,1,132.2612,Center Back,2.0,1.0,0.8199,1.0,0.0,0.0364,0.0,0.0,1.0,5.0,2.0,11.0,4.0,1.0
3922837,775,Nigeria,5830,Kenneth Omeruo,Kenneth Josiah Omeruo,22,0,0.2706,Right Wing Back,0.0,0.0,0.0,0.0,0.0,0.0,0.0,0.0,0.0,0.0,0.0,0.0,0.0,0.0
3922837,775,Nigeria,11277,Victor Osimhen,Victor James Osimhen,9,1,119.4073,Center Forward,5.0,0.0,0.3312,5.0,0.0,0.3312,1.0,0.0,0.0,0.0,1.0,20.0,5.0,1.0
3922837,775,Nigeria,11492,Ola Aina,Temitayo Olufisayo Olaoluwa Aina,2,1,132.2612,Left Wing Back,0.0,0.0,0.0,0.0,0.0,0.0,2.0,0.0,2.0,2.0,3.0,17.0,3.0,2.0
3922837,775,Nigeria,16335,Samuel Chukwueze,Samuel Chimerenka Chukwueze,11,0,67.9193,Right Wing,1.0,0.0,0.0368,1.0,0.0,0.0368,1.0,0.0,0.0,0.0,0.0,9.0,3.0,1.0
3922837,775,Nigeria,18163,Moses Simon,Moses Daddy-Ajala Simon,15,1,64.3418,Right Wing,0.0,0.0,0.0,0.0,0.0,0.0,1.0,0.0,1.0,1.0,0.0,9.0,2.0,0.0
3922837,775,Nigeria,24467,Frank Onyeka,Frank Onyeka,8,1,110.7228,Right Defensive Midfield,2.0,0.0,0.1583,2.0,0.0,0.1583,0.0,0.0,1.0,1.0,5.0,26.0,5.0,5.0
3922837,775,Nigeria,27434,Alhassan Yusuf Abdullahi,Alhassan Yusuf,4,0,21.4384,Left Defensive Midfield,0.0,0.0,0.0,0.0,0.0,0.0,0.0,0.0,0.0,0.0,0.0,15.0,0.0,0.0
3922837,775,Nigeria,34335,Terem Moffi,Terem Igobor Moffi,24,0,12.8539,Center Forward,0.0,0.0,0.0,0.0,0.0,0.0,0.0,0.0,0.0,0.0,0.0,2.0,0.0,0.0
3922837,775,Nigeria,43779,Calvin Bassey,Calvin Bassey Ughelumba,21,1,132.2612,Left Center Back,0.0,0.0,0.0,0.0,0.0,0.0,0.0,0.0,6.0,3.0,1.0,21.0,4.0,1.0
3922837,775,Nigeria,358410,Stanley Bobo Nwabali,Stanley Bobo Nwabali,23,1,132.2612,Goalkeeper,0.0,0.0,0.0,0.0,0.0,0.0,0.0,0.0,0.0,0.0,0.0,0.0,7.0,0.0
3922837,4976,South Africa,29367,Percy Tau,Percy Tau,10,1,132.2612,Right Wing,3.0,0.0,0.2103,3.0,0.0,0.2103,3.0,0.0,3.0,0.0,0.0,21.0,2.0,1.0
3922837,4976,South Africa,42527,Sphephelo S''Miso Sithole,Sphephelo S''Miso Sithole,13,1,132.2612,Left Defensive Midfield,2.0,0.0,0.0779,2.0,0.0,0.0779,0.0,0.0,2.0,1.0,1.0,20.0,8.0,2.0
3922837,4976,South Africa,64607,Zakhele Lerato Lepasa,Zakhele Lerato Lepasa,17,0,54.936,Left Center Forward,0.0,0.0,0.0,0.0,0.0,0.0,0.0,0.0,1.0,1.0,0.0,2.0,3.0,0.0
3922837,4976,South Africa,65719,Khuliso Johnson Mudau,Khuliso Johnson Mudau,20,1,132.2612,Right Wing Back,1.0,0.0,0.2873,1.0,0.0,0.2873,0.0,0.0,4.0,3.0,3.0,11.0,6.0,4.0
3922837,4976,South Africa,65726,Themba Zwane,Themba Zwane,11,1,77.3252,Left Wing,0.0,0.0,0.0,0.0,0.0,0.0,2.0,0.0,0.0,1.0,0.0,8.0,2.0,2.0
3922837,4976,South Africa,65732,Mothobi Mvala,Mothobi Mvala,14,1,132.2612,Left Center Back,0.0,0.0,0.0,0.0,0.0,0.0,0.0,0.0,2.0,3.0,2.0,15.0,3.0,3.0
3922837,4976,South Africa,65733,Aubrey Maphosa Modiba,Aubrey Maphosa Modiba,6,1,132.2612,Left Wing Back,0.0,0.0,0.0,0.0,0.0,0.0,2.0,0.0,3.0,4.0,1.0,16.0,3.0,6.0
3922837,4976,South Africa,65853,Evidence Makgopa,Evidence Makgopa,9,1,132.2612,Center Forward,3.0,0.0,0.212,3.0,0.0,0.212,0.0,0.0,3.0,3.0,0.0,17.0,4.0,1.0
3922837,4976,South Africa,66716,Teboho Mokoena,Teboho Mokoena,4,1,132.2612,Right Defensive Midfield,3.0,1.0,0.8276,2.0,0.0,0.0441,1.0,0.0,1.0,2.0,2.0,16.0,5.0,1.0
3922837,4976,South Africa,66721,Ronwen Williams,Ronwen Williams,1,1,132.2612,Goalkeeper,0.0,0.0,0.0,0.0,0.0,0.0,0.0,0.0,0.0,0.0,0.0,1.0,1.0,0.0
3922837,4976,South Africa,67974,Nkosinathi Sibisi,Nkosinathi Sibisi,19,0,5.7872,Right Center Back,0.0,0.0,0.0,0.0,0.0,0.0,0.0,0.0,0.0,0.0,0.0,0.0,0.0,0.0
3922837,4976,South Africa,70093,Gomolemo Grant Kekana,Gomolemo Grant Kekana,18,1,121.524,Right Center Back,0.0,0.0,0.0,0.0,0.0,0.0,0.0,0.0,0.0,5.0,1.0,1.0,3.0,0.0
3922837,4976,South Africa,102722,Siyanda Xulu,Siyanda Xulu,5,1,77.3418,Center Back,0.0,0.0,0.0,0.0,0.0,0.0,0.0,0.0,3.0,2.0,1.0,6.0,1.0,2.0
3922837,4976,South Africa,133003,Mihlali Samson Mayambela,Mihlali Samson Mayambela,21,0,54.9193,Left Midfield,2.0,0.0,0.1434,2.0,0.0,0.1434,1.0,0.0,0.0,0.0,1.0,1.0,4.0,0.0
3922838,3374,Côte d'Ivoire,3017,Ibrahim Sangaré,Ibrahim Sangaré,18,0,34.1747,Right Defensive Midfield,0.0,0.0,0.0,0.0,0.0,0.0,0.0,0.0,2.0,3.0,1.0,7.0,1.0,0.0
3922838,3374,Côte d'Ivoire,3359,Jean Michaël Seri,Jean Michaël Seri,4,1,63.3447,Center Defensive Midfield,1.0,0.0,0.0067,1.0,0.0,0.0067,0.0,0.0,0.0,1.0,0.0,6.0,1.0,2.0
3922838,3374,Côte d'Ivoire,4256,Jonathan Bamba,Jonathan Bamba,9,0,15.2247,Left Wing,0.0,0.0,0.0,0.0,0.0,0.0,0.0,0.0,0.0,0.0,0.0,1.0,1.0,0.0
3922838,3374,Côte d'Ivoire,4416,Max Gradel,Max-Alain Gradel,15,1,92.678,Right Wing,2.0,0.0,0.0753,2.0,0.0,0.0753,3.0,1.0,2.0,1.0,1.0,10.0,6.0,0.0
3922838,3374,Côte d'Ivoire,4909,Jérémie Boga,Jeremie Boga,13,0,5.2914,Left Wing,0.0,0.0,0.0,0.0,0.0,0.0,0.0,0.0,0.0,0.0,0.0,0.0,0.0,0.0
3922838,3374,Côte d'Ivoire,7023,Franck Kessié,Franck Yannick Kessié,8,1,97.9694,Right Center Midfield,3.0,0.0,0.2636,3.0,0.0,0.2636,1.0,0.0,2.0,0.0,0.0,12.0,6.0,0.0
3922838,3374,Côte d'Ivoire,7713,Evan N'Dicka,Obite Evan Ndicka,21,1,97.9694,Left Center Back,1.0,0.0,0.0288,1.0,0.0,0.0288,0.0,0.0,3.0,8.0,0.0,8.0,4.0,2.0
3922838,3374,Côte d'Ivoire,7791,Seko Fofana,Seko Fofana,6,1,63.7947,Left Center Midfield,0.0,0.0,0.0,0.0,0.0,0.0,0.0,0.0,0.0,0.0,0.0,12.0,3.0,2.0
3922838,3374,Côte d'Ivoire,8673,Sébastien Haller,Sébastien Haller,22,1,92.078,Center Forward,5.0,1.0,0.4055,5.0,1.0,0.4055,1.0,0.0,0.0,2.0,0.0,16.0,3.0,0.0
3922838,3374,Côte d'Ivoire,9933,Willy Boly,Willy Boly,12,1,97.9694,Right Center Back,0.0,0.0,0.0,0.0,0.0,0.0,0.0,0.0,0.0,10.0,0.0,6.0,2.0,1.0
3922838,3374,Côte d'Ivoire,10039,Ghislain Konan,Ghislain Konan,3,1,97.9694,Left Back,0.0,0.0,0.0,0.0,0.0,0.0,1.0,0.0,3.0,8.0,2.0,14.0,7.0,3.0
3922838,3374,Côte d'Ivoire,23957,Jean Thierry Lazare Amani,Jean Thierry Lazare Amani,27,0,34.6247,Center Attacking Midfield,1.0,0.0,0.0384,1.0,0.0,0.0384,1.0,0.0,1.0,0.0,1.0,7.0,3.0,1.0
3922838,3374,Côte d'Ivoire,36539,Wilfried Stephane Singo,Wilfried Stephane Singo,5,1,97.9694,Right Back,0.0,0.0,0.0,0.0,0.0,0.0,2.0,0.0,0.0,4.0,3.0,9.0,3.0,1.0
3922838,3374,Côte d'Ivoire,36629,Yahia Fofana,Yahia Fofana,1,1,97.9694,Goalkeeper,0.0,0.0,0.0,0.0,0.0,0.0,0.0,0.0,0.0,0.0,0.0,0.0,4.0,0.0
3922838,3374,Côte d'Ivoire,43072,Jean-Philippe Krasso,Jean-Philippe Krasso,11,0,5.8914,Center Forward,0.0,0.0,0.0,0.0,0.0,0.0,0.0,0.0,0.0,0.0,0.0,1.0,0.0,0.0
3922838,3374,Côte d'Ivoire,105392,Simon Adingra,Simon Adingra,24,1,82.7447,Left Wing,1.0,0.0,0.0313,1.0,0.0,0.0313,3.0,0.0,1.0,0.0,1.0,9.0,2.0,0.0
3922838,4881,Congo DR,3044,Chancel Mbemba,Chancel Mbemba Mangulu,22,1,97.9694,Right Center Back,0.0,0.0,0.0,0.0,0.0,0.0,0.0,0.0,3.0,10.0,2.0,9.0,0.0,2.0
3922838,4881,Congo DR,3130,Gaël Kakuta,Gaël Kakuta,14,1,48.0447,Center Attacking Midfield,1.0,0.0,0.0262,1.0,0.0,0.0262,0.0,0.0,0.0,0.0,0.0,11.0,1.0,0.0
3922838,4881,Congo DR,3587,Arthur Masuaku,Arthur Masuaku,26,1,97.9694,Left Back,0.0,0.0,0.0,0.0,0.0,0.0,1.0,0.0,3.0,3.0,1.0,14.0,5.0,6.0
3922838,4881,Congo DR,4412,Samuel Moutoussamy,Samuel Moutoussamy,8,1,97.9694,Left Defensive Midfield,1.0,0.0,0.0083,1.0,0.0,0.0083,2.0,0.0,2.0,0.0,0.0,30.0,1.0,4.0
3922838,4881,Congo DR,4753,Aaron Tshibola,Aaron Tshibola,6,0,25.7914,Right Defensive Midfield,0.0,0.0,0.0,0.0,0.0,0.0,1.0,0.0,1.0,0.0,0.0,8.0,0.0,1.0
3922838,4881,Congo DR,6862,Cédric Bakambu,Cédric Bakambu,17,1,71.6947,Center Forward,1.0,0.0,0.0255,1.0,0.0,0.0255,0.0,0.0,0.0,1.0,0.0,15.0,1.0,1.0
3922838,4881,Congo DR,7294,Yoane Wissa,Yoane Wissa,20,1,71.6947,Left Wing,1.0,0.0,0.5695,1.0,0.0,0.5695,0.0,0.0,1.0,0.0,0.0,9.0,4.0,4.0
3922838,4881,Congo DR,13329,Silas Katompa Mvumpa,Silas Katompa Mvumpa,11,0,17.2581,Left Midfield,0.0,0.0,0.0,0.0,0.0,0.0,0.0,0.0,0.0,0.0,0.0,8.0,0.0,0.0
3922838,4881,Congo DR,23785,Théo Bongonda Mbul'Ofeko Batombo,Théo Bongonda Mbul''Ofeko Batombo,10,0,49.9247,Right Midfield,1.0,0.0,0.1311,1.0,0.0,0.1311,1.0,0.0,0.0,0.0,0.0,6.0,3.0,1.0
3922838,4881,Congo DR,24826,Simon Banza,Simon Bokote Banza,23,0,26.2747,Left Center Forward,1.0,0.0,0.0401,1.0,0.0,0.0401,0.0,0.0,0.0,0.0,0.0,8.0,2.0,0.0
3922838,4881,Congo DR,28415,Charles Pickel,Charles Pickel,18,1,72.178,Right Defensive Midfield,0.0,0.0,0.0,0.0,0.0,0.0,0.0,0.0,1.0,0.0,0.0,8.0,2.0,0.0
3922838,4881,Congo DR,30193,Gédéon Kalulu,Gedeon Kalulu Kyatengwa,24,1,97.9694,Right Back,0.0,0.0,0.0,0.0,0.0,0.0,1.0,0.0,1.0,3.0,1.0,16.0,3.0,3.0
3922838,4881,Congo DR,35413,Lionel Mpasi-Nzau,Lionel Mpasi-Nzau,1,1,97.9694,Goalkeeper,0.0,0.0,0.0,0.0,0.0,0.0,0.0,0.0,0.0,0.0,0.0,1.0,3.0,0.0
3922838,4881,Congo DR,35684,Meschak Elia,Meschak Elia,13,1,80.7114,Right Wing,1.0,0.0,0.0254,1.0,0.0,0.0254,0.0,0.0,0.0,0.0,1.0,10.0,2.0,0.0
3922838,4881,Congo DR,105946,Henoc Inonga Baka,Henoc Inonga Baka,2,1,97.9694,Left Center Back,0.0,0.0,0.0,0.0,0.0,0.0,1.0,0.0,3.0,1.0,4.0,11.0,4.0,0.0
3922838,4881,Congo DR,389291,Fiston Kalala Mayele,Fiston Kalala Mayele,19,0,26.2747,Right Center Forward,0.0,0.0,0.0,0.0,0.0,0.0,0.0,0.0,0.0,0.0,0.0,8.0,0.0,1.0
3923880,4881,Congo DR,3044,Chancel Mbemba,Chancel Mbemba Mangulu,22,1,97.2752,Right Center Back,1.0,0.0,0.3071,1.0,0.0,0.3071,1.0,0.0,0.0,6.0,0.0,10.0,1.0,1.0
3923880,4881,Congo DR,4412,Samuel Moutoussamy,Samuel Moutoussamy,8,1,97.2752,Left Defensive Midfield,1.0,0.0,0.0389,1.0,0.0,0.0389,0.0,0.0,0.0,2.0,1.0,25.0,5.0,1.0
3923880,4881,Congo DR,4753,Aaron Tshibola,Aaron Tshibola,6,1,46.9634,Right Defensive Midfield,0.0,0.0,0.0,0.0,0.0,0.0,0.0,0.0,0.0,1.0,1.0,20.0,1.0,1.0
3923880,4881,Congo DR,4939,Joris Kayembe,Joris Kayembe Ditu,12,1,97.2752,Left Back,0.0,0.0,0.0,0.0,0.0,0.0,0.0,0.0,0.0,2.0,0.0,15.0,5.0,4.0
3923880,4881,Congo DR,6862,Cédric Bakambu,Cédric Bakambu,17,0,17.4951,Center Forward,0.0,0.0,0.0,0.0,0.0,0.0,0.0,0.0,0.0,2.0,0.0,4.0,0.0,0.0
3923880,4881,Congo DR,7294,Yoane Wissa,Yoane Wissa,20,0,28.1284,Center Attacking Midfield,1.0,0.0,0.2481,1.0,0.0,0.2481,0.0,0.0,2.0,0.0,0.0,5.0,1.0,0.0
3923880,4881,Congo DR,13329,Silas Katompa Mvumpa,Silas Katompa Mvumpa,11,1,79.8634,Left Wing,1.0,0.0,0.208,1.0,0.0,0.208,0.0,0.0,0.0,1.0,1.0,12.0,2.0,3.0
3923880,4881,Congo DR,18244,Grady Diangana,Grady Diangana,7,1,69.1467,Center Attacking Midfield,2.0,0.0,0.1082,2.0,0.0,0.1082,2.0,0.0,0.0,1.0,1.0,20.0,1.0,0.0
3923880,4881,Congo DR,18783,Omenuke Mfulu,Omenuke Mfulu,27,0,50.3118,Right Defensive Midfield,0.0,0.0,0.0,0.0,0.0,0.0,0.0,0.0,0.0,1.0,2.0,11.0,2.0,2.0
3923880,4881,Congo DR,22823,Dimitry Bertaud,Dimitry Bertaud,16,1,97.2752,Goalkeeper,0.0,0.0,0.0,0.0,0.0,0.0,0.0,0.0,0.0,0.0,0.0,0.0,1.0,0.0
3923880,4881,Congo DR,23785,Théo Bongonda Mbul'Ofeko Batombo,Théo Bongonda Mbul'Ofeko Batombo,10,1,32.5333,Right Wing,0.0,0.0,0.0,0.0,0.0,0.0,0.0,0.0,1.0,0.0,0.0,9.0,1.0,2.0
3923880,4881,Congo DR,24105,Dylan Batubinsika,Dylan Batubinsika,5,1,97.2752,Left Center Back,0.0,0.0,0.0,0.0,0.0,0.0,0.0,0.0,3.0,4.0,1.0,9.0,6.0,0.0
3923880,4881,Congo DR,24826,Simon Banza,Simon Bokote Banza,23,1,77.53,Center Forward,3.0,0.0,0.3582,3.0,0.0,0.3582,3.0,0.0,0.0,0.0,0.0,25.0,4.0,0.0
3923880,4881,Congo DR,35684,Meschak Elia,Meschak Elia,13,0,64.7418,Right Wing,2.0,0.0,0.2614,2.0,0.0,0.2614,1.0,0.0,1.0,0.0,1.0,15.0,8.0,0.0
3923880,4881,Congo DR,297356,Brian Jephte Bayeye,Brian Jephte Bayeye,4,1,97.2752,Right Back,0.0,0.0,0.0,0.0,0.0,0.0,1.0,0.0,1.0,3.0,2.0,12.0,4.0,2.0
3923880,4881,Congo DR,389291,Fiston Kalala Mayele,Fiston Kalala Mayele,19,0,17.4118,Center Attacking Midfield,2.0,0.0,0.1518,2.0,0.0,0.1518,1.0,0.0,0.0,0.0,0.0,5.0,4.0,0.0
3923880,4976,South Africa,42527,Sphephelo S''Miso Sithole,Sphephelo S''Miso Sithole,13,1,97.2752,Left Defensive Midfield,0.0,0.0,0.0,0.0,0.0,0.0,0.0,0.0,1.0,0.0,0.0,6.0,4.0,1.0
3923880,4976,South Africa,64607,Zakhele Lerato Lepasa,Zakhele Lerato Lepasa,17,0,7.1951,Center Forward,0.0,0.0,0.0,0.0,0.0,0.0,0.0,0.0,0.0,1.0,0.0,1.0,0.0,0.0
3923880,4976,South Africa,64629,Thabang Amod Monare,Thabang Amod Monare,15,0,37.3784,Right Defensive Midfield,0.0,0.0,0.0,0.0,0.0,0.0,0.0,0.0,0.0,1.0,2.0,3.0,4.0,0.0
3923880,4976,South Africa,65719,Khuliso Johnson Mudau,Khuliso Johnson Mudau,20,1,97.2752,Right Back,0.0,0.0,0.0,0.0,0.0,0.0,0.0,0.0,0.0,0.0,2.0,11.0,8.0,4.0
3923880,4976,South Africa,65726,Themba Zwane,Themba Zwane,11,1,59.8967,Center Attacking Midfield,0.0,0.0,0.0,0.0,0.0,0.0,2.0,0.0,0.0,0.0,0.0,6.0,2.0,0.0
3923880,4976,South Africa,65727,Thapelo James Morena,Thapelo James Morena,23,1,73.2967,Right Midfield,1.0,0.0,0.0693,1.0,0.0,0.0693,0.0,0.0,0.0,0.0,0.0,5.0,4.0,1.0
3923880,4976,South Africa,65733,Aubrey Maphosa Modiba,Aubrey Maphosa Modiba,6,1,97.2752,Left Back,0.0,0.0,0.0,0.0,0.0,0.0,0.0,0.0,4.0,1.0,1.0,8.0,5.0,2.0
3923880,4976,South Africa,65750,Terrence Mashego,Terrence Mashego,3,0,23.9784,Left Back,0.0,0.0,0.0,0.0,0.0,0.0,0.0,0.0,0.0,1.0,1.0,4.0,0.0,0.0
3923880,4976,South Africa,65853,Evidence Makgopa,Evidence Makgopa,9,1,59.5967,Center Forward,1.0,0.0,0.0498,1.0,0.0,0.0498,0.0,0.0,0.0,0.0,0.0,8.0,1.0,0.0
3923880,4976,South Africa,66716,Teboho Mokoena,Teboho Mokoena,4,1,97.2752,Right Defensive Midfield,1.0,0.0,0.0262,1.0,0.0,0.0262,2.0,0.0,1.0,0.0,2.0,8.0,7.0,1.0
3923880,4976,South Africa,66721,Ronwen Williams,Ronwen Williams,1,1,97.2752,Goalkeeper,0.0,0.0,0.0,0.0,0.0,0.0,0.0,0.0,0.0,0.0,0.0,0.0,4.0,0.0
3923880,4976,South Africa,66725,Oswin Reagan Appollis,Oswin Reagan Appollis,7,0,37.6784,Right Wing,0.0,0.0,0.0,0.0,0.0,0.0,1.0,0.0,0.0,0.0,0.0,1.0,2.0,1.0
3923880,4976,South Africa,67974,Nkosinathi Sibisi,Nkosinathi Sibisi,19,1,97.2752,Left Center Back,0.0,0.0,0.0,0.0,0.0,0.0,0.0,0.0,3.0,5.0,1.0,8.0,1.0,3.0
3923880,4976,South Africa,102722,Siyanda Xulu,Siyanda Xulu,5,1,97.2752,Right Center Back,0.0,0.0,0.0,0.0,0.0,0.0,0.0,0.0,1.0,6.0,1.0,1.0,1.0,0.0
3923880,4976,South Africa,133003,Mihlali Samson Mayambela,Mihlali Samson Mayambela,21,1,90.08,Left Midfield,3.0,0.0,0.1207,3.0,0.0,0.1207,0.0,0.0,2.0,0.0,1.0,9.0,2.0,1.0
3923881,3374,Côte d'Ivoire,3017,Ibrahim Sangaré,Ibrahim Sangaré,18,0,9.5735,Center Defensive Midfield,0.0,0.0,0.0,0.0,0.0,0.0,0.0,0.0,2.0,5.0,0.0,1.0,1.0,0.0
3923881,3374,Côte d'Ivoire,3359,Jean Michaël Seri,Jean Michaël Seri,4,1,96.2277,Center Defensive Midfield,1.0,0.0,0.0269,1.0,0.0,0.0269,1.0,0.0,0.0,1.0,1.0,13.0,7.0,3.0
3923881,3374,Côte d'Ivoire,3481,Serge Aurier,Serge Aurier,17,1,73.111,Right Back,0.0,0.0,0.0,0.0,0.0,0.0,1.0,0.0,3.0,1.0,1.0,9.0,4.0,2.0
3923881,3374,Côte d'Ivoire,4416,Max Gradel,Max-Alain Gradel,15,1,73.7443,Right Wing,2.0,0.0,0.2775,2.0,0.0,0.2775,1.0,0.0,0.0,2.0,0.0,6.0,3.0,0.0
3923881,3374,Côte d'Ivoire,7023,Franck Kessié,Franck Yannick Kessié,8,1,100.8345,Right Center Midfield,2.0,1.0,0.1781,2.0,1.0,0.1781,1.0,0.0,1.0,1.0,0.0,3.0,4.0,0.0
3923881,3374,Côte d'Ivoire,7713,Evan N'Dicka,Obite Evan Ndicka,21,1,101.7012,Left Center Back,2.0,0.0,0.14,2.0,0.0,0.14,0.0,0.0,2.0,3.0,0.0,2.0,2.0,0.0
3923881,3374,Côte d'Ivoire,7791,Seko Fofana,Seko Fofana,6,1,91.3443,Left Center Midfield,2.0,0.0,0.0472,2.0,0.0,0.0472,2.0,0.0,1.0,0.0,0.0,10.0,5.0,2.0
3923881,3374,Côte d'Ivoire,8673,Sébastien Haller,Sébastien Haller,22,1,92.1277,Center Forward,4.0,1.0,0.5729,4.0,1.0,0.5729,0.0,0.0,0.0,0.0,0.0,11.0,0.0,1.0
3923881,3374,Côte d'Ivoire,10039,Ghislain Konan,Ghislain Konan,3,1,101.7012,Left Back,0.0,0.0,0.0,0.0,0.0,0.0,1.0,0.0,0.0,3.0,0.0,4.0,6.0,2.0
3923881,3374,Côte d'Ivoire,23957,Jean Thierry Lazare Amani,Jean Thierry Lazare Amani,27,0,5.4735,Right Center Midfield,0.0,0.0,0.0,0.0,0.0,0.0,0.0,0.0,0.0,0.0,0.0,5.0,1.0,0.0
3923881,3374,Côte d'Ivoire,27133,Odilon Kossonou,Odilon Kossonou,7,1,101.7012,Right Center Back,2.0,0.0,0.0505,2.0,0.0,0.0505,0.0,0.0,3.0,5.0,0.0,3.0,5.0,0.0
3923881,3374,Côte d'Ivoire,36539,Wilfried Stephane Singo,Wilfried Stephane Singo,5,0,28.0902,Right Back,1.0,0.0,0.0233,1.0,0.0,0.0233,0.0,0.0,1.0,7.0,0.0,3.0,2.0,0.0
3923881,3374,Côte d'Ivoire,36629,Yahia Fofana,Yahia Fofana,1,1,101.7012,Goalkeeper,0.0,0.0,0.0,0.0,0.0,0.0,0.0,0.0,0.0,0.0,0.0,0.0,3.0,0.0
3923881,3374,Côte d'Ivoire,43072,Jean-Philippe Krasso,Jean-Philippe Krasso,11,0,9.5735,Center Forward,0.0,0.0,0.0,0.0,0.0,0.0,0.0,0.0,1.0,2.0,0.0,1.0,0.0,0.0
3923881,3374,Côte d'Ivoire,105392,Simon Adingra,Simon Adingra,24,1,101.7012,Left Wing,2.0,0.0,0.0976,2.0,0.0,0.0976,6.0,2.0,1.0,0.0,0.0,12.0,2.0,1.0
3923881,3374,Côte d'Ivoire,212489,Oumar Diakité,Oumar Diakité,14,0,27.9568,Right Wing,0.0,0.0,0.0,0.0,0.0,0.0,0.0,0.0,0.0,0.0,0.0,4.0,2.0,0.0
3923881,775,Nigeria,3447,Ademola Lookman,Ademola Lookman,18,1,82.8777,Left Wing,0.0,0.0,0.0,0.0,0.0,0.0,1.0,0.0,1.0,0.0,0.0,21.0,3.0,1.0
3923881,775,Nigeria,3647,Alex Iwobi,Alex Iwobi,17,1,82.7277,Left Defensive Midfield,0.0,0.0,0.0,0.0,0.0,0.0,1.0,0.0,0.0,2.0,1.0,8.0,7.0,1.0
3923881,775,Nigeria,3708,Kelechi Iheanacho,Kelechi Promise Iheanacho,14,0,18.8235,Right Wing,1.0,0.0,0.0525,1.0,0.0,0.0525,0.0,0.0,0.0,0.0,0.0,2.0,1.0,0.0
3923881,775,Nigeria,3856,Joe Aribo,Joe Aribo,10,0,9.5735,Left Wing Back,0.0,0.0,0.0,0.0,0.0,0.0,1.0,0.0,0.0,0.0,0.0,2.0,3.0,0.0
3923881,775,Nigeria,3923,Semi Ajayi,Oluwasemilogo Adesewo Ibidapo Ajayi,6,1,101.7012,Right Center Back,0.0,0.0,0.0,0.0,0.0,0.0,0.0,0.0,0.0,3.0,1.0,6.0,1.0,1.0
3923881,775,Nigeria,5455,William Troost-Ekong,William Troost-Ekong,5,1,101.7012,Center Back,2.0,1.0,0.1564,2.0,1.0,0.1564,0.0,0.0,1.0,3.0,0.0,2.0,1.0,0.0
3923881,775,Nigeria,11277,Victor Osimhen,Victor James Osimhen,9,1,100.9345,Center Forward,0.0,0.0,0.0,0.0,0.0,0.0,0.0,0.0,0.0,2.0,0.0,9.0,3.0,0.0
3923881,775,Nigeria,11492,Ola Aina,Temitayo Olufisayo Olaoluwa Aina,2,1,101.7012,Right Wing Back,0.0,0.0,0.0,0.0,0.0,0.0,0.0,0.0,3.0,5.0,0.0,8.0,5.0,1.0
3923881,775,Nigeria,16335,Samuel Chukwueze,Samuel Chimerenka Chukwueze,11,1,60.261,Right Wing,0.0,0.0,0.0,0.0,0.0,0.0,0.0,0.0,1.0,1.0,0.0,13.0,1.0,1.0
3923881,775,Nigeria,18163,Moses Simon,Moses Daddy-Ajala Simon,15,0,41.4402,Left Wing,0.0,0.0,0.0,0.0,0.0,0.0,0.0,0.0,0.0,0.0,0.0,2.0,4.0,1.0
3923881,775,Nigeria,24467,Frank Onyeka,Frank Onyeka,8,1,90.261,Right Defensive Midfield,0.0,0.0,0.0,0.0,0.0,0.0,0.0,0.0,1.0,3.0,0.0,18.0,2.0,3.0
3923881,775,Nigeria,27434,Alhassan Yusuf Abdullahi,Alhassan Yusuf,4,0,18.9735,Right Defensive Midfield,1.0,0.0,0.0156,1.0,0.0,0.0156,0.0,0.0,2.0,0.0,0.0,3.0,1.0,1.0
3923881,775,Nigeria,31949,Zaidu Sanusi,Zaidu Sanusi,3,1,92.1277,Left Wing Back,1.0,0.0,0.0337,1.0,0.0,0.0337,0.0,0.0,2.0,5.0,3.0,9.0,3.0,0.0
3923881,775,Nigeria,34335,Terem Moffi,Terem Igobor Moffi,24,0,11.4402,Center Attacking Midfield,0.0,0.0,0.0,0.0,0.0,0.0,0.0,0.0,0.0,0.0,0.0,1.0,1.0,0.0
3923881,775,Nigeria,43779,Calvin Bassey,Calvin Bassey Ughelumba,21,1,101.7012,Left Center Back,0.0,0.0,0.0,0.0,0.0,0.0,0.0,0.0,1.0,10.0,2.0,6.0,2.0,2.0
3923881,775,Nigeria,358410,Stanley Bobo Nwabali,Stanley Bobo Nwabali,23,1,101.7012,Goalkeeper,0.0,0.0,0.0,0.0,0.0,0.0,0.0,0.0,0.0,0.0,0.0,0.0,5.0,0.0
