match_id,shot_id,event_index,period,minute,second,clock,team_id,team,player_id,player,position,x,y,xg,outcome,body_part,shot_type,technique,first_time,under_pressure,play_pattern,elapsed,is_goal,is_penalty,y_flipped,cum_xg_team_match,cum_goals_team_match,opponent
3920384,9a9e2541-abf2-4642-a25d-2cda56da5d6f,194,1,3,39,3.65,3374,Côte d'Ivoire,7791,Seko Fofana,Left Center Midfield,103.7,33.9,0.0564,Goal,Right Foot,Open Play,Normal,False,False,From Counter,3.6527,1,0,46.1,0.0564,1,Guinea-Bissau
3920384,90d772af-6ca8-4150-86c5-f83041c2e491,338,1,8,33,8.55,3374,Côte d'Ivoire,36539,Wilfried Stephane Singo,Right Back,114.4,34.0,0.0915,Off T,Head,Open Play,Normal,False,True,From Corner,8.5536,0,0,46.0,0.1479,1,Guinea-Bissau
3920384,3ed4c052-5623-47f9-a0c4-13b0ff964898,755,1,18,9,18.15,3374,Côte d'Ivoire,43072,Jean-Philippe Krasso,Center Forward,111.8,48.3,0.0481,Off T,Left Foot,Open Play,Half Volley,True,False,Regular Play,18.1551,0,0,31.7,0.196,1,Guinea-Bissau
3920384,85757458-2448-4feb-9f5e-0556da03f7ce,1034,1,28,37,28.6167,4894,Guinea-Bissau,12064,Mama Samba Baldé,Center Forward,104.1,45.3,0.1578,Saved,Right Foot,Open Play,Normal,False,True,Regular Play,28.617,0,0,34.7,0.1578,0,Côte d'Ivoire
3920384,e30ed757-3a73-4309-9f5c-6cfd3716e37a,1139,1,32,53,32.8833,4894,Guinea-Bissau,10323,Alfa Semedo Esteves,Right Defensive Midfield,96.7,19.9,0.0089,Off T,Left Foot,Open Play,Normal,False,True,From Free Kick,32.8934,0,0,60.1,0.1667,0,Côte d'Ivoire
3920384,c69b46d8-11c6-4787-9f10-6d1f82ba0d5e,1177,1,34,6,34.1,3374,Côte d'Ivoire,7791,Seko Fofana,Left Center Midfield,102.5,39.3,0.0979,Saved to Post,Right Foot,Open Play,Normal,True,False,Regular Play,34.1142,0,0,40.7,0.2939,1,Guinea-Bissau
3920384,106b9a94-2210-4537-9f99-aafd5352093e,1188,1,34,11,34.1833,3374,Côte d'Ivoire,43072,Jean-Philippe Krasso,Center Forward,105.0,39.9,0.0605,Blocked,Left Foot,Open Play,Normal,True,True,Regular Play,34.1988,0,0,40.1,0.3544,1,Guinea-Bissau
3920384,b7fc60fa-2fb5-40cb-93e8-e913a11e8ef0,1282,1,36,51,36.85,3374,Côte d'Ivoire,43072,Jean-Philippe Krasso,Center Forward,113.5,30.7,0.0877,Blocked,Right Foot,Open Play,Normal,False,True,From Throw In,36.8528,0,0,49.3,0.4422,1,Guinea-Bissau
3920384,04827408-35c9-4aa1-9481-4f193b2a1b16,1749,2,48,38,48.6333,4894,Guinea-Bissau,41052,Fali Candé,Left Back,83.8,32.8,0.0067,Off T,Left Foot,Open Play,Normal,False,True,Regular Play,52.8486,0,0,47.2,0.1733,0,Côte d'Ivoire
3920384,325ace3c-9f92-46a5-8d0a-4ba156330da8,1779,2,50,10,50.1667,4894,Guinea-Bissau,7568,Opa Sangante,Right Center Back,112.8,47.9,0.0503,Off T,Head,Open Play,Normal,False,True,From Corner,54.378,0,0,32.1,0.2237,0,Côte d'Ivoire
3920384,e23171a0-44a3-4595-9d0b-ba358a759485,1990,2,54,53,54.8833,3374,Côte d'Ivoire,4909,Jeremie Boga,Right Wing,100.4,39.9,0.0788,Blocked,Left Foot,Open Play,Normal,False,True,Regular Play,59.1,0,0,40.1,0.5209,1,Guinea-Bissau
3920384,bdce3183-4a26-47f2-809a-0d919e08898b,2104,2,57,41,57.6833,3374,Côte d'Ivoire,43072,Jean-Philippe Krasso,Center Forward,110.3,31.0,0.0746,Goal,Left Foot,Open Play,Half Volley,False,True,Regular Play,61.8933,1,0,49.0,0.5955,2,Guinea-Bissau
3920384,6a7b1bcf-9954-471e-bab7-9a74d12a018f,2732,2,73,18,73.3,4894,Guinea-Bissau,143863,Franculino Gluda Djú,Center Forward,104.8,28.7,0.1398,Saved,Left Foot,Open Play,Normal,True,False,From Counter,77.5077,0,0,51.3,0.3635,0,Côte d'Ivoire
3920384,d547eac4-cfcd-4c3b-a8a4-15b40303a0c9,2801,2,75,39,75.65,3374,Côte d'Ivoire,7023,Franck Yannick Kessié,Right Center Midfield,110.5,57.3,0.0159,Saved,Right Foot,Open Play,Normal,False,False,From Counter,79.8548,0,0,22.7,0.6114,2,Guinea-Bissau
3920384,5c0eb88f-f891-4d53-beed-7852aac4cbdc,2927,2,79,52,79.8667,4894,Guinea-Bissau,32433,Jefferson Anilson Silva Encada,Right Back,91.1,57.2,0.0074,Wayward,Right Foot,Open Play,Normal,False,False,Regular Play,84.0767,0,0,22.8,0.3709,0,Côte d'Ivoire
3920384,2fb7ec06-a9f2-4119-b391-e1539054954b,3110,2,84,46,84.7667,4894,Guinea-Bissau,380983,José Correia,Right Wing,110.4,47.0,0.0615,Off T,Head,Open Play,Normal,False,True,From Throw In,88.9795,0,0,33.0,0.4324,0,Côte d'Ivoire
3920384,becbee44-ca95-4ff1-970d-9dcf8504691d,3149,2,85,58,85.9667,4894,Guinea-Bissau,380983,José Correia,Right Wing,101.5,52.3,0.0531,Off T,Left Foot,Open Play,Normal,True,False,Regular Play,90.1847,0,0,27.7,0.4855,0,Côte d'Ivoire
3920384,0055e792-3f6d-4dd8-8e6f-cd5f3e885543,3245,2,88,33,88.55,4894,Guinea-Bissau,380983,José Correia,Right Wing,87.6,49.1,0.0185,Off T,Left Foot,Open Play,Normal,False,False,Regular Play,92.764,0,0,30.9,0.504,0,Côte d'Ivoire
3920384,c45ab1b5-2cac-48d2-93e4-a8fda9cc8b69,3347,2,91,40,91.6667,3374,Côte d'Ivoire,3013,Nicolas Pépé,Right Wing,105.8,32.3,0.0955,Off T,Left Foot,Open Play,Normal,False,False,Regular Play,95.8726,0,0,47.7,0.7069,2,Guinea-Bissau
3920384,1b9acba4-89ac-46d9-848a-871f3b79cab3,3398,2,93,6,93.1,4894,Guinea-Bissau,10854,Euciodálcio Gomes,Left Center Midfield,87.0,40.9,0.0256,Saved,Left Foot,Open Play,Normal,False,False,Regular Play,97.3096,0,0,39.1,0.5296,0,Côte d'Ivoire
3920385,b9dc9438-3ef3-425a-972a-4e2d189fa89f,96,1,1,30,1.5,774,Egypt,66886,Mostafa Mohamed Ahmed Abdallah,Center Forward,107.0,38.1,0.1023,Goal,Right Foot,Open Play,Normal,False,False,Regular Play,1.5099,1,0,41.9,0.1023,1,Mozambique
3920385,f0967c31-2780-450e-aaaf-3ac5d510aae9,437,1,9,25,9.4167,774,Egypt,66886,Mostafa Mohamed Ahmed Abdallah,Center Forward,113.2,53.1,0.0914,Saved,Right Foot,Open Play,Normal,False,False,From Counter,9.4185,0,0,26.9,0.1937,1,Mozambique
3920385,f0a74d03-c187-4782-b32b-e3328c3cfdb5,466,1,10,59,10.9833,4978,Mozambique,106068,Gildo Lourenço Vilanculos,Left Midfield,98.7,35.5,0.0485,Off T,Left Foot,Open Play,Volley,True,False,From Free Kick,10.9956,0,0,44.5,0.0485,0,Egypt
3920385,59ec0af2-dd50-405b-be8a-d3c45124f50b,615,1,14,29,14.4833,774,Egypt,66887,Hamdi Fathi,Left Defensive Midfield,93.2,46.2,0.0194,Blocked,Right Foot,Open Play,Normal,False,False,From Goal Kick,14.4954,0,0,33.8,0.2131,1,Mozambique
3920385,0217dc2a-9a25-4d63-bfa2-c61b77a6eab8,628,1,15,0,15.0,774,Egypt,66887,Hamdi Fathi,Left Defensive Midfield,95.3,45.6,0.0305,Blocked,Right Foot,Open Play,Normal,False,False,From Throw In,15.0086,0,0,34.4,0.2437,1,Mozambique
3920385,6d2c9287-0ec7-4cc3-8004-663a9f1b3a75,732,1,17,29,17.4833,4978,Mozambique,10865,Witiness Chimoio João Quembo,Right Midfield,110.0,48.1,0.1528,Off T,Left Foot,Open Play,Normal,False,False,From Throw In,17.4859,0,0,31.9,0.2013,0,Egypt
3920385,79337cc4-ef53-4cfb-901c-06464d167112,859,1,20,26,20.4333,774,Egypt,66878,Ahmed Sayed,Right Wing,93.5,49.8,0.0266,Off T,Right Foot,Open Play,Normal,True,False,Regular Play,20.4405,0,0,30.2,0.2703,1,Mozambique
3920385,55ee5885-8d95-4aad-b027-6be949ae5621,901,1,21,52,21.8667,774,Egypt,66878,Ahmed Sayed,Right Wing,107.3,49.2,0.1169,Blocked,Right Foot,Open Play,Normal,True,False,Regular Play,21.8693,0,0,30.8,0.3872,1,Mozambique
3920385,145b8e7d-82f3-4545-bab9-be05ff26d9ef,1022,1,24,33,24.55,774,Egypt,5261,Mahmoud Ibrahim Hassan,Left Wing,106.1,31.4,0.1347,Post,Right Foot,Open Play,Normal,True,True,Regular Play,24.5624,0,0,48.6,0.5219,1,Mozambique
3920385,b5dab015-c53f-4536-a6b8-0abf5ca0811a,1129,1,28,3,28.05,774,Egypt,69563,Mohamed Abdelmonem,Left Center Back,117.8,50.7,0.0166,Blocked,Right Foot,Open Play,Half Volley,True,True,From Corner,28.0521,0,0,29.3,0.5385,1,Mozambique
3920385,bce019a7-cad3-4c83-b310-50ae8f6a4bf3,1298,1,33,25,33.4167,774,Egypt,66878,Ahmed Sayed,Right Wing,91.1,56.0,0.0072,Blocked,Right Foot,Open Play,Normal,False,False,Regular Play,33.423,0,0,24.0,0.5456,1,Mozambique
3920385,4dd9a015-5228-4abc-aecd-a0ec2e7f6730,1450,1,38,39,38.65,4978,Mozambique,389641,Domingos João Macandza,Right Back,86.0,40.7,0.02,Off T,Right Foot,Open Play,Normal,True,False,From Corner,38.6658,0,0,39.3,0.2213,0,Egypt
3920385,c4259c83-5590-41d0-a8ab-540126a96a93,1659,1,45,13,45.2167,774,Egypt,4063,Ahmed Elsayed Ali Elsayed Hegazy,Right Center Back,111.7,39.8,0.1485,Off T,Head,Open Play,Normal,False,False,From Free Kick,45.219,0,0,40.2,0.6941,1,Mozambique
3920385,3107499a-8cd8-4451-aa71-8b207fc9bfff,1779,1,48,40,48.6667,774,Egypt,66892,Mohamed Hany Gamal Eldemerdash,Right Back,92.4,51.0,0.0196,Saved,Right Foot,Open Play,Normal,False,False,From Corner,48.6672,0,0,29.0,0.7137,1,Mozambique
3920385,d59e7307-5f68-4f10-9f03-5312eccd1db7,1921,2,48,27,48.45,4978,Mozambique,106070,Bruno Alberto Langa,Left Midfield,90.3,38.9,0.0352,Off T,Left Foot,Free Kick,Normal,False,False,From Free Kick,52.4763,0,0,41.1,0.2564,0,Egypt
3920385,9782bb37-d2c1-4e30-a47d-9635c6da4bfc,1944,2,49,15,49.25,774,Egypt,3531,Mohamed Salah,Center Attacking Midfield,101.0,40.3,0.0447,Blocked,Left Foot,Open Play,Normal,False,False,From Goal Kick,53.2834,0,0,39.7,0.7585,1,Mozambique
3920385,6ac523db-740e-474c-a1a5-7a179254b737,2199,2,54,35,54.5833,4978,Mozambique,10865,Witiness Chimoio João Quembo,Right Midfield,108.5,41.6,0.0889,Goal,Head,Open Play,Normal,False,False,From Free Kick,58.6254,1,0,38.4,0.3454,1,Egypt
3920385,d183dc44-0117-45c4-a3bd-59df2a1cb925,2286,2,57,31,57.5167,4978,Mozambique,106069,Clésio Bauque,Center Attacking Midfield,103.8,47.9,0.3828,Goal,Right Foot,Open Play,Normal,False,False,From Counter,61.5445,1,0,32.1,0.7282,2,Egypt
3920385,10115e91-5734-4b5c-a2a2-45ba5d726695,2508,2,62,43,62.7167,774,Egypt,69563,Mohamed Abdelmonem,Left Center Back,95.4,24.1,0.0218,Off T,Right Foot,Open Play,Normal,False,True,From Free Kick,66.7503,0,0,55.9,0.7802,1,Mozambique
3920385,8358e9c3-0c8c-4f57-97ce-29b1df6cfc4c,2734,2,71,41,71.6833,774,Egypt,66878,Ahmed Sayed,Right Wing,94.3,39.2,0.0365,Off T,Right Foot,Open Play,Normal,False,False,From Free Kick,75.7126,0,0,40.8,0.8168,1,Mozambique
3920385,a16556f7-e11c-4730-82cc-a87be70592ec,2854,2,76,26,76.4333,774,Egypt,66887,Hamdi Fathi,Left Defensive Midfield,110.1,36.9,0.0502,Post,Right Foot,Open Play,Backheel,True,True,From Free Kick,80.4646,0,0,43.1,0.867,1,Mozambique
3920385,5bb34c57-ee72-4b13-8798-8a648510f748,2859,2,76,56,76.9333,774,Egypt,69563,Mohamed Abdelmonem,Left Center Back,113.4,50.5,0.0414,Wayward,Head,Open Play,Normal,False,False,From Corner,80.9678,0,0,29.5,0.9084,1,Mozambique
3920385,4db4c1da-56f4-417c-aec9-ad2d1440a425,2863,2,76,59,76.9833,774,Egypt,40761,Omar Marmoush,Left Wing,101.0,36.1,0.0448,Off T,Right Foot,Open Play,Volley,True,False,From Corner,81.0175,0,0,43.9,0.9532,1,Mozambique
3920385,afaaf037-da34-41c5-ace1-78c49e9e71a3,2954,2,79,33,79.55,774,Egypt,67742,Emam Ashour Metwally Abdelghany,Right Center Midfield,89.1,28.0,0.0152,Off T,Right Foot,Open Play,Normal,False,False,From Throw In,83.5823,0,0,52.0,0.9683,1,Mozambique
3920385,2f3d489f-e734-4227-8f06-bc99b3bf23b1,3030,2,81,41,81.6833,774,Egypt,3531,Mohamed Salah,Right Wing,107.1,46.7,0.0736,Off T,Left Foot,Open Play,Volley,True,False,Regular Play,85.715,0,0,33.3,1.0419,1,Mozambique
3920385,341af993-e39b-4fe9-9509-7c80b506a738,3124,2,84,47,84.7833,774,Egypt,66886,Mostafa Mohamed Ahmed Abdallah,Left Center Forward,108.2,43.8,0.0708,Saved,Head,Open Play,Normal,False,True,From Throw In,88.8183,0,0,36.2,1.1128,1,Mozambique
3920385,e8c4e170-f766-4af3-99f4-065427b71d88,3343,2,90,37,90.6167,774,Egypt,3531,Mohamed Salah,Right Midfield,101.0,49.5,0.0329,Blocked,Left Foot,Open Play,Half Volley,False,False,From Goal Kick,94.6554,0,0,30.5,1.1457,1,Mozambique
3920385,5f3ee2ea-b9fe-47d7-9b3c-c84f122f86e6,3358,2,96,5,96.0833,774,Egypt,3531,Mohamed Salah,Right Midfield,108.1,40.1,0.7835,Goal,Left Foot,Penalty,Normal,False,False,Other,100.1113,1,1,39.9,1.9292,2,Mozambique
3920386,622fdf8d-987e-48e0-aee7-c5798596fd90,21,1,0,14,0.2333,775,Nigeria,3647,Alex Iwobi,Left Center Midfield,88.8,32.8,0.017,Saved,Right Foot,Open Play,Half Volley,False,False,From Kick Off,0.2394,0,0,47.2,0.017,0,Equatorial Guinea
3920386,f78cc9da-6a45-4209-a7f8-d7ca1ab899f6,159,1,4,31,4.5167,775,Nigeria,11277,Victor James Osimhen,Center Forward,99.9,33.2,0.0775,Off T,Right Foot,Open Play,Half Volley,True,False,Regular Play,4.5288,0,0,46.8,0.0945,0,Equatorial Guinea
3920386,e967a509-4c5d-476a-9892-79ca232b5778,333,1,9,38,9.6333,775,Nigeria,31949,Zaidu Sanusi,Left Back,112.1,29.7,0.1701,Off T,Left Foot,Open Play,Half Volley,True,False,From Goal Kick,9.6428,0,0,50.3,0.2647,0,Equatorial Guinea
3920386,32a9091f-66d9-4495-b0e9-84bb4a284cca,401,1,13,15,13.25,775,Nigeria,27434,Alhassan Yusuf,Right Center Midfield,98.2,42.2,0.0384,Off T,Right Foot,Open Play,Half Volley,True,False,From Free Kick,13.256,0,0,37.8,0.3031,0,Equatorial Guinea
3920386,4d8d134e-a650-4783-bf1c-5e0ae9c0b95c,618,1,19,37,19.6167,4992,Equatorial Guinea,30423,Ibán Salvador Edu,Right Wing,87.2,37.3,0.016,Blocked,Left Foot,Open Play,Normal,False,False,Regular Play,19.6242,0,0,42.7,0.016,0,Nigeria
3920386,52320d69-59b2-4496-9f83-556bb7b7d3c6,758,1,24,26,24.4333,4992,Equatorial Guinea,23559,José Ndong Machín Dicombo,Center Attacking Midfield,94.3,33.6,0.0338,Off T,Right Foot,Open Play,Normal,False,False,From Corner,24.4398,0,0,46.4,0.0498,0,Nigeria
3920386,33e48897-f8e7-4f12-947c-c365ae9282a3,804,1,28,22,28.3667,775,Nigeria,11277,Victor James Osimhen,Center Forward,110.7,41.6,0.1025,Off T,Head,Open Play,Normal,False,True,From Free Kick,28.379,0,0,38.4,0.4055,0,Equatorial Guinea
3920386,f3e0f496-7558-4c1e-acec-9390e3362860,901,1,32,58,32.9667,775,Nigeria,3923,Oluwasemilogo Adesewo Ibidapo Ajayi,Left Center Back,112.4,41.9,0.1936,Blocked,Right Foot,Open Play,Normal,True,False,From Throw In,32.9698,0,0,38.1,0.5992,0,Equatorial Guinea
3920386,08cadae8-42c5-4909-861d-c0160da1fe86,1031,1,35,45,35.75,4992,Equatorial Guinea,30423,Ibán Salvador Edu,Right Wing,103.9,39.0,0.0802,Goal,Left Foot,Open Play,Normal,True,True,Regular Play,35.761,1,0,41.0,0.13,1,Nigeria
3920386,787ac767-1c29-4e05-a473-e33f7abfe81e,1046,1,37,25,37.4167,775,Nigeria,11277,Victor James Osimhen,Center Forward,117.8,42.8,0.5406,Goal,Head,Open Play,Normal,False,True,From Kick Off,37.4288,1,0,37.2,1.1398,1,Equatorial Guinea
3920386,728065d6-def0-49dd-9e2f-ea63c2e0a69a,1151,1,40,6,40.1,4992,Equatorial Guinea,13581,Emilio Nsue López,Center Forward,110.0,33.7,0.0262,Off T,Head,Open Play,Normal,False,True,From Throw In,40.1151,0,0,46.3,0.1562,1,Nigeria
3920386,c31be902-6ef0-4fad-b288-81f402fd1dd2,1388,1,47,18,47.3,775,Nigeria,18163,Moses Daddy-Ajala Simon,Right Midfield,111.1,56.3,0.0155,Saved to Post,Right Foot,Open Play,Normal,False,False,From Throw In,47.3038,0,0,23.7,1.1553,1,Equatorial Guinea
3920386,7b0affb5-5341-45b0-8db9-ac24f20acd42,1560,2,49,9,49.15,4992,Equatorial Guinea,105942,Pablo Ganet Cómitre,Left Defensive Midfield,89.7,37.9,0.0207,Off T,Right Foot,Open Play,Normal,False,True,Regular Play,53.1742,0,0,42.1,0.1769,1,Nigeria
3920386,1afe5c38-fbbc-4fa3-9b09-1fbc95bc70a3,1695,2,53,11,53.1833,775,Nigeria,31949,Zaidu Sanusi,Left Back,105.4,29.0,0.1816,Saved,Left Foot,Open Play,Normal,False,False,From Counter,57.2182,0,0,51.0,1.3369,1,Equatorial Guinea
3920386,c4e3e94e-43ae-4dcb-9ac0-9a154aad600d,1701,2,53,16,53.2667,775,Nigeria,3447,Ademola Lookman,Right Midfield,108.7,32.3,0.1032,Off T,Left Foot,Open Play,Normal,False,False,From Counter,57.3029,0,0,47.7,1.44,1,Equatorial Guinea
3920386,cf65c3ea-552a-4c77-bd47-36812c2f4385,1709,2,54,17,54.2833,775,Nigeria,11277,Victor James Osimhen,Center Forward,109.5,28.4,0.167,Saved,Left Foot,Open Play,Half Volley,False,False,Regular Play,58.3154,0,0,51.6,1.607,1,Equatorial Guinea
3920386,7b6f7ef2-9223-463b-a398-e789a0be728c,1727,2,56,0,56.0,775,Nigeria,27434,Alhassan Yusuf,Right Center Midfield,92.7,37.4,0.0207,Blocked,Right Foot,Open Play,Volley,True,True,From Free Kick,60.0356,0,0,42.6,1.6277,1,Equatorial Guinea
3920386,607a3bb0-53fe-471a-84c5-1f734d91393a,1974,2,65,37,65.6167,775,Nigeria,11492,Temitayo Olufisayo Olaoluwa Aina,Right Back,112.6,53.8,0.0636,Saved,Right Foot,Open Play,Normal,False,False,Regular Play,69.6475,0,0,26.2,1.6914,1,Equatorial Guinea
3920386,c7372396-cf95-4d59-b86e-db0cd4d90588,2191,2,75,18,75.3,775,Nigeria,11277,Victor James Osimhen,Center Forward,103.7,36.2,0.4365,Off T,Right Foot,Open Play,Normal,True,False,Regular Play,79.3289,0,0,43.8,2.1278,1,Equatorial Guinea
3920386,9e00258f-4603-4141-b216-5feb3fb5ff01,2198,2,76,3,76.05,4992,Equatorial Guinea,13581,Emilio Nsue López,Center Forward,104.6,37.6,0.0715,Off T,Right Foot,Open Play,Half Volley,False,True,From Goal Kick,80.0784,0,0,42.4,0.2484,1,Nigeria
3920386,101a24c6-a256-42ff-acb7-7e348c13de81,2609,2,92,15,92.25,775,Nigeria,16335,Samuel Chimerenka Chukwueze,Right Midfield,103.2,61.6,0.008,Blocked,Left Foot,Open Play,Normal,False,True,Regular Play,96.2856,0,0,18.4,2.1358,1,Equatorial Guinea
3920386,a966459d-38ce-425b-a81c-7a3c83e47457,2659,2,94,8,94.1333,4992,Equatorial Guinea,105764,Basilio Ndong Owono Nchamaaa,Left Back,94.1,41.6,0.0241,Wayward,Left Foot,Open Play,Half Volley,True,False,From Corner,98.1559,0,0,38.4,0.2724,1,Nigeria
3920386,62aa887d-8b9d-4537-9052-a976ca028dc0,2660,2,94,8,94.1333,4992,Equatorial Guinea,422691,José Nabil Onva Adjugu,Right Wing,107.2,50.4,0.0596,Wayward,Right Foot,Open Play,Half Volley,False,False,From Corner,98.1652,0,0,29.6,0.3321,1,Nigeria
3920386,59b0df7d-abd9-4778-8991-18ac842b6e0f,2744,2,96,0,96.0,775,Nigeria,3806,Bright Osayi-Samuel,Right Back,105.2,48.3,0.0718,Wayward,Left Foot,Open Play,Normal,False,True,From Keeper,100.0314,0,0,31.7,2.2077,1,Equatorial Guinea
3920386,d47fe775-171d-4798-98d6-3451bf95d123,2747,2,96,1,96.0167,775,Nigeria,24478,Paul Onuachu,Left Center Midfield,114.6,38.2,0.1446,Saved,Head,Open Play,Normal,False,False,From Keeper,100.0495,0,0,41.8,2.3523,1,Equatorial Guinea
3920386,ea6d5a70-bca4-4eae-85b3-2c0d4476e39f,2751,2,96,3,96.05,775,Nigeria,11277,Victor James Osimhen,Center Forward,115.2,48.5,0.1186,Wayward,Right Foot,Open Play,Volley,True,True,From Keeper,100.0723,0,0,31.5,2.4709,1,Equatorial Guinea
3920386,6bf3af56-34e9-4644-ad41-e2344c5b5c98,2754,2,96,3,96.05,775,Nigeria,3447,Ademola Lookman,Left Midfield,114.2,36.9,0.2164,Wayward,Head,Open Play,Normal,False,False,From Keeper,100.0837,0,0,43.1,2.6873,1,Equatorial Guinea
3920387,cadd8d6f-0c07-4923-9c0a-631775d588ee,183,1,3,21,3.35,4924,Cape Verde Islands,132800,Kevin Lenini Gonçalves Pereira de Pina,Center Defensive Midfield,108.2,40.8,0.0354,Blocked,Head,Open Play,Normal,False,True,From Corner,3.3574,0,0,39.2,0.0354,0,Ghana
3920387,74abbf55-6f66-41a0-9526-581614e6acef,480,1,10,49,10.8167,4924,Cape Verde Islands,7753,Jamiro Gregory Monteiro Alvarenga,Left Center Midfield,100.4,19.8,0.0128,Blocked,Right Foot,Free Kick,Normal,False,False,From Free Kick,10.8306,0,0,60.2,0.0482,0,Ghana
3920387,3d81b8f2-b557-4cc8-9686-ff029dbd40ad,683,1,16,32,16.5333,4924,Cape Verde Islands,10598,Jovane Eduardo Borges Cabral,Left Wing,100.7,54.5,0.034,Saved,Right Foot,Open Play,Normal,True,False,From Throw In,16.5338,0,0,25.5,0.0822,0,Ghana
3920387,3a93bb26-50a2-4c33-97dd-f02a0e3a34ca,686,1,16,33,16.55,4924,Cape Verde Islands,7753,Jamiro Gregory Monteiro Alvarenga,Left Center Midfield,113.4,35.4,0.5439,Goal,Left Foot,Open Play,Half Volley,True,False,From Throw In,16.5648,1,0,44.6,0.6261,1,Ghana
3920387,308c1ae9-ca23-4de2-88fb-75f27ff7d9ab,1023,1,25,58,25.9667,4885,Ghana,33395,Ransford Königsdörffer,Center Attacking Midfield,109.3,40.7,0.1686,Off T,Left Foot,Open Play,Volley,True,False,Regular Play,25.9753,0,0,39.3,0.1686,0,Cape Verde Islands
3920387,1befc60c-9d18-4557-bffc-0574c2834806,1325,1,34,56,34.9333,4885,Ghana,33395,Ransford Königsdörffer,Center Attacking Midfield,113.3,39.5,0.4933,Post,Other,Open Play,Normal,False,False,From Throw In,34.9443,0,0,40.5,0.6618,0,Cape Verde Islands
3920387,5ba50b6e-5429-4775-86a0-1fffc97b6ea6,1337,1,35,4,35.0667,4885,Ghana,30693,Majeed Ashimeru,Left Defensive Midfield,94.0,36.6,0.035,Wayward,Right Foot,Open Play,Normal,False,True,From Throw In,35.0699,0,0,43.4,0.6968,0,Cape Verde Islands
3920387,afff4569-abaf-47c6-b8df-72e3641a8571,1418,1,42,28,42.4667,4924,Cape Verde Islands,10598,Jovane Eduardo Borges Cabral,Left Wing,114.9,31.2,0.1087,Blocked,Left Foot,Open Play,Normal,False,True,From Corner,42.4755,0,0,48.8,0.7349,1,Ghana
3920387,ad0a1497-a2b1-40f4-8e8a-ba396655105f,1475,1,43,43,43.7167,4924,Cape Verde Islands,7900,Tiago Manuel Dias Correia,Center Forward,86.3,22.9,0.0074,Off T,Right Foot,Open Play,Normal,False,False,From Throw In,43.7321,0,0,57.1,0.7422,1,Ghana
3920387,efe85128-ac97-4d52-b67d-b996ab188be3,1561,1,47,4,47.0667,4885,Ghana,3450,Jordan Ayew,Left Wing,92.5,26.9,0.0195,Off T,Right Foot,Open Play,Normal,True,False,From Free Kick,47.083,0,0,53.1,0.7163,0,Cape Verde Islands
3920387,2f68fc96-69bd-49b2-847d-a00c13d325ac,1686,2,49,6,49.1,4924,Cape Verde Islands,7900,Tiago Manuel Dias Correia,Center Forward,100.9,48.2,0.0937,Blocked,Right Foot,Free Kick,Normal,False,False,From Free Kick,53.0943,0,0,31.8,0.8359,1,Ghana
3920387,4d5c4747-c224-4277-b3c4-aad6e00f66cd,1696,2,49,15,49.25,4924,Cape Verde Islands,7900,Tiago Manuel Dias Correia,Center Forward,100.0,43.8,0.0428,Off T,Right Foot,Open Play,Half Volley,True,False,From Free Kick,53.2321,0,0,36.2,0.8788,1,Ghana
3920387,f5dddc73-3803-42f3-8fec-613fe289392b,1858,2,54,31,54.5167,4885,Ghana,33395,Ransford Königsdörffer,Center Attacking Midfield,115.3,45.8,0.1135,Blocked,Right Foot,Open Play,Normal,True,False,Regular Play,58.5133,0,0,34.2,0.8298,0,Cape Verde Islands
3920387,3f37359e-329f-40a4-ae54-e24c8ba5206f,1864,2,55,30,55.5,4885,Ghana,2989,Alexander Djiku,Right Center Back,112.9,39.2,0.0974,Goal,Head,Open Play,Normal,False,True,From Corner,59.49,1,0,40.8,0.9273,1,Cape Verde Islands
3920387,647e4d63-3f92-4faf-857a-7c118a1e78b4,1926,2,59,42,59.7,4885,Ghana,16546,Joseph Paintsil,Right Wing,116.3,45.4,0.2925,Off T,Right Foot,Open Play,Normal,True,True,Regular Play,63.682,0,0,34.6,1.2198,1,Cape Verde Islands
3920387,961bb1a7-25d8-44c3-978b-50d212723c88,2016,2,64,20,64.3333,4885,Ghana,233463,Ernest Appiah Nuamah,Right Wing,111.9,25.2,0.0491,Blocked,Left Foot,Open Play,Normal,False,True,From Free Kick,68.328,0,0,54.8,1.2689,1,Cape Verde Islands
3920387,53828dbc-d962-40d4-9e39-6e44f2f7ce8a,2051,2,66,12,66.2,4924,Cape Verde Islands,7900,Tiago Manuel Dias Correia,Center Forward,108.4,27.2,0.1408,Blocked,Right Foot,Open Play,Normal,False,True,From Free Kick,70.1985,0,0,52.8,1.0196,1,Ghana
3920387,e9a567e9-d53b-4b33-a065-7f9fa17fdbbe,2294,2,71,58,71.9667,4924,Cape Verde Islands,7900,Tiago Manuel Dias Correia,Center Forward,108.9,44.8,0.0967,Blocked,Right Foot,Open Play,Normal,True,False,From Free Kick,75.9611,0,0,35.2,1.1163,1,Ghana
3920387,6c85f8b8-41c7-45c1-8d17-768fce02c0b9,2631,2,82,41,82.6833,4924,Cape Verde Islands,10598,Jovane Eduardo Borges Cabral,Center Forward,110.9,29.9,0.335,Saved,Right Foot,Open Play,Normal,False,False,Regular Play,86.6757,0,0,50.1,1.4513,1,Ghana
3920387,47fa2b23-9752-44f8-8d84-6435306a052f,2637,2,82,51,82.85,4924,Cape Verde Islands,28413,Willy Afonso Semedo Johnson,Right Wing,98.3,50.7,0.0365,Blocked,Left Foot,Open Play,Normal,False,True,Regular Play,86.839,0,0,29.3,1.4878,1,Ghana
3920387,bfffa3ac-5592-4857-95bf-89f9f4e92d3e,2713,2,87,50,87.8333,4924,Cape Verde Islands,16001,Garry Mendes Rodrigues,Left Wing,94.0,30.2,0.0197,Wayward,Right Foot,Open Play,Normal,True,False,From Free Kick,91.8282,0,0,49.8,1.5075,1,Ghana
3920387,9f63f77c-9e2f-4a5f-a628-1c8b839c52d4,2814,2,89,28,89.4667,4924,Cape Verde Islands,16001,Garry Mendes Rodrigues,Left Wing,104.3,46.6,0.3552,Saved,Right Foot,Open Play,Normal,False,False,Regular Play,93.449,0,0,33.4,1.8627,1,Ghana
3920387,6ff6449f-2b92-4327-b9e2-634bacfe6e67,2849,2,91,2,91.0333,4924,Cape Verde Islands,16001,Garry Mendes Rodrigues,Left Wing,111.3,46.5,0.8575,Goal,Right Foot,Open Play,Normal,False,False,From Throw In,95.023,1,0,33.5,2.7202,2,Ghana
3920387,54852e55-6c38-4fb2-a8fa-983f59e67c79,2878,2,93,54,93.9,4885,Ghana,24087,Iddrisu Baba Mohammed,Right Defensive Midfield,107.0,34.9,0.0436,Off T,Head,Open Play,Normal,False,False,From Free Kick,97.8845,0,0,45.1,1.3126,1,Cape Verde Islands
3920387,0008020d-ec91-4a08-8db7-aa7d646ebbf5,2970,2,97,30,97.5,4885,Ghana,233463,Ernest Appiah Nuamah,Right Wing,100.6,56.5,0.028,Blocked,Left Foot,Open Play,Normal,False,False,From Throw In,101.4931,0,0,23.5,1.3406,1,Cape Verde Islands
3920387,c5e52b9a-dbe6-4179-bb71-173e2d25159b,3000,2,98,16,98.2667,4885,Ghana,6393,Iñaki Williams Arthuer,Center Forward,109.3,39.1,0.0974,Off T,Head,Open Play,Normal,False,False,From Throw In,102.2569,0,0,40.9,1.4379,1,Cape Verde Islands
3920388,5b516832-3912-4193-8e1f-b4677e0eff7e,54,1,0,47,0.7833,4934,Gambia,28212,Alasana Manneh,Right Center Midfield,93.8,47.1,0.0265,Saved,Left Foot,Open Play,Normal,False,True,From Free Kick,0.7912,0,0,32.9,0.0265,0,Senegal
3920388,049807cb-24eb-48fa-b31a-2a75035bba19,183,1,3,28,3.4667,787,Senegal,21026,Pape Gueye,Left Center Midfield,105.2,40.4,0.1424,Goal,Left Foot,Open Play,Normal,True,False,From Corner,3.4786,1,0,39.6,0.1424,1,Gambia
3920388,54f255d7-5bce-4538-a21d-58d0501eabda,277,1,6,46,6.7667,787,Senegal,18516,Habibou Mouhamadou Diallo,Center Forward,113.4,45.4,0.3686,Off T,Right Foot,Open Play,Normal,True,True,Regular Play,6.7671,0,0,34.6,0.511,1,Gambia
3920388,a895bb64-ae7e-4f84-8bb5-7f4a43769940,507,1,15,35,15.5833,4934,Gambia,6988,Musa Barrow,Left Attacking Midfield,99.0,56.5,0.0444,Off T,Right Foot,Free Kick,Normal,False,False,From Free Kick,15.595,0,0,23.5,0.0709,0,Senegal
3920388,03deaa22-c23a-4fdc-ac29-a0434ad95e3a,819,1,23,45,23.75,4934,Gambia,50938,Ali Sowe,Center Forward,112.0,37.5,0.0803,Off T,Head,Open Play,Normal,False,False,From Corner,23.7531,0,0,42.5,0.1512,0,Senegal
3920388,3d433446-137c-47f3-b6e4-89c5bb56f7ee,1017,1,27,31,27.5167,787,Senegal,5675,Kalidou Koulibaly,Right Center Back,83.6,42.4,0.0066,Blocked,Left Foot,Open Play,Normal,False,True,From Throw In,27.5304,0,0,37.6,0.5177,1,Gambia
3920388,4b7a1a3c-fe9a-4dca-8332-d81a8ab7e45b,1059,1,28,3,28.05,787,Senegal,2941,Ismaïla Sarr,Right Wing,109.3,36.0,0.3647,Saved,Right Foot,Open Play,Normal,True,False,From Counter,28.0577,0,0,44.0,0.8823,1,Gambia
3920388,53ee4564-3254-4e08-9b61-ad6813813dd9,1235,1,36,41,36.6833,4934,Gambia,6988,Musa Barrow,Left Attacking Midfield,103.5,15.4,0.0076,Off T,Right Foot,Free Kick,Normal,False,False,From Free Kick,36.6923,0,0,64.6,0.1587,0,Senegal
3920388,ded5d505-4cbd-4e1c-9f57-dfa92f4878d8,1469,1,46,26,46.4333,4934,Gambia,307271,Yankuba Minteh,Right Attacking Midfield,102.7,56.2,0.022,Blocked,Left Foot,Open Play,Normal,False,False,From Counter,46.4384,0,0,23.8,0.1807,0,Senegal
3920388,b3471160-11cd-4642-bea7-7ba75e990f8a,1771,2,48,12,48.2,4934,Gambia,6988,Musa Barrow,Left Midfield,98.0,54.8,0.033,Saved,Right Foot,Open Play,Normal,False,False,Regular Play,56.4997,0,0,25.2,0.2137,0,Senegal
3920388,9c93ac2d-3890-4c14-9a4c-c221bf5307ff,1774,2,48,14,48.2333,4934,Gambia,50938,Ali Sowe,Center Forward,110.8,35.1,0.4595,Off T,Left Foot,Open Play,Half Volley,True,False,Regular Play,56.5232,0,0,44.9,0.6732,0,Senegal
3920388,719be098-2ddf-43a4-a70f-ef4198e0fc40,1850,2,51,13,51.2167,787,Senegal,392153,Lamine Camara,Right Center Midfield,103.5,50.8,0.1098,Goal,Right Foot,Open Play,Normal,False,False,From Throw In,59.5175,1,0,29.2,0.9921,2,Gambia
3920388,28912b71-c4eb-422d-b32f-ad7177efa7c3,1993,2,55,12,55.2,787,Senegal,18516,Habibou Mouhamadou Diallo,Center Forward,116.9,33.7,0.2993,Saved,Right Foot,Open Play,Normal,False,True,From Throw In,63.4939,0,0,46.3,1.2914,2,Gambia
3920388,7b411127-5c37-403f-aefa-d00508fd2af7,2095,2,58,16,58.2667,787,Senegal,2941,Ismaïla Sarr,Right Wing,97.3,48.4,0.046,Off T,Right Foot,Open Play,Normal,False,False,From Throw In,66.5573,0,0,31.6,1.3374,2,Gambia
3920388,aef54c95-94a9-4da5-9eee-fc75adce9bcb,2108,2,59,38,59.6333,4934,Gambia,12498,Omar Colley,Left Center Back,109.6,43.5,0.0861,Off T,Head,Open Play,Normal,False,False,From Free Kick,67.9221,0,0,36.5,0.7594,0,Senegal
3920388,b453cd37-5827-4fab-ae20-f87c64dcd55e,2135,2,60,50,60.8333,787,Senegal,20758,Krépin Diatta,Right Back,98.3,53.0,0.0341,Blocked,Left Foot,Open Play,Normal,False,False,From Corner,69.1342,0,0,27.0,1.3714,2,Gambia
3920388,4b56b8fe-8236-4fc0-8cd8-015894d02150,2141,2,60,53,60.8833,787,Senegal,21026,Pape Gueye,Left Center Midfield,96.0,42.1,0.0313,Blocked,Left Foot,Open Play,Half Volley,False,True,From Corner,69.1701,0,0,37.9,1.4027,2,Gambia
3920388,426f02d5-252f-4be3-a97a-5aa107ce65a0,2333,2,66,5,66.0833,4934,Gambia,12498,Omar Colley,Left Center Back,110.7,39.2,0.0904,Off T,Head,Open Play,Normal,False,True,From Corner,74.3715,0,0,40.8,0.8498,0,Senegal
3920388,4ce61301-8868-4ca9-a27d-3d0de045ee0c,2386,2,67,21,67.35,4934,Gambia,51941,Muhammed Badamosi,Center Forward,100.4,42.2,0.0673,Blocked,Left Foot,Open Play,Half Volley,True,False,Regular Play,75.6454,0,0,37.8,0.9171,0,Senegal
3920388,08b464d1-18f2-4961-b036-f27a57f5e3f2,2392,2,67,22,67.3667,4934,Gambia,51941,Muhammed Badamosi,Center Forward,101.2,42.8,0.0529,Off T,Right Foot,Open Play,Half Volley,False,True,Regular Play,75.6623,0,0,37.2,0.97,0,Senegal
3920388,bea26cee-c7c0-413e-b7b8-477835ccb017,2533,2,71,21,71.35,787,Senegal,50497,Nicolas Jackson,Center Forward,110.3,31.4,0.0744,Saved,Left Foot,Open Play,Half Volley,False,False,From Free Kick,79.6471,0,0,48.6,1.4771,2,Gambia
3920388,e886bd31-51cc-40d5-be8b-c3d55f29f6e3,2661,2,78,46,78.7667,787,Senegal,32915,Ismail Jakobs,Left Back,115.4,27.6,0.0592,Off T,Left Foot,Open Play,Normal,True,False,Regular Play,87.0626,0,0,52.4,1.5363,2,Gambia
3920388,1d128ebf-f54a-4ad8-8a8c-f80a439b3d6c,2854,2,85,16,85.2667,787,Senegal,392153,Lamine Camara,Left Center Midfield,96.0,39.3,0.0515,Goal,Right Foot,Open Play,Normal,True,False,From Goal Kick,93.5633,1,0,40.7,1.5878,3,Gambia
3920388,f894ee83-1a31-4c28-9260-ad39a9ab9f40,2936,2,88,46,88.7667,787,Senegal,4506,Nampalys Mendy,Right Center Midfield,101.2,30.1,0.0449,Blocked,Right Foot,Open Play,Normal,False,True,Regular Play,97.0634,0,0,49.9,1.6327,3,Gambia
3920388,933cb1d9-adec-425c-b408-dcf1ecfafcad,2942,2,89,21,89.35,787,Senegal,25759,Abdoulaye Seck,Right Center Back,113.2,43.4,0.088,Off T,Head,Open Play,Normal,False,True,From Corner,97.6365,0,0,36.6,1.7207,3,Gambia
3920388,e0012ba2-74c1-417e-b942-81315a02d198,3008,2,91,13,91.2167,4934,Gambia,51941,Muhammed Badamosi,Right Center Forward,107.9,35.6,0.0384,Off T,Head,Open Play,Normal,False,True,From Free Kick,99.5079,0,0,44.4,1.0084,0,Senegal
3920389,c5f4a330-aeb5-47d7-b13b-f79d9a784346,194,1,6,44,6.7333,4892,Guinea,4267,Mouctar Diakhaby,Right Center Back,109.0,43.8,0.0526,Off T,Head,Open Play,Normal,False,True,From Free Kick,6.7415,0,0,36.2,0.0526,0,Cameroon
3920389,ac636a2c-39d0-4fc5-95bb-ab1237fbb740,299,1,9,9,9.15,4892,Guinea,8454,Mohamed Bayo,Center Forward,103.1,56.2,0.0603,Saved,Right Foot,Open Play,Normal,False,True,Regular Play,9.1643,0,0,23.8,0.1129,0,Cameroon
3920389,3b4284bc-0f79-404d-8e09-9bb5a64fce7a,303,1,9,12,9.2,4892,Guinea,39073,Moriba Kourouma Kourouma,Left Defensive Midfield,106.3,46.5,0.1632,Blocked,Right Foot,Open Play,Normal,True,True,Regular Play,9.2123,0,0,33.5,0.2761,0,Cameroon
3920389,12d0c976-c6ca-424f-a131-50562b5653c1,314,1,9,18,9.3,4892,Guinea,8454,Mohamed Bayo,Center Forward,111.2,48.5,0.4091,Goal,Right Foot,Open Play,Normal,True,True,Regular Play,9.3121,1,0,31.5,0.6851,1,Cameroon
3920389,6ce47aa9-b0c8-4901-b3f7-c911cb4837bf,349,1,12,31,12.5167,2722,Cameroon,3141,André-Frank Zambo Anguissa,Left Center Midfield,115.0,34.0,0.202,Off T,Head,Open Play,Normal,False,False,From Free Kick,12.5224,0,0,46.0,0.202,0,Guinea
3920389,30bf24ed-5f49-41fb-bf95-6653b8fd77fa,428,1,14,15,14.25,2722,Cameroon,32190,Darlin Zidane Yongwa Ngameni,Left Back,98.8,26.6,0.0294,Blocked,Left Foot,Open Play,Normal,False,True,From Throw In,14.26,0,0,53.4,0.2313,0,Guinea
3920389,4d0c47f0-98c1-41ff-97a0-eaa7ab42d673,966,1,29,44,29.7333,4892,Guinea,132711,Sekou Oumar Sylla,Left Back,76.8,9.7,0.0035,Off T,Left Foot,Open Play,Lob,False,False,Regular Play,29.7363,0,0,70.3,0.6887,1,Cameroon
3920389,c1ad64ab-5781-496f-963f-2b51f2232c69,1080,1,35,19,35.3167,2722,Cameroon,3551,Karl Brillant Toko Ekambi,Center Forward,116.5,33.4,0.0697,Blocked,Right Foot,Open Play,Volley,True,False,From Free Kick,35.3284,0,0,46.6,0.3011,0,Guinea
3920389,f7f10813-7fb0-44da-95fd-0a2d165b4a86,1151,1,37,42,37.7,2722,Cameroon,10530,Jules Olivier Ntcham,Right Center Midfield,100.2,28.3,0.0437,Blocked,Right Foot,Open Play,Normal,False,False,From Corner,37.711,0,0,51.7,0.3447,0,Guinea
3920389,0d2bdea1-eaa4-45be-bcae-8d77a5a10259,1548,2,50,3,50.05,2722,Cameroon,189348,Frank Magri,Right Wing,115.4,45.1,0.1248,Goal,Head,Open Play,Normal,False,True,From Corner,56.3167,1,0,34.9,0.4696,1,Guinea
3920389,ac9fc1b2-983b-4c51-9a3c-94e5a89a2810,1648,2,55,16,55.2667,2722,Cameroon,3639,Georges-Kévin Nkoudou Mbida,Left Wing,90.4,50.1,0.0304,Off T,Right Foot,Free Kick,Normal,False,False,From Free Kick,61.5254,0,0,29.9,0.4999,1,Guinea
3920389,ece73a7b-7abd-4666-98ca-d55d7cfb2118,1713,2,57,51,57.85,2722,Cameroon,7355,Olivier Michel Kemen,Center Attacking Midfield,98.1,50.6,0.0222,Off T,Right Foot,Open Play,Half Volley,True,False,From Corner,64.1052,0,0,29.4,0.5221,1,Guinea
3920389,fa05288f-fcab-4516-a11c-be44e01788ca,1748,2,60,40,60.6667,2722,Cameroon,10530,Jules Olivier Ntcham,Right Defensive Midfield,88.2,49.1,0.0205,Blocked,Right Foot,Open Play,Normal,False,False,From Throw In,66.9214,0,0,30.9,0.5426,1,Guinea
3920389,b9ee8f47-13ba-4e53-aa7d-dbfd51c40dab,1884,2,66,8,66.1333,2722,Cameroon,10530,Jules Olivier Ntcham,Right Defensive Midfield,89.1,41.4,0.0226,Off T,Right Foot,Open Play,Normal,False,False,Regular Play,72.3894,0,0,38.6,0.5652,1,Guinea
3920389,a76e98ff-9c8c-4938-8bb1-04e3db0c4b8b,2096,2,76,41,76.6833,2722,Cameroon,3639,Georges-Kévin Nkoudou Mbida,Left Wing,112.2,39.3,0.1311,Off T,Head,Open Play,Normal,False,True,From Goal Kick,82.9367,0,0,40.7,0.6963,1,Guinea
3920389,1e2f74b8-d2fe-4238-9691-0cc4a6c1ea40,2304,2,83,37,83.6167,2722,Cameroon,7355,Olivier Michel Kemen,Center Attacking Midfield,101.0,57.5,0.0269,Off T,Right Foot,Open Play,Normal,True,False,From Throw In,89.8742,0,0,22.5,0.7232,1,Guinea
3920389,f015a371-404e-4a56-a634-0b38e91e8567,2422,2,87,12,87.2,2722,Cameroon,3551,Karl Brillant Toko Ekambi,Right Center Forward,106.6,40.8,0.1155,Saved,Right Foot,Open Play,Normal,False,True,From Throw In,93.4536,0,0,39.2,0.8387,1,Guinea
3920389,50332cab-c1f0-453d-a042-a69a85b1bd3e,2525,2,91,4,91.0667,2722,Cameroon,3639,Georges-Kévin Nkoudou Mbida,Left Midfield,112.7,26.8,0.0405,Blocked,Left Foot,Open Play,Normal,False,True,Regular Play,97.3328,0,0,53.2,0.8792,1,Guinea
3920389,2e49fe52-e238-4601-a23b-0b078c8589a2,2588,2,93,10,93.1667,4892,Guinea,39073,Moriba Kourouma Kourouma,Right Defensive Midfield,90.1,47.7,0.0216,Off T,Right Foot,Open Play,Normal,False,False,From Throw In,99.4289,0,0,32.3,0.7102,1,Cameroon
3920390,1d1325af-838e-48aa-9575-9af4eede1513,362,1,6,41,6.6833,4898,Algeria,217047,Fares Chaïbi,Right Center Midfield,112.3,54.8,0.0376,Off T,Right Foot,Open Play,Volley,True,False,From Throw In,6.69,0,0,25.2,0.0376,0,Angola
3920390,70baea5a-5338-4a00-9ee7-16c5e6de817a,450,1,8,47,8.7833,4898,Algeria,103464,Mohamed Youcef Belaïli,Left Wing,108.3,26.2,0.0707,Saved,Right Foot,Open Play,Normal,False,False,Regular Play,8.7838,0,0,53.8,0.1083,0,Angola
3920390,4aeba25b-c741-4bc6-aae0-11e43f652271,469,1,9,2,9.0333,4898,Algeria,12111,Rayan Aït Nouri,Left Back,96.2,31.8,0.0322,Blocked,Left Foot,Open Play,Normal,False,False,Regular Play,9.0454,0,0,48.2,0.1406,0,Angola
3920390,1b92ffe4-f201-47f7-87d8-33953fcbc34b,665,1,14,23,14.3833,4898,Algeria,103464,Mohamed Youcef Belaïli,Left Wing,96.0,30.6,0.0264,Blocked,Right Foot,Open Play,Normal,False,False,Regular Play,14.3906,0,0,49.4,0.167,0,Angola
3920390,6eac78af-0fc2-4325-a557-d9a104d2e407,714,1,16,33,16.55,4901,Angola,10577,Jacinto Muondo Dala,Left Center Forward,104.7,26.1,0.0294,Blocked,Left Foot,Open Play,Normal,False,False,From Counter,16.5604,0,0,53.9,0.0294,0,Algeria
3920390,f4388619-7185-48bf-8bcc-9578016908e9,727,1,17,53,17.8833,4898,Algeria,103465,Baghdad Bounedjah,Center Forward,106.4,34.0,0.1047,Goal,Right Foot,Open Play,Half Volley,True,True,From Free Kick,17.8955,1,0,46.0,0.2717,1,Angola
3920390,b7918bd4-2a1b-4fa2-8818-27c99ca7c931,784,1,20,40,20.6667,4901,Angola,103208,Kialonda Gaspar,Center Back,109.1,54.9,0.0095,Off T,Head,Open Play,Normal,False,True,From Free Kick,20.6767,0,0,25.1,0.0389,0,Algeria
3920390,697834f1-10be-4b3c-ba99-43f3ac28d1c0,1109,1,30,11,30.1833,4901,Angola,10844,Alfredo Kulembe Ribeiro,Right Center Midfield,109.6,42.6,0.1941,Off T,Right Foot,Open Play,Half Volley,True,False,From Goal Kick,30.1899,0,0,37.4,0.233,0,Algeria
3920390,4ccb6838-0f1a-4813-9a9c-eb238f77dc46,1151,1,33,8,33.1333,4898,Algeria,11515,Ismael Bennacer,Left Center Midfield,95.7,45.5,0.0393,Blocked,Left Foot,Open Play,Normal,True,False,From Free Kick,33.148,0,0,34.5,0.311,1,Angola
3920390,b5ead8f6-cf37-4037-a035-3e272bee56f0,1241,1,38,5,38.0833,4898,Algeria,103465,Baghdad Bounedjah,Center Forward,110.6,33.5,0.1056,Off T,Head,Open Play,Normal,False,False,Regular Play,38.0933,0,0,46.5,0.4166,1,Angola
3920390,376fed6e-8201-4b0f-886d-c4b0d0c002d8,1328,1,41,34,41.5667,4901,Angola,10577,Jacinto Muondo Dala,Left Wing,106.9,50.2,0.1173,Wayward,Right Foot,Open Play,Half Volley,False,False,Regular Play,41.5771,0,0,29.8,0.3503,0,Algeria
3920390,815cf2d7-f548-4949-90f9-24ed47144bcb,1488,1,46,24,46.4,4898,Algeria,10040,Youcef Atal,Right Back,83.5,55.5,0.0085,Off T,Right Foot,Open Play,Normal,False,False,From Corner,46.4026,0,0,24.5,0.425,1,Angola
3920390,680154cc-b0ff-4a3b-bc0b-1962a973db5e,1541,1,48,5,48.0833,4898,Algeria,103464,Mohamed Youcef Belaïli,Left Wing,101.0,23.7,0.039,Off T,Right Foot,Open Play,Normal,False,False,From Keeper,48.0882,0,0,56.3,0.464,1,Angola
3920390,520d6c6a-cd72-4dc5-9c17-d926ba5dd594,1642,2,47,23,47.3833,4901,Angola,103207,Loide António Augusto,Right Wing Back,101.0,51.5,0.0398,Off T,Left Foot,Open Play,Normal,False,False,Regular Play,51.7703,0,0,28.5,0.3901,0,Algeria
3920390,95f3d078-c89e-49ab-8fb9-427e260fc18a,1692,2,50,11,50.1833,4898,Algeria,103464,Mohamed Youcef Belaïli,Left Wing,110.3,14.2,0.0063,Off T,Right Foot,Free Kick,Normal,False,False,From Free Kick,54.5713,0,0,65.8,0.4703,1,Angola
3920390,83195f60-5df2-43ba-a589-ef44d5c8e412,2189,2,67,8,67.1333,4901,Angola,128881,Cristóvão Paciência Mabululo,Center Forward,108.1,40.1,0.7835,Goal,Right Foot,Penalty,Normal,False,False,Other,71.5281,1,1,39.9,1.1736,1,Algeria
3920390,4d5cba41-50f7-4dfc-bfb9-4b1d07d2ac4d,2401,2,73,57,73.95,4898,Algeria,12111,Rayan Aït Nouri,Left Back,99.4,20.1,0.01,Off T,Right Foot,Open Play,Normal,False,False,From Throw In,78.3417,0,0,59.9,0.4803,1,Angola
3920390,0e72d3dc-0b91-49f1-a6d2-df66eefd0758,2505,2,76,26,76.4333,4901,Angola,128881,Cristóvão Paciência Mabululo,Center Forward,93.1,47.3,0.0239,Off T,Left Foot,Open Play,Normal,False,False,From Free Kick,80.8264,0,0,32.7,1.1975,1,Algeria
3920390,65b70d2c-54d9-4a8f-b3c8-804dfc4a5c54,2882,2,88,21,88.35,4898,Algeria,286708,Kévin Daniel Van Den Kerkhof,Right Back,112.7,56.2,0.0129,Blocked,Right Foot,Open Play,Normal,True,False,Regular Play,92.7368,0,0,23.8,0.4933,1,Angola
3920390,a66c7eeb-9ae0-4249-bc77-bbb99429131d,2905,2,89,7,89.1167,4898,Algeria,3811,Islam Slimani,Center Forward,109.6,34.2,0.0387,Off T,Head,Open Play,Normal,False,True,From Corner,93.5115,0,0,45.8,0.5319,1,Angola
3920390,c779f505-8675-4e81-aca1-87d53f7750c9,3126,2,94,34,94.5667,4898,Algeria,3814,Riyad Mahrez,Right Wing,97.5,39.0,0.0454,Blocked,Left Foot,Open Play,Normal,False,False,Regular Play,98.9581,0,0,41.0,0.5773,1,Angola
3920390,5fcf862a-bbe1-438e-9ca2-7d4e352fbc96,3132,2,96,22,96.3667,4898,Algeria,217047,Fares Chaïbi,Right Center Midfield,101.4,38.9,0.0639,Saved,Right Foot,Open Play,Normal,True,False,From Free Kick,100.762,0,0,41.1,0.6413,1,Angola
3920390,dbef357a-0dbe-4e5d-b8de-d9ae28796632,3136,2,96,24,96.4,4898,Algeria,286708,Kévin Daniel Van Den Kerkhof,Right Back,115.2,49.1,0.0557,Blocked,Right Foot,Open Play,Normal,True,False,From Free Kick,100.7947,0,0,30.9,0.6969,1,Angola
3920391,1dbad7c7-82fd-40b7-b057-f79123924acd,173,1,4,32,4.5333,4930,Mali,67714,Aliou Dieng,Right Center Midfield,95.2,28.0,0.0191,Wayward,Right Foot,Open Play,Half Volley,True,True,From Throw In,4.5382,0,0,52.0,0.0191,0,South Africa
3920391,9e10e2e2-5be9-452e-a9c4-df643d40fe6c,231,1,6,44,6.7333,4976,South Africa,202037,Thapelo Maseko,Left Midfield,82.9,55.0,0.0073,Saved,Left Foot,Open Play,Normal,False,False,From Corner,6.7468,0,0,25.0,0.0073,0,Mali
3920391,7e3b370d-8e6f-42c6-9de1-579e93a51e29,312,1,8,40,8.6667,4930,Mali,8774,Amadou Haïdara,Left Center Midfield,88.5,25.8,0.0058,Saved,Right Foot,Open Play,Half Volley,False,True,Regular Play,8.6728,0,0,54.2,0.0249,0,South Africa
3920391,93ed349f-1aae-42a3-8272-27507bda8e80,547,1,13,11,13.1833,4976,South Africa,29367,Percy Tau,Right Midfield,106.9,39.4,0.1328,Saved,Left Foot,Open Play,Normal,True,False,From Throw In,13.1911,0,0,40.6,0.1401,0,Mali
3920391,f78738bc-99d9-4699-88f9-1ca6b6ae0cb9,643,1,18,47,18.7833,4976,South Africa,29367,Percy Tau,Right Midfield,108.1,40.1,0.7835,Off T,Left Foot,Penalty,Normal,False,False,Other,18.7856,0,1,39.9,0.9236,0,Mali
3920391,8d3b8151-ff3b-4709-80b8-cfaaf46314cd,651,1,19,25,19.4167,4930,Mali,23623,Sekou Koita,Right Center Forward,108.3,19.1,0.0071,Off T,Left Foot,Open Play,Half Volley,True,True,From Goal Kick,19.4241,0,0,60.9,0.032,0,South Africa
3920391,a7ab673d-4346-4de5-9bcf-b5ce35770c25,732,1,21,57,21.95,4976,South Africa,29367,Percy Tau,Right Midfield,98.4,59.4,0.0102,Off T,Left Foot,Open Play,Normal,False,False,Regular Play,21.9514,0,0,20.6,0.9337,0,Mali
3920391,38400c19-c980-481e-8c49-eeefad6a26a5,763,1,22,51,22.85,4930,Mali,162132,Kamory Doumbia,Center Attacking Midfield,107.0,37.9,0.0643,Saved,Head,Open Play,Normal,False,False,From Goal Kick,22.8602,0,0,42.1,0.0964,0,South Africa
3920391,3467a134-b14d-413f-8442-e1094e05f686,1121,1,29,40,29.6667,4930,Mali,67714,Aliou Dieng,Right Center Midfield,90.5,39.5,0.0154,Blocked,Right Foot,Open Play,Normal,False,True,Regular Play,29.6814,0,0,40.5,0.1117,0,South Africa
3920391,2908344b-019a-40a0-af8a-d375e3cd9c7f,1381,1,33,57,33.95,4976,South Africa,29367,Percy Tau,Right Midfield,112.6,50.9,0.1621,Saved,Right Foot,Open Play,Normal,True,False,From Throw In,33.9644,0,0,29.1,1.0958,0,Mali
3920391,b1d65ba7-a01b-4acf-a3fd-3e2d978fbd65,1587,1,38,45,38.75,4976,South Africa,66716,Teboho Mokoena,Right Defensive Midfield,88.7,20.8,0.0068,Saved,Right Foot,Open Play,Normal,False,False,From Free Kick,38.7548,0,0,59.2,1.1026,0,Mali
3920391,98bb8c7f-3a79-4885-97fb-bc563066b3fe,1688,1,41,8,41.1333,4976,South Africa,29367,Percy Tau,Right Midfield,109.8,47.6,0.0864,Saved,Head,Open Play,Normal,False,False,Regular Play,41.1484,0,0,32.4,1.189,0,Mali
3920391,98a4cf9b-8de9-44c1-983b-b777186f2795,1737,1,43,24,43.4,4976,South Africa,65733,Aubrey Maphosa Modiba,Left Back,101.3,63.3,0.0086,Off T,Left Foot,Free Kick,Normal,False,False,From Free Kick,43.4123,0,0,16.7,1.1976,0,Mali
3920391,1065acbd-624a-4fe6-981b-8b93212b9bef,1799,1,45,53,45.8833,4930,Mali,105182,Lassine Sinayoko,Left Center Forward,111.3,44.8,0.4041,Saved,Right Foot,Open Play,Half Volley,True,False,From Throw In,45.895,0,0,35.2,0.5159,0,South Africa
3920391,54ffddbd-0614-4d0e-b558-120654f3559c,1992,2,47,54,47.9,4930,Mali,23623,Sekou Koita,Left Center Forward,108.2,26.1,0.0625,Wayward,Right Foot,Open Play,Half Volley,True,False,Regular Play,50.178,0,0,53.9,0.5783,0,South Africa
3920391,309d21ca-fcad-48af-b0f1-f186c5853411,2025,2,48,51,48.85,4930,Mali,8774,Amadou Haïdara,Left Center Midfield,107.5,33.8,0.442,Off T,Left Foot,Open Play,Normal,True,False,Regular Play,51.1182,0,0,46.2,1.0203,0,South Africa
3920391,ca5428e2-18d1-45e8-ba62-ed236faa224f,2202,2,53,36,53.6,4976,South Africa,65853,Evidence Makgopa,Left Center Forward,101.0,42.0,0.0947,Blocked,Left Foot,Open Play,Normal,True,False,Regular Play,55.8773,0,0,38.0,1.2922,0,Mali
3920391,a73d07f3-57b3-45a0-8f49-eacd649672ce,2254,2,55,38,55.6333,4930,Mali,162132,Kamory Doumbia,Center Attacking Midfield,111.7,45.4,0.0778,Blocked,Right Foot,Open Play,Half Volley,True,True,From Free Kick,57.9082,0,0,34.6,1.0981,0,South Africa
3920391,0aafcbf9-7322-4ece-8a1a-7bfce85f5328,2282,2,59,31,59.5167,4930,Mali,23623,Sekou Koita,Left Center Forward,100.6,24.3,0.052,Saved to Post,Left Foot,Free Kick,Normal,False,False,From Free Kick,61.7982,0,0,55.7,1.1501,0,South Africa
3920391,94e13383-9581-4e51-818a-b9e71448c646,2285,2,59,34,59.5667,4930,Mali,3248,Hamari Traoré,Right Back,117.2,41.1,0.885,Goal,Left Foot,Open Play,Half Volley,True,False,From Free Kick,61.8362,1,0,38.9,2.0351,1,South Africa
3920391,6a4f6236-95ad-4664-a390-3acdcfc294b3,2384,2,63,29,63.4833,4976,South Africa,65853,Evidence Makgopa,Left Center Forward,100.9,21.6,0.0134,Off T,Right Foot,Open Play,Normal,False,False,Regular Play,65.7549,0,0,58.4,1.3056,0,Mali
3920391,b26aedc6-c0e5-4e5f-a1e7-bfd22d9bb580,2454,2,65,49,65.8167,4930,Mali,105182,Lassine Sinayoko,Right Center Forward,113.4,49.7,0.2311,Goal,Right Foot,Open Play,Normal,True,False,From Counter,68.0897,1,0,30.3,2.2662,2,South Africa
3920391,42f2b4b4-d7fc-44c4-93ae-288a30a15f03,2631,2,70,39,70.65,4930,Mali,162132,Kamory Doumbia,Center Attacking Midfield,98.1,51.3,0.0256,Saved,Right Foot,Open Play,Normal,False,False,Regular Play,72.9233,0,0,28.7,2.2919,2,South Africa
3920391,3bbcce4a-4ba1-4c44-900d-bc6df45e485a,2677,2,72,11,72.1833,4976,South Africa,102722,Siyanda Xulu,Right Center Back,111.8,38.3,0.078,Off T,Head,Open Play,Normal,False,True,From Corner,74.4583,0,0,41.7,1.3836,0,Mali
3920391,937d7858-cff6-4a4b-9984-e7dc581fbf7e,3164,2,84,31,84.5167,4930,Mali,8774,Amadou Haïdara,Left Defensive Midfield,93.4,39.6,0.0358,Off T,Right Foot,Open Play,Normal,True,False,Regular Play,86.798,0,0,40.4,2.3277,2,South Africa
3920391,670492d7-e06d-4fe6-929b-819fdb774d51,3452,2,92,22,92.3667,4930,Mali,162132,Kamory Doumbia,Center Attacking Midfield,85.1,20.9,0.0078,Blocked,Right Foot,Open Play,Volley,True,False,From Throw In,94.6374,0,0,59.1,2.3355,2,South Africa
3920391,817e7523-7493-4a0b-a536-866507f2b0d0,3468,2,92,39,92.65,4930,Mali,408674,Aboubacar Traoré,Left Defensive Midfield,84.6,53.2,0.0065,Off T,Right Foot,Open Play,Normal,False,False,From Throw In,94.9263,0,0,26.8,2.342,2,South Africa
3920391,d9ebe84a-62bb-4c97-9880-6517db5fb2d9,3475,2,93,46,93.7667,4976,South Africa,66716,Teboho Mokoena,Right Defensive Midfield,80.1,38.6,0.0062,Saved to Post,Right Foot,Free Kick,Normal,False,False,From Free Kick,96.0436,0,0,41.4,1.3899,0,Mali
3920392,95616fc2-93c7-4466-b66a-219437e26f6a,256,1,6,26,6.4333,4932,Mauritania,23892,Aboubakary Koita,Center Attacking Midfield,85.4,38.1,0.0184,Saved,Right Foot,Open Play,Normal,False,False,From Free Kick,6.4492,0,0,41.9,0.0184,0,Burkina Faso
3920392,0d887cea-0907-4567-8527-b086195fc047,508,1,12,8,12.1333,4932,Mauritania,128053,Idrissa Thiam,Right Midfield,100.4,36.1,0.0668,Saved Off Target,Left Foot,Open Play,Half Volley,True,False,Regular Play,12.1493,0,0,43.9,0.0852,0,Burkina Faso
3920392,9e2fbef0-b9dd-4dd1-822c-22904baee312,611,1,16,9,16.15,4921,Burkina Faso,43920,Mohamed Konaté,Center Forward,111.0,44.9,0.0896,Saved,Head,Open Play,Normal,False,True,From Free Kick,16.1632,0,0,35.1,0.0896,0,Mauritania
3920392,3b1a657d-fdb0-4ccb-ba6c-4c7948984ea4,667,1,17,40,17.6667,4921,Burkina Faso,24411,Adama Guira,Right Defensive Midfield,100.6,43.7,0.0633,Off T,Right Foot,Open Play,Half Volley,False,False,From Keeper,17.6796,0,0,36.3,0.1529,0,Mauritania
3920392,f726e2cc-36c5-44c4-9cb8-b53b6080fc48,823,1,21,54,21.9,4932,Mauritania,102667,Hemeya Tanjy,Left Midfield,110.3,40.4,0.1212,Wayward,Head,Open Play,Normal,False,False,From Throw In,21.907,0,0,39.6,0.2064,0,Burkina Faso
3920392,ff00b258-914c-44df-9648-52a5d7c293ea,955,1,30,4,30.0667,4932,Mauritania,23892,Aboubakary Koita,Center Attacking Midfield,100.6,19.0,0.0103,Saved,Right Foot,Free Kick,Normal,False,False,From Free Kick,30.0758,0,0,61.0,0.2167,0,Burkina Faso
3920392,b2d9c2e7-5b6e-47ca-902c-79fb9042857a,995,1,31,12,31.2,4932,Mauritania,102667,Hemeya Tanjy,Left Midfield,100.0,50.3,0.061,Saved,Right Foot,Open Play,Half Volley,False,False,From Corner,31.2031,0,0,29.7,0.2777,0,Burkina Faso
3920392,5f2c8077-197f-4bbc-9161-858c9cbdbeb5,1046,1,33,46,33.7667,4932,Mauritania,102667,Hemeya Tanjy,Left Midfield,105.2,23.2,0.044,Off T,Left Foot,Open Play,Normal,False,False,Regular Play,33.7714,0,0,56.8,0.3217,0,Burkina Faso
3920392,7c642171-35fd-428d-8f40-5ca1533f1924,1285,1,41,8,41.1333,4921,Burkina Faso,225437,Stephane Aziz Ki,Center Attacking Midfield,100.7,57.8,0.0206,Wayward,Left Foot,Open Play,Normal,False,False,From Throw In,41.1338,0,0,22.2,0.1735,0,Mauritania
3920392,09d29ccc-fff2-471b-adc1-77abce1aea03,1360,1,43,42,43.7,4932,Mauritania,389294,Nouh Mohamed El Abd,Right Center Back,115.7,29.6,0.0398,Off T,Head,Open Play,Normal,False,False,From Corner,43.7111,0,0,50.4,0.3615,0,Burkina Faso
3920392,58212c7b-db4b-4038-ac0f-e87766ed9472,1644,2,48,48,48.8,4921,Burkina Faso,225437,Stephane Aziz Ki,Center Attacking Midfield,93.4,55.4,0.0217,Off T,Left Foot,Open Play,Normal,False,False,From Free Kick,53.5631,0,0,24.6,0.1952,0,Mauritania
3920392,ffe2d94a-86cf-413b-ad77-68a7b0314e8f,1696,2,50,9,50.15,4921,Burkina Faso,225437,Stephane Aziz Ki,Center Attacking Midfield,106.2,54.9,0.044,Blocked,Left Foot,Open Play,Normal,True,False,From Throw In,54.913,0,0,25.1,0.2391,0,Mauritania
3920392,3efac5a6-608a-4f4a-a24f-11704ca8b705,1721,2,51,24,51.4,4921,Burkina Faso,225437,Stephane Aziz Ki,Center Attacking Midfield,115.5,56.6,0.0123,Saved,Left Foot,Open Play,Half Volley,False,True,From Corner,56.1566,0,0,23.4,0.2515,0,Mauritania
3920392,c2226350-59b4-4f95-86ff-204f3d70f732,1860,2,56,6,56.1,4921,Burkina Faso,225437,Stephane Aziz Ki,Center Attacking Midfield,94.7,33.3,0.035,Off T,Left Foot,Open Play,Half Volley,True,True,From Throw In,60.862,0,0,46.7,0.2865,0,Mauritania
3920392,dd3e1638-f0db-4a69-bb6e-b7aad0850d7e,2366,2,76,43,76.7167,4932,Mauritania,416907,Sidi Bouna Sidi Amar,Right Midfield,101.7,31.2,0.0633,Saved,Right Foot,Open Play,Normal,False,False,From Free Kick,81.4734,0,0,48.8,0.4248,0,Burkina Faso
3920392,fe8e62a8-b5cd-4256-b1a1-21727c977ae1,2371,2,77,36,77.6,4932,Mauritania,7214,El-Hadji Ba,Left Center Midfield,112.7,40.4,0.0909,Off T,Head,Open Play,Normal,False,True,From Corner,82.3513,0,0,39.6,0.5157,0,Burkina Faso
3920392,85622c0a-923d-4a94-9125-775b3b686087,2413,2,79,27,79.45,4921,Burkina Faso,225437,Stephane Aziz Ki,Center Attacking Midfield,91.6,31.3,0.0143,Wayward,Left Foot,Open Play,Volley,True,False,From Corner,84.2018,0,0,48.7,0.3008,0,Mauritania
3920392,0bdac2c9-2826-42b8-852d-957361b47d8b,2481,2,81,22,81.3667,4921,Burkina Faso,2956,Bertrand Isidore Traoré,Right Wing,111.5,55.8,0.0247,Saved,Left Foot,Open Play,Normal,False,False,Regular Play,86.1259,0,0,24.2,0.3255,0,Mauritania
3920392,826f7d52-f1a6-48bc-8793-835979850c78,2669,2,86,4,86.0667,4921,Burkina Faso,2956,Bertrand Isidore Traoré,Right Wing,93.6,50.3,0.0276,Saved,Left Foot,Open Play,Normal,False,False,From Throw In,90.8199,0,0,29.7,0.3532,0,Mauritania
3920392,50e1925f-cf91-4321-b0bd-eb32fabc5310,2785,2,95,20,95.3333,4921,Burkina Faso,2956,Bertrand Isidore Traoré,Right Wing,108.1,40.1,0.7835,Goal,Left Foot,Penalty,Normal,False,False,Other,100.0832,1,1,39.9,1.1367,1,Mauritania
3920393,f514f16f-65b8-45be-84f1-5265f2c165df,126,1,3,57,3.95,777,Tunisia,128793,Taha Yassine Khenissi,Center Forward,114.3,45.4,0.0999,Saved,Head,Open Play,Normal,False,False,From Corner,3.9502,0,0,34.6,0.0999,0,Namibia
3920393,cfe3947a-976b-4db4-9407-e48ee2dc6053,234,1,6,24,6.4,4980,Namibia,65723,Peter Shalulile,Center Forward,107.5,42.6,0.1341,Saved,Right Foot,Open Play,Half Volley,True,False,From Free Kick,6.4155,0,0,37.4,0.1341,0,Tunisia
3920393,b4a39be6-af14-48ce-9797-82576599cc26,248,1,7,9,7.15,4980,Namibia,65723,Peter Shalulile,Center Forward,110.3,35.3,0.316,Saved,Right Foot,Open Play,Half Volley,True,False,Regular Play,7.1507,0,0,44.7,0.45,0,Tunisia
3920393,e125b60b-761a-4fa3-aa25-a025c500a718,251,1,7,11,7.1833,4980,Namibia,125333,Petrus Shitembi,Right Center Midfield,100.2,40.5,0.0843,Blocked,Right Foot,Open Play,Normal,True,False,Regular Play,7.1845,0,0,39.5,0.5343,0,Tunisia
3920393,e248ddb2-3a33-42e3-b711-5480f0973ce1,336,1,9,29,9.4833,777,Tunisia,105944,Wajdi Kechrida,Right Back,102.1,56.9,0.0333,Off T,Right Foot,Open Play,Normal,True,False,Regular Play,9.4975,0,0,23.1,0.1332,0,Namibia
3920393,6176c972-06d7-4f5e-b454-a50bfd1565f4,392,1,11,40,11.6667,4980,Namibia,264381,Kennedy Amutenya,Right Center Back,101.4,36.1,0.0291,Off T,Right Foot,Open Play,Volley,True,False,From Free Kick,11.6806,0,0,43.9,0.5634,0,Tunisia
3920393,e65cfefe-4e4c-4d3d-8668-c1785cc431e4,1501,1,48,6,48.1,4980,Namibia,65723,Peter Shalulile,Center Forward,104.7,16.0,0.0083,Off T,Right Foot,Open Play,Normal,False,False,From Throw In,48.1074,0,0,64.0,0.5717,0,Tunisia
3920393,9299bf21-b251-48e7-9128-3d910aafa2d5,1549,2,45,5,45.0833,777,Tunisia,35592,Anis Ben Slimane,Right Center Midfield,88.0,51.3,0.0117,Blocked,Right Foot,Open Play,Normal,False,False,From Kick Off,49.1931,0,0,28.7,0.1449,0,Namibia
3920393,9658615a-6618-4547-bc2b-20a31493fbb8,1556,2,45,40,45.6667,777,Tunisia,23910,Youssef Msakni,Right Wing,115.4,36.5,0.2062,Saved,Head,Open Play,Normal,False,True,From Corner,49.7804,0,0,43.5,0.3512,0,Namibia
3920393,aa89d72b-9ac4-43f4-9f88-db9f0b9dbedc,1733,2,49,33,49.55,4980,Namibia,65723,Peter Shalulile,Center Forward,113.2,43.1,0.3841,Blocked,Left Foot,Open Play,Half Volley,True,False,Regular Play,53.6638,0,0,36.9,0.9558,0,Tunisia
3920393,a6120438-1f98-46be-b552-4b32e0f694eb,1892,2,54,17,54.2833,777,Tunisia,51571,Haythem Jouini,Center Forward,112.1,31.9,0.1291,Off T,Left Foot,Open Play,Half Volley,False,True,From Throw In,58.3965,0,0,48.1,0.4803,0,Namibia
3920393,5524f32a-8735-4f76-8ff2-dc76eb94f213,2223,2,62,41,62.6833,4980,Namibia,65723,Peter Shalulile,Center Forward,110.7,40.6,0.0967,Blocked,Left Foot,Open Play,Normal,False,True,Regular Play,66.7967,0,0,39.4,1.0525,0,Tunisia
3920393,d30ec662-e90c-4ba9-a711-2ff9e00d1905,2268,2,64,57,64.95,777,Tunisia,23910,Youssef Msakni,Right Wing,97.6,53.9,0.0271,Blocked,Left Foot,Open Play,Normal,False,False,Regular Play,69.0596,0,0,26.1,0.5074,0,Namibia
3920393,8e1ed67a-ef4e-4d40-8a4e-23ebe9846b75,2320,2,66,17,66.2833,4980,Namibia,65723,Peter Shalulile,Center Forward,108.2,40.6,0.0896,Wayward,Head,Open Play,Normal,False,True,Regular Play,70.4049,0,0,39.4,1.1421,0,Tunisia
3920393,6504fc9a-0f7b-4742-aaaf-9d0060982dbe,2397,2,68,49,68.8167,777,Tunisia,23910,Youssef Msakni,Right Wing,113.9,38.1,0.1611,Off T,Head,Open Play,Normal,False,True,From Free Kick,72.9373,0,0,41.9,0.6685,0,Namibia
3920393,076a13f2-96f5-45e8-a520-a22c5778ba15,2663,2,79,3,79.05,777,Tunisia,23910,Youssef Msakni,Right Wing,113.7,45.3,0.0945,Saved,Head,Open Play,Normal,False,True,From Throw In,83.1602,0,0,34.7,0.763,0,Namibia
3920393,c0a4a930-c2c8-40ca-bf68-c8925bb2236a,2668,2,79,29,79.4833,777,Tunisia,23910,Youssef Msakni,Right Wing,113.3,39.2,0.1076,Off T,Head,Open Play,Normal,False,True,From Corner,83.5933,0,0,40.8,0.8707,0,Namibia
3920393,a2b4ccb3-d43e-4136-8e99-5da2f84f0bb9,2679,2,80,48,80.8,4980,Namibia,389319,Muzeu Bethuel,Center Attacking Midfield,97.1,36.8,0.0315,Off T,Right Foot,Open Play,Half Volley,True,True,From Free Kick,84.9122,0,0,43.2,1.1736,0,Tunisia
3920393,37d44a8d-d0d1-43e4-9676-9e2213d30019,2799,2,85,36,85.6,4980,Namibia,64612,Deon Hotto Kavendji,Right Wing,106.5,65.1,0.0077,Saved,Left Foot,Free Kick,Normal,False,False,From Free Kick,89.7201,0,0,14.9,1.1813,0,Tunisia
3920393,899ffe9c-d215-4512-bcae-42ee8d0c8d14,2809,2,85,57,85.95,4980,Namibia,264381,Kennedy Amutenya,Right Center Back,108.1,34.2,0.0731,Blocked,Right Foot,Open Play,Volley,True,True,From Corner,90.0577,0,0,45.8,1.2544,0,Tunisia
3920393,18fbd913-b8ad-4a5f-94c5-48c0c01225eb,2817,2,86,51,86.85,4980,Namibia,136406,Aprocious Petrus,Right Defensive Midfield,108.2,47.1,0.0839,Blocked,Left Foot,Open Play,Half Volley,True,False,From Corner,90.9707,0,0,32.9,1.3383,0,Tunisia
3920393,e2353525-dfcd-4ea9-8f55-7550cd76b977,2831,2,87,53,87.8833,4980,Namibia,64612,Deon Hotto Kavendji,Right Wing,114.5,44.1,0.2718,Goal,Head,Open Play,Normal,False,False,From Corner,91.999,1,0,35.9,1.6101,1,Tunisia
3920394,aad4319f-18ad-48de-af64-0e21ac08a5e9,373,1,8,56,8.9333,788,Morocco,6301,Youssef En-Nesyri,Center Forward,108.7,40.2,0.1949,Off T,Left Foot,Open Play,Half Volley,True,True,Regular Play,8.9454,0,0,39.8,0.1949,0,Tanzania
3920394,c696dac5-7b39-401f-b6d2-76aba9345b53,1172,1,29,8,29.1333,788,Morocco,5237,Hakim Ziyech,Right Midfield,90.9,56.7,0.0085,Saved,Left Foot,Free Kick,Normal,False,False,From Free Kick,29.1466,0,0,23.3,0.2034,0,Tanzania
3920394,bdb98560-19c4-4c78-9dd4-da3196ddd553,1175,1,29,10,29.1667,788,Morocco,5219,Romain Saïss,Left Center Back,112.6,36.8,0.4062,Goal,Left Foot,Open Play,Half Volley,True,False,From Free Kick,29.1779,1,0,43.2,0.6096,1,Tanzania
3920394,de2ccd5e-f41d-4050-b944-1fb7df0139f6,1217,1,32,29,32.4833,788,Morocco,6301,Youssef En-Nesyri,Center Forward,117.3,43.3,0.2992,Off T,Head,Open Play,Normal,False,True,From Free Kick,32.4847,0,0,36.7,0.9088,1,Tanzania
3920394,67c4490f-2dfe-4a6d-a94c-34f07d054bef,1320,1,35,31,35.5167,788,Morocco,5237,Hakim Ziyech,Right Midfield,103.2,56.3,0.0443,Saved,Left Foot,Open Play,Normal,True,False,From Free Kick,35.5258,0,0,23.7,0.953,1,Tanzania
3920394,b007fa62-9061-4df2-b605-cb9dd05d99f6,1324,1,36,35,36.5833,788,Morocco,6301,Youssef En-Nesyri,Center Forward,109.3,36.6,0.0391,Blocked,Head,Open Play,Normal,False,False,From Corner,36.5834,0,0,43.4,0.9921,1,Tanzania
3920394,4a00a5e6-ab55-47e6-8f2a-ba3bcffff5b6,1406,1,38,16,38.2667,788,Morocco,149714,Abdessamad Ezzalzouli,Left Midfield,112.1,28.8,0.1757,Off T,Left Foot,Open Play,Normal,False,False,From Free Kick,38.2748,0,0,51.2,1.1678,1,Tanzania
3920394,6c028659-e587-42fa-9927-a9ec5edafe1d,1685,1,44,23,44.3833,788,Morocco,5237,Hakim Ziyech,Right Midfield,101.5,55.1,0.0294,Blocked,Left Foot,Open Play,Normal,False,False,From Throw In,44.3974,0,0,24.9,1.1971,1,Tanzania
3920394,a9308896-ea7e-4081-bd39-d2dd20a163b6,1865,2,45,56,45.9333,4953,Tanzania,136055,Novatus Dismas Miroshi,Left Defensive Midfield,80.0,33.5,0.0054,Off T,Left Foot,Open Play,Normal,False,False,From Throw In,48.9927,0,0,46.5,0.0054,0,Morocco
3920394,2d5e3489-b5b1-46d6-b7d7-35ea6537a5ef,1928,2,47,48,47.8,4953,Tanzania,105766,Mohamed Hussein Mohamed,Left Back,87.0,27.7,0.0065,Wayward,Left Foot,Open Play,Normal,False,True,Regular Play,50.86,0,0,52.3,0.0119,0,Morocco
3920394,dfd31289-d7ad-4530-af71-58e12129bc0d,1984,2,50,3,50.05,788,Morocco,6301,Youssef En-Nesyri,Center Forward,113.4,37.5,0.3682,Off T,Left Foot,Open Play,Half Volley,True,False,Regular Play,53.1068,0,0,42.5,1.5653,1,Tanzania
3920394,eec1f544-3c56-4b20-9e30-b4fe704d7296,2501,2,65,59,65.9833,788,Morocco,46258,Azzedine Ounahi,Right Center Midfield,104.1,18.0,0.0084,Off T,Right Foot,Open Play,Normal,False,False,Regular Play,69.035,0,0,62.0,1.5737,1,Tanzania
3920394,0072b103-639d-4294-b98c-d2434b63b4db,2818,2,76,42,76.7,788,Morocco,46258,Azzedine Ounahi,Right Center Midfield,102.8,42.2,0.0966,Goal,Right Foot,Open Play,Normal,True,False,From Throw In,79.7587,1,0,37.8,1.6703,2,Tanzania
3920394,9e47f606-4202-4700-bf66-34b4e0f0ab54,2874,2,79,12,79.2,788,Morocco,6301,Youssef En-Nesyri,Center Forward,111.1,37.8,0.2695,Goal,Left Foot,Open Play,Half Volley,True,False,Regular Play,82.2592,1,0,42.2,1.9398,3,Tanzania
3920394,2b079d99-5818-4067-9b7f-f02857d82f73,3290,2,90,54,90.9,788,Morocco,33401,Amine Adli,Right Midfield,100.0,24.8,0.0297,Saved,Left Foot,Open Play,Normal,False,False,Regular Play,93.9602,0,0,55.2,1.9695,3,Tanzania
3920394,a30da1cf-0db3-4d54-a815-bc2ff6bac174,3293,2,90,56,90.9333,788,Morocco,156734,Bilal El Khannous,Left Center Midfield,115.5,30.9,0.2828,Saved,Left Foot,Open Play,Normal,True,False,Regular Play,93.9955,0,0,49.1,2.2522,3,Tanzania
3920394,9baa49eb-7bae-4dca-a55e-56e9ea781305,3421,2,96,7,96.1167,788,Morocco,5245,Achraf Hakimi Mouh,Right Back,117.4,48.9,0.048,Wayward,Head,Open Play,Normal,False,False,From Free Kick,99.1714,0,0,31.1,2.3003,3,Tanzania
3920395,790e5f4d-6510-4b56-97de-5c95a716f300,117,1,3,9,3.15,4881,Congo DR,3130,Gaël Kakuta,Center Attacking Midfield,100.6,55.7,0.0233,Blocked,Right Foot,Open Play,Half Volley,False,False,From Throw In,3.1622,0,0,24.3,0.0233,0,Zambia
3920395,13ba761b-c0d8-40ff-b24e-2851de2d0cce,155,1,3,52,3.8667,4881,Congo DR,28415,Charles Pickel,Right Defensive Midfield,104.2,47.9,0.0402,Off T,Right Foot,Open Play,Normal,True,True,From Throw In,3.8668,0,0,32.1,0.0635,0,Zambia
3920395,bf686326-f2e0-4ffa-9303-5d85e79dd251,561,1,15,19,15.3167,4881,Congo DR,23785,Théo Bongonda Mbul'Ofeko Batombo,Right Wing,99.0,32.5,0.0329,Wayward,Left Foot,Open Play,Half Volley,True,True,From Corner,15.3226,0,0,47.5,0.0963,0,Zambia
3920395,984db63d-b4ea-48a9-aced-4f9524b1fc41,622,1,16,32,16.5333,4881,Congo DR,6862,Cédric Bakambu,Center Forward,115.1,51.7,0.0256,Blocked,Right Foot,Open Play,Normal,False,True,Regular Play,16.5481,0,0,28.3,0.1219,0,Zambia
3920395,a8c72703-2532-449d-a198-dfb5ba45549a,851,1,22,22,22.3667,4963,Zambia,44402,Kings Kangwa,Right Center Midfield,89.3,63.4,0.0125,Goal,Right Foot,Open Play,Lob,True,False,From Throw In,22.3745,1,0,16.6,0.0125,1,Congo DR
3920395,7b7b246b-a5a0-42f3-9115-0da25f6dfc79,949,1,26,40,26.6667,4881,Congo DR,7294,Yoane Wissa,Left Wing,117.4,41.2,0.9298,Goal,Right Foot,Open Play,Normal,True,False,From Free Kick,26.6716,1,0,38.8,1.0518,1,Zambia
3920395,a5ce0116-640d-4c38-8d1c-55bc4040bce7,997,1,29,48,29.8,4881,Congo DR,6862,Cédric Bakambu,Center Forward,111.0,35.2,0.162,Saved,Right Foot,Open Play,Volley,True,False,From Throw In,29.806,0,0,44.8,1.2137,1,Zambia
3920395,07e3b508-6162-4f38-834b-dcdb643c861b,1000,1,29,49,29.8167,4881,Congo DR,7294,Yoane Wissa,Left Wing,111.4,30.2,0.1687,Blocked,Right Foot,Open Play,Normal,True,False,From Throw In,29.8292,0,0,49.8,1.3825,1,Zambia
3920395,1d3d50e1-9662-4388-82dd-e404b5f0a4f8,1175,1,35,10,35.1667,4881,Congo DR,30193,Gedeon Kalulu Kyatengwa,Right Back,102.3,34.1,0.0618,Off T,Left Foot,Open Play,Normal,False,False,From Free Kick,35.1758,0,0,45.9,1.4443,1,Zambia
3920395,96e94775-b6b3-4f32-9120-0f5bdef7cc15,1206,1,36,16,36.2667,4963,Zambia,8785,Patson Daka,Center Forward,104.5,43.6,0.0545,Off T,Right Foot,Open Play,Volley,True,True,From Goal Kick,36.2753,0,0,36.4,0.067,1,Congo DR
3920395,b54e30b9-b092-4069-a663-272f137997c1,1284,1,39,29,39.4833,4881,Congo DR,23785,Théo Bongonda Mbul'Ofeko Batombo,Right Wing,101.3,56.2,0.024,Blocked,Left Foot,Open Play,Normal,False,True,From Counter,39.4946,0,0,23.8,1.4683,1,Zambia
3920395,cd950d59-443e-4db9-823e-de442255f3c0,1291,1,40,10,40.1667,4881,Congo DR,3587,Arthur Masuaku,Left Back,95.5,26.8,0.0137,Blocked,Left Foot,Open Play,Half Volley,False,False,From Corner,40.1728,0,0,53.2,1.482,1,Zambia
3920395,c94e3382-3596-45e4-93d2-3c71e20c7ff5,1496,1,43,52,43.8667,4881,Congo DR,7294,Yoane Wissa,Left Wing,104.1,22.5,0.0262,Off T,Right Foot,Open Play,Half Volley,False,False,From Throw In,43.8781,0,0,57.5,1.5083,1,Zambia
3920395,ae7cca6f-4f39-4de5-928f-f0f8458581e5,1666,2,45,25,45.4167,4881,Congo DR,6862,Cédric Bakambu,Center Forward,114.2,31.6,0.0977,Off T,Right Foot,Open Play,Half Volley,True,True,From Counter,49.4405,0,0,48.4,1.6059,1,Zambia
3920395,6ae1a4d9-d81c-494c-85a6-889eca5008da,1713,2,46,45,46.75,4881,Congo DR,3130,Gaël Kakuta,Center Attacking Midfield,112.4,43.0,0.1223,Off T,Left Foot,Open Play,Overhead Kick,True,True,From Throw In,50.7853,0,0,37.0,1.7282,1,Zambia
3920395,7952c45b-4956-424e-9766-b56baffa37d5,1801,2,50,12,50.2,4963,Zambia,44402,Kings Kangwa,Center Attacking Midfield,104.2,55.0,0.0295,Blocked,Right Foot,Open Play,Half Volley,False,True,From Throw In,54.2332,0,0,25.0,0.0964,1,Congo DR
3920395,5cd83481-f3a1-4a11-880b-e6d7603ebc40,1810,2,50,22,50.3667,4881,Congo DR,6862,Cédric Bakambu,Center Forward,106.7,55.4,0.064,Off T,Right Foot,Open Play,Normal,True,False,From Counter,54.3995,0,0,24.6,1.7923,1,Zambia
3920395,afe7564a-9311-45e8-a3a0-aecd7fdb684f,1859,2,52,38,52.6333,4881,Congo DR,3130,Gaël Kakuta,Center Attacking Midfield,95.8,62.9,0.0068,Saved,Left Foot,Open Play,Normal,False,True,From Throw In,56.662,0,0,17.1,1.7991,1,Zambia
3920395,af752471-b385-4ea6-bc5f-4a73fe9df723,1929,2,54,3,54.05,4881,Congo DR,3130,Gaël Kakuta,Center Attacking Midfield,95.0,46.0,0.0322,Off T,Left Foot,Open Play,Normal,True,False,Regular Play,58.0709,0,0,34.0,1.8313,1,Zambia
3920395,463185a4-884f-45bc-b870-9668f143e2ef,1937,2,55,58,55.9667,4881,Congo DR,3587,Arthur Masuaku,Left Back,90.6,45.7,0.0384,Saved,Left Foot,Free Kick,Normal,False,False,From Free Kick,59.9872,0,0,34.3,1.8697,1,Zambia
3920395,779f2f6e-d880-428e-89b2-2e54a7417f46,1998,2,57,28,57.4667,4881,Congo DR,7294,Yoane Wissa,Left Wing,98.6,23.9,0.0265,Off T,Right Foot,Open Play,Normal,False,False,From Throw In,61.4883,0,0,56.1,1.8962,1,Zambia
3920395,2fc2abd4-79b1-4684-8bf6-2d8de85e005d,2186,2,65,59,65.9833,4881,Congo DR,3130,Gaël Kakuta,Center Attacking Midfield,114.7,50.0,0.0478,Saved,Left Foot,Open Play,Backheel,True,False,From Corner,70.0142,0,0,30.0,1.944,1,Zambia
3920395,ea65536d-89ec-4eb0-bd39-1766780c754c,2372,2,70,41,70.6833,4881,Congo DR,23785,Théo Bongonda Mbul'Ofeko Batombo,Center Attacking Midfield,102.0,44.6,0.0804,Blocked,Left Foot,Open Play,Normal,False,False,From Throw In,74.7078,0,0,35.4,2.0244,1,Zambia
3920395,1701fa17-e5d6-45de-a9e9-e5f13b500a83,2429,2,72,46,72.7667,4881,Congo DR,23785,Théo Bongonda Mbul'Ofeko Batombo,Center Attacking Midfield,95.6,24.9,0.021,Off T,Right Foot,Open Play,Normal,False,False,From Throw In,76.7887,0,0,55.1,2.0454,1,Zambia
3920395,73de8ce5-8912-4126-855a-fe0bf0733f44,2600,2,77,26,77.4333,4881,Congo DR,7294,Yoane Wissa,Left Wing,104.7,32.4,0.0587,Saved,Right Foot,Open Play,Half Volley,True,False,Regular Play,81.4621,0,0,47.6,2.1041,1,Zambia
3920395,8a0edfd5-d702-4d7b-bee7-d0f3c70ac201,2770,2,84,25,84.4167,4881,Congo DR,3587,Arthur Masuaku,Left Back,97.3,53.5,0.0571,Off T,Left Foot,Free Kick,Normal,False,False,From Free Kick,88.4373,0,0,26.5,2.1612,1,Zambia
3920395,783c821e-99ce-484d-9d8f-78344233bf6e,2820,2,85,51,85.85,4881,Congo DR,24826,Simon Bokote Banza,Center Forward,108.2,45.5,0.1537,Saved,Left Foot,Open Play,Half Volley,False,False,Regular Play,89.8757,0,0,34.5,2.3148,1,Zambia
3920395,6fc27d35-0b49-4ff6-9a44-cba9d9aff76f,2872,2,87,53,87.8833,4881,Congo DR,7294,Yoane Wissa,Right Wing,113.4,45.7,0.0994,Blocked,Right Foot,Open Play,Backheel,True,True,From Throw In,91.9182,0,0,34.3,2.4142,1,Zambia
3920395,0f3d704a-a017-475f-8aac-5e0e8da24649,2979,2,91,45,91.75,4881,Congo DR,28415,Charles Pickel,Right Defensive Midfield,96.8,47.5,0.042,Blocked,Right Foot,Open Play,Normal,False,False,From Goal Kick,95.7748,0,0,32.5,2.4562,1,Zambia
3920395,b00eb82c-b422-4961-ba06-f9bdf3cf6cc4,3014,2,93,18,93.3,4881,Congo DR,13329,Silas Katompa Mvumpa,Right Wing,115.4,46.2,0.2261,Off T,Right Foot,Open Play,Normal,True,True,From Throw In,97.335,0,0,33.8,2.6823,1,Zambia
3920396,5281e3f7-11fa-4aba-802e-2edca3e05911,102,1,2,40,2.6667,4885,Ghana,17033,Mohammed Kudus,Center Attacking Midfield,91.3,30.1,0.0218,Saved Off Target,Left Foot,Open Play,Normal,False,False,Regular Play,2.6724,0,0,49.9,0.0218,0,Egypt
3920396,837531c5-e89a-4923-8dcd-148c48a5e4aa,1371,1,42,42,42.7,774,Egypt,67742,Emam Ashour Metwally Abdelghany,Left Center Midfield,107.0,23.2,0.0349,Saved,Right Foot,Open Play,Normal,False,False,From Free Kick,42.7116,0,0,56.8,0.0349,0,Ghana
3920396,64bf654a-3837-475f-97ea-60d95ddbd7db,1514,1,47,29,47.4833,4885,Ghana,17033,Mohammed Kudus,Center Attacking Midfield,97.4,34.4,0.0533,Goal,Left Foot,Open Play,Normal,False,True,From Throw In,47.4969,1,0,45.6,0.0751,1,Egypt
3920396,6eb092b6-7d5b-4e19-a2ee-727b7fbb6d6c,1791,2,49,18,49.3,4885,Ghana,17033,Mohammed Kudus,Center Attacking Midfield,101.3,35.0,0.0569,Off T,Right Foot,Open Play,Volley,True,False,From Corner,54.2353,0,0,45.0,0.132,1,Egypt
3920396,10131764-37af-48cd-997f-59582f76e522,1987,2,57,8,57.1333,774,Egypt,40761,Omar Marmoush,Left Wing,104.4,58.8,0.0093,Saved,Right Foot,Open Play,Normal,False,True,Regular Play,62.0608,0,0,21.2,0.0442,0,Ghana
3920396,ad59fa45-93be-468e-831a-e98fe569a3c9,1991,2,57,39,57.65,774,Egypt,69563,Mohamed Abdelmonem,Left Center Back,114.3,50.4,0.0383,Off T,Head,Open Play,Normal,False,False,From Corner,62.5924,0,0,29.6,0.0826,0,Ghana
3920396,32ae27b7-213a-4595-b888-9226e7936898,2023,2,60,2,60.0333,774,Egypt,66887,Hamdi Fathi,Right Center Midfield,109.6,45.9,0.0678,Blocked,Right Foot,Open Play,Normal,True,False,From Throw In,64.9712,0,0,34.1,0.1503,0,Ghana
3920396,79bd9b07-25ee-4308-b41b-db9502700da9,2222,2,64,14,64.2333,774,Egypt,40761,Omar Marmoush,Left Wing,104.3,24.1,0.0359,Off T,Right Foot,Open Play,Normal,False,False,From Counter,69.1704,0,0,55.9,0.1862,0,Ghana
3920396,0d2a5107-2687-4958-9bcc-cde504f3303d,2275,2,65,58,65.9667,4885,Ghana,9286,Antoine Semenyo,Center Forward,104.4,53.1,0.0378,Saved,Left Foot,Open Play,Normal,False,False,From Counter,70.9028,0,0,26.9,0.1698,1,Egypt
3920396,21cc7857-26e5-42b7-8ad8-ee670bf469ce,2372,2,68,34,68.5667,774,Egypt,40761,Omar Marmoush,Left Center Forward,113.9,27.9,0.4914,Goal,Left Foot,Open Play,Normal,False,False,Regular Play,73.5016,1,0,52.1,0.6777,1,Ghana
3920396,42a41c86-0730-4d6a-9b67-4242e7922bac,2402,2,70,16,70.2667,4885,Ghana,17033,Mohammed Kudus,Center Attacking Midfield,107.0,55.9,0.0429,Goal,Left Foot,Open Play,Normal,False,False,From Throw In,75.1977,1,0,24.1,0.2127,2,Egypt
3920396,4c9727f1-b00d-4f3c-8381-941283ad0979,2467,2,73,43,73.7167,774,Egypt,66886,Mostafa Mohamed Ahmed Abdallah,Right Center Forward,113.2,36.2,0.3766,Goal,Right Foot,Open Play,Normal,True,False,From Free Kick,78.6529,1,0,43.8,1.0543,2,Ghana
3920396,3d3b34fd-1237-4a25-81de-f666a54ecc34,2788,2,85,6,85.1,774,Egypt,66886,Mostafa Mohamed Ahmed Abdallah,Center Forward,96.4,45.1,0.0349,Blocked,Right Foot,Open Play,Normal,False,True,From Free Kick,90.0306,0,0,34.9,1.0892,2,Ghana
3920396,a5ec19da-ee9f-4fe3-912c-176be0024fe4,2800,2,85,21,85.35,774,Egypt,5261,Mahmoud Ibrahim Hassan,Left Center Midfield,99.3,53.0,0.018,Blocked,Right Foot,Open Play,Normal,False,False,From Free Kick,90.2794,0,0,27.0,1.1072,2,Ghana
3920396,8637ffd3-ec45-4967-830e-948e77edf856,2897,2,87,43,87.7167,774,Egypt,40761,Omar Marmoush,Left Wing,96.0,29.4,0.03,Off T,Right Foot,Open Play,Normal,False,False,Regular Play,92.6504,0,0,50.6,1.1371,2,Ghana
3920396,7624157d-d08f-4a83-9b54-db642af7b36c,3107,2,95,45,95.75,774,Egypt,67742,Emam Ashour Metwally Abdelghany,Left Center Midfield,104.4,29.8,0.0665,Saved,Right Foot,Open Play,Normal,False,True,From Keeper,100.6934,0,0,50.2,1.2036,2,Ghana
3920396,9a0ae2bf-3205-48cc-a8a5-ad1a562a28c4,3118,2,96,50,96.8333,4885,Ghana,24087,Iddrisu Baba Mohammed,Right Defensive Midfield,113.5,42.7,0.2133,Off T,Head,Open Play,Normal,False,True,From Corner,101.7718,0,0,37.3,0.4259,2,Egypt
3920397,fe5ed635-7271-4dc7-a35b-9afef5d86939,77,1,0,48,0.8,4894,Guinea-Bissau,12064,Mama Samba Baldé,Left Wing,93.3,28.6,0.026,Off T,Right Foot,Open Play,Normal,False,False,From Kick Off,0.8156,0,0,51.4,0.026,0,Equatorial Guinea
3920397,602f85d3-0acc-483c-9f59-1b86ee52e561,610,1,14,47,14.7833,4992,Equatorial Guinea,105762,José Antonio Miranda Boacho,Left Wing,95.9,23.5,0.0188,Saved,Right Foot,Open Play,Normal,False,True,Regular Play,14.7992,0,0,56.5,0.0188,0,Guinea-Bissau
3920397,0420d0d0-a5f4-4ca0-97e3-d96e026a578d,735,1,20,36,20.6,4992,Equatorial Guinea,13581,Emilio Nsue López,Center Forward,105.9,33.1,0.4345,Goal,Right Foot,Open Play,Normal,True,False,From Counter,20.6072,1,0,46.9,0.4533,1,Guinea-Bissau
3920397,43c55bfa-c163-4e30-8e3b-5795e01abb21,1063,1,35,42,35.7,4894,Guinea-Bissau,41052,Fali Candé,Left Back,93.1,57.8,0.0086,Blocked,Left Foot,Free Kick,Normal,False,False,From Free Kick,35.7024,0,0,22.2,0.0346,0,Equatorial Guinea
3920397,ebe33f26-7f5c-40b4-b177-9f01c3d0bb21,1277,1,46,7,46.1167,4992,Equatorial Guinea,34845,Federico Bikoro Akieme Nchama,Right Defensive Midfield,93.2,43.0,0.0323,Blocked,Left Foot,Open Play,Normal,False,True,Regular Play,46.1248,0,0,37.0,0.4856,1,Guinea-Bissau
3920397,f2053f3f-66de-47d1-9999-28a4f922247e,1334,1,48,43,48.7167,4894,Guinea-Bissau,25056,Marcelo Amado Djaló Taritolay,Right Center Back,112.6,49.0,0.042,Blocked,Right Foot,Open Play,Backheel,True,False,From Corner,48.7169,0,0,31.0,0.0765,0,Equatorial Guinea
3920397,1c05107b-6d78-4436-889a-c158c5fd9426,1464,2,45,18,45.3,4894,Guinea-Bissau,43007,Mauro Daniel Rodrigues Teixeira,Right Wing,104.1,55.5,0.054,Off T,Right Foot,Open Play,Normal,False,False,From Kick Off,51.3326,0,0,24.5,0.1305,0,Equatorial Guinea
3920397,b8a59cef-03df-4adf-965d-48b37fce34ba,1468,2,45,44,45.7333,4992,Equatorial Guinea,105762,José Antonio Miranda Boacho,Left Wing,100.8,43.4,0.1514,Goal,Right Foot,Open Play,Half Volley,True,False,From Goal Kick,51.765,1,0,36.6,0.637,2,Guinea-Bissau
3920397,5166fd84-dbb5-49ba-bfd7-8c5962d66a4b,1570,2,49,32,49.5333,4894,Guinea-Bissau,12064,Mama Samba Baldé,Left Wing,109.3,39.9,0.0447,Blocked,Head,Open Play,Normal,False,True,From Corner,55.56,0,0,40.1,0.1753,0,Equatorial Guinea
3920397,ea8be22f-ca1e-49e4-9250-7685643e1b56,1576,2,49,34,49.5667,4894,Guinea-Bissau,143863,Franculino Gluda Djú,Center Forward,112.8,51.3,0.15,Off T,Left Foot,Open Play,Half Volley,False,True,From Corner,55.6026,0,0,28.7,0.3253,0,Equatorial Guinea
3920397,5fc9a30f-e556-4672-b587-f35b771bb006,1600,2,50,28,50.4667,4992,Equatorial Guinea,13581,Emilio Nsue López,Center Forward,115.6,46.4,0.6052,Goal,Right Foot,Open Play,Volley,True,False,From Goal Kick,56.5012,1,0,33.6,1.2422,3,Guinea-Bissau
3920397,28b0f48a-6ee8-4efb-8e8a-1273ba7f89c6,1823,2,58,45,58.75,4992,Equatorial Guinea,105762,José Antonio Miranda Boacho,Left Wing,92.2,38.8,0.0272,Blocked,Right Foot,Open Play,Normal,True,False,From Free Kick,64.7791,0,0,41.2,1.2694,3,Guinea-Bissau
3920397,ba184880-7dd5-403d-8c6a-a771092f3950,1842,2,59,57,59.95,4992,Equatorial Guinea,23559,José Ndong Machín Dicombo,Center Attacking Midfield,85.2,43.3,0.0192,Saved,Right Foot,Free Kick,Normal,False,False,From Free Kick,65.9896,0,0,36.7,1.2886,3,Guinea-Bissau
3920397,a770fcfe-26c4-46b1-8fff-86debee56e6e,1895,2,60,47,60.7833,4992,Equatorial Guinea,13581,Emilio Nsue López,Center Forward,113.9,28.1,0.4889,Goal,Left Foot,Open Play,Normal,False,False,Regular Play,66.8084,1,0,51.9,1.7775,4,Guinea-Bissau
3920397,694d27bc-2d83-4c77-ba56-875017afdf21,2035,2,68,43,68.7167,4894,Guinea-Bissau,391434,Marciano Sanca Tchami,Right Wing,103.0,41.6,0.4143,Saved,Right Foot,Open Play,Normal,False,False,Regular Play,74.7426,0,0,38.4,0.7396,0,Equatorial Guinea
3920397,2df80f07-14cf-4840-aeb8-48bb63ec749e,2081,2,69,39,69.65,4894,Guinea-Bissau,10323,Alfa Semedo Esteves,Right Center Midfield,93.4,50.1,0.0235,Off T,Left Foot,Open Play,Normal,False,False,From Throw In,75.6883,0,0,29.9,0.7631,0,Equatorial Guinea
3920397,d0e8e4cf-73b2-45ef-a49e-ee5fd0f30fdf,2178,2,73,54,73.9,4894,Guinea-Bissau,43007,Mauro Daniel Rodrigues Teixeira,Left Wing,104.1,20.8,0.007,Blocked,Right Foot,Open Play,Normal,False,True,From Corner,79.9369,0,0,59.2,0.7701,0,Equatorial Guinea
3920397,9e300259-c56a-4fb0-8229-7369c786dacf,2343,2,80,20,80.3333,4894,Guinea-Bissau,10323,Alfa Semedo Esteves,Right Center Midfield,101.1,48.6,0.0214,Off T,Right Foot,Open Play,Overhead Kick,False,True,From Throw In,86.3626,0,0,31.4,0.7915,0,Equatorial Guinea
3920397,21f43722-785d-4104-922b-5c9675515d94,2730,2,92,17,92.2833,4894,Guinea-Bissau,380983,José Correia,Center Forward,114.4,46.3,0.2197,Goal,Left Foot,Open Play,Half Volley,False,True,Regular Play,98.3197,1,0,33.7,1.0112,1,Equatorial Guinea
3920397,6395890f-63df-453c-a2cc-870c0de5402b,2794,2,95,19,95.3167,4894,Guinea-Bissau,32433,Jefferson Anilson Silva Encada,Right Back,91.4,51.0,0.0232,Saved,Right Foot,Open Play,Normal,False,False,From Corner,101.3451,0,0,29.0,1.0344,1,Equatorial Guinea
3920398,7721aeb2-d62e-41b9-b88d-4ddfde4e47be,128,1,3,5,3.0833,775,Nigeria,24467,Frank Onyeka,Right Defensive Midfield,94.4,37.3,0.0343,Off T,Right Foot,Open Play,Normal,True,False,From Free Kick,3.0934,0,0,42.7,0.0343,0,Côte d'Ivoire
3920398,0d1cdfbd-b796-4da0-9f7c-1bffef479389,269,1,6,45,6.75,3374,Côte d'Ivoire,12496,Christian Kouamé,Right Wing,110.3,40.5,0.0883,Off T,Head,Open Play,Normal,False,True,From Throw In,6.7514,0,0,39.5,0.0883,0,Nigeria
3920398,63d646c5-f344-4a47-8676-ddbebb623eab,293,1,7,27,7.45,775,Nigeria,11277,Victor James Osimhen,Center Forward,105.8,30.8,0.1892,Off T,Left Foot,Open Play,Half Volley,False,True,From Goal Kick,7.4608,0,0,49.2,0.2235,0,Côte d'Ivoire
3920398,17f14009-68c8-41c6-9943-83d64507bf66,303,1,8,1,8.0167,3374,Côte d'Ivoire,12496,Christian Kouamé,Right Wing,111.1,50.7,0.1618,Saved,Left Foot,Open Play,Volley,True,False,From Goal Kick,8.0174,0,0,29.3,0.2501,0,Nigeria
3920398,cf31c72c-6e3f-4a33-a7e6-2d18dac411fa,388,1,12,10,12.1667,775,Nigeria,43779,Calvin Bassey Ughelumba,Left Center Back,113.2,36.8,0.1578,Wayward,Head,Open Play,Normal,False,False,From Corner,12.1778,0,0,43.2,0.3813,0,Côte d'Ivoire
3920398,d861092f-ea4c-4f9a-a1d6-6dafb54f1306,456,1,14,41,14.6833,3374,Côte d'Ivoire,7713,Obite Evan Ndicka,Left Center Back,104.6,38.7,0.0815,Saved,Left Foot,Open Play,Half Volley,True,False,From Free Kick,14.6988,0,0,41.3,0.3316,0,Nigeria
3920398,7c7623a0-3d4b-46b5-af89-57216aaac2c1,692,1,21,45,21.75,775,Nigeria,11277,Victor James Osimhen,Center Forward,103.6,42.0,0.0215,Blocked,Right Foot,Open Play,Overhead Kick,True,False,From Throw In,21.7515,0,0,38.0,0.4028,0,Côte d'Ivoire
3920398,ee493508-64af-4251-8e00-6f386b52612b,724,1,22,14,22.2333,775,Nigeria,16335,Samuel Chimerenka Chukwueze,Right Wing,104.8,36.7,0.0512,Blocked,Left Foot,Open Play,Half Volley,False,False,Regular Play,22.2356,0,0,43.3,0.454,0,Côte d'Ivoire
3920398,261a163e-ffb6-4821-b00c-49d67e7e3ca1,732,1,22,53,22.8833,775,Nigeria,3447,Ademola Lookman,Left Wing,96.7,32.6,0.0251,Wayward,Right Foot,Open Play,Volley,True,False,From Corner,22.8937,0,0,47.4,0.4792,0,Côte d'Ivoire
3920398,0a0af630-2fb1-4ede-bc8a-1685eb1fba07,876,1,30,35,30.5833,3374,Côte d'Ivoire,7791,Seko Fofana,Right Center Midfield,84.8,30.2,0.0055,Saved,Right Foot,Open Play,Normal,False,False,From Throw In,30.5927,0,0,49.8,0.3371,0,Nigeria
3920398,7378e441-a5d2-4cc8-86fd-35942718335f,964,1,33,36,33.6,3374,Côte d'Ivoire,7791,Seko Fofana,Right Center Midfield,79.8,34.3,0.0062,Blocked,Right Foot,Open Play,Normal,False,False,From Throw In,33.6112,0,0,45.7,0.3433,0,Nigeria
3920398,859c2ead-8ad8-4278-9c55-5fd03753db8d,1173,1,41,1,41.0167,3374,Côte d'Ivoire,43072,Jean-Philippe Krasso,Center Forward,109.6,35.6,0.0465,Wayward,Head,Open Play,Normal,False,True,Regular Play,41.0319,0,0,44.4,0.3899,0,Nigeria
3920398,976a0aa7-2948-4e26-84c9-7af81d66839c,1312,1,44,40,44.6667,775,Nigeria,31949,Zaidu Sanusi,Left Wing Back,101.1,26.9,0.0307,Off T,Left Foot,Open Play,Half Volley,True,False,From Corner,44.6672,0,0,53.1,0.5099,0,Côte d'Ivoire
3920398,759d3c44-bb07-4424-b1f7-8e3ee6e87c3b,1546,2,54,8,54.1333,775,Nigeria,5455,William Troost-Ekong,Center Back,108.0,40.0,0.7835,Goal,Right Foot,Penalty,Normal,False,False,Other,57.1096,1,1,40.0,1.2934,1,Côte d'Ivoire
3920398,dd22bc94-08ae-4684-8960-1a769eb49669,1662,2,61,26,61.4333,775,Nigeria,11277,Victor James Osimhen,Center Forward,115.9,44.5,0.1709,Off T,Head,Open Play,Normal,False,True,From Throw In,64.3965,0,0,35.5,1.4642,1,Côte d'Ivoire
3920398,efe480ba-45c0-4a1a-83aa-1e902da866cc,1707,2,64,10,64.1667,775,Nigeria,24467,Frank Onyeka,Right Defensive Midfield,115.0,29.3,0.0441,Off T,Head,Open Play,Normal,False,False,From Corner,67.1357,0,0,50.7,1.5083,1,Côte d'Ivoire
3920398,5ae041b0-dd22-45fe-995f-8a1f92baa70f,1735,2,65,21,65.35,3374,Côte d'Ivoire,196109,Ousmane Diomande,Right Center Back,104.2,45.2,0.0212,Off T,Head,Open Play,Normal,False,False,From Free Kick,68.3223,0,0,34.8,0.4111,0,Nigeria
3920398,f8930888-2eb9-4416-ade8-cc3e57b6c683,1817,2,69,25,69.4167,3374,Côte d'Ivoire,3017,Ibrahim Sangaré,Center Defensive Midfield,81.6,43.8,0.0076,Off T,Right Foot,Free Kick,Normal,False,False,From Free Kick,72.3817,0,0,36.2,0.4187,0,Nigeria
3920398,4fb97a8f-e693-475b-b067-e21ade91f64e,1872,2,72,41,72.6833,3374,Côte d'Ivoire,7791,Seko Fofana,Left Center Midfield,97.9,46.1,0.0562,Off T,Right Foot,Open Play,Normal,True,False,From Free Kick,75.6457,0,0,33.9,0.4749,0,Nigeria
3920398,00422045-1c94-4e27-a6eb-fd77a38e3389,1926,2,74,51,74.85,3374,Côte d'Ivoire,7713,Obite Evan Ndicka,Left Center Back,112.9,50.6,0.0332,Off T,Head,Open Play,Normal,False,False,From Corner,77.8157,0,0,29.4,0.5081,0,Nigeria
3920398,88fe748b-f5f4-4dbf-a928-d85b1ce0e541,2183,2,82,19,82.3167,3374,Côte d'Ivoire,7791,Seko Fofana,Left Attacking Midfield,107.9,20.0,0.0073,Wayward,Right Foot,Open Play,Volley,True,False,From Corner,85.2876,0,0,60.0,0.5154,0,Nigeria
3920398,a5a84ce4-298a-408f-aa58-b97fb56271eb,2194,2,82,34,82.5667,775,Nigeria,3806,Bright Osayi-Samuel,Right Wing,105.8,39.6,0.0673,Blocked,Left Foot,Open Play,Normal,False,True,From Corner,85.5329,0,0,40.4,1.5756,1,Côte d'Ivoire
3920398,a4f1e987-895c-425e-964a-c4d96156a102,2275,2,85,9,85.15,3374,Côte d'Ivoire,7791,Seko Fofana,Left Attacking Midfield,91.3,39.6,0.0243,Off T,Right Foot,Open Play,Normal,False,False,Regular Play,88.1273,0,0,40.4,0.5397,0,Nigeria
3920398,3c769570-74c1-4ec4-9567-4077b3e7686e,2330,2,88,13,88.2167,3374,Côte d'Ivoire,3017,Ibrahim Sangaré,Left Defensive Midfield,81.4,37.5,0.0058,Off T,Right Foot,Open Play,Normal,False,True,From Throw In,91.1897,0,0,42.5,0.5455,0,Nigeria
3920398,7a4f8b86-a9eb-4d8d-86e5-676e203a90b3,2379,2,90,15,90.25,3374,Côte d'Ivoire,7713,Obite Evan Ndicka,Left Center Back,113.1,46.1,0.0617,Wayward,Head,Open Play,Normal,False,True,From Corner,93.2111,0,0,33.9,0.6072,0,Nigeria
3920399,5a43feae-dafd-40cc-9b87-a9a19e7130a6,172,1,3,40,3.6667,4924,Cape Verde Islands,8349,Deroy Duarte,Right Center Midfield,99.6,27.0,0.0379,Saved,Left Foot,Open Play,Normal,False,False,Regular Play,3.6695,0,0,53.0,0.0379,0,Mozambique
3920399,8c9db8ae-d7ab-4914-9397-a69a18d5485e,205,1,4,45,4.75,4924,Cape Verde Islands,7900,Tiago Manuel Dias Correia,Center Forward,98.4,35.8,0.0501,Off T,Right Foot,Open Play,Normal,False,False,Regular Play,4.7531,0,0,44.2,0.088,0,Mozambique
3920399,2d578330-3293-4c46-a459-a60116a25f63,248,1,5,51,5.85,4924,Cape Verde Islands,40485,Ryan Isaac Mendes da Graça,Right Midfield,88.7,35.1,0.0191,Blocked,Left Foot,Open Play,Normal,False,True,From Throw In,5.8637,0,0,44.9,0.1072,0,Mozambique
3920399,eb8a4890-e89e-495a-9937-6b07bfda0df3,644,1,14,13,14.2167,4924,Cape Verde Islands,8349,Deroy Duarte,Right Center Midfield,109.3,37.7,0.0702,Off T,Head,Open Play,Normal,False,False,From Throw In,14.2183,0,0,42.3,0.1773,0,Mozambique
3920399,1e6282fc-b6ec-46c5-bbf8-c592bf352662,939,1,23,23,23.3833,4924,Cape Verde Islands,7900,Tiago Manuel Dias Correia,Center Forward,81.2,22.4,0.0063,Post,Right Foot,Free Kick,Normal,False,False,From Free Kick,23.3944,0,0,57.6,0.1837,0,Mozambique
3920399,084a91bf-cd39-4c06-a695-895589b58209,1011,1,25,6,25.1,4978,Mozambique,106070,Bruno Alberto Langa,Left Wing Back,89.4,20.1,0.0056,Wayward,Left Foot,Open Play,Normal,False,False,From Throw In,25.1102,0,0,59.9,0.0056,0,Cape Verde Islands
3920399,8646603d-564c-4f98-a334-38509ae8bfb1,1086,1,26,20,26.3333,4924,Cape Verde Islands,10598,Jovane Eduardo Borges Cabral,Left Midfield,94.6,39.3,0.0254,Saved,Right Foot,Open Play,Normal,False,False,From Throw In,26.3444,0,0,40.7,0.2091,0,Mozambique
3920399,9344049b-486d-44d4-9819-e9cbc9452722,1181,1,31,49,31.8167,4924,Cape Verde Islands,7900,Tiago Manuel Dias Correia,Center Forward,76.6,54.7,0.0056,Goal,Right Foot,Free Kick,Normal,False,False,From Free Kick,31.8202,1,0,25.3,0.2146,1,Mozambique
3920399,f1363884-684c-44f6-a9a4-562a7507695b,1326,1,37,9,37.15,4978,Mozambique,10865,Witiness Chimoio João Quembo,Left Attacking Midfield,109.4,22.6,0.0143,Saved,Right Foot,Open Play,Normal,False,False,From Free Kick,37.1501,0,0,57.4,0.0199,0,Cape Verde Islands
3920399,47f519a7-1fa6-4b72-b43e-041b15fb7394,2006,2,50,33,50.55,4924,Cape Verde Islands,40485,Ryan Isaac Mendes da Graça,Right Midfield,105.9,38.0,0.281,Goal,Right Foot,Open Play,Normal,False,False,From Free Kick,56.6696,1,0,42.0,0.4957,2,Mozambique
3920399,d2338a34-d9a0-418e-90db-37d2c5b92d9e,2128,2,56,42,56.7,4978,Mozambique,106070,Bruno Alberto Langa,Left Wing Back,101.7,25.9,0.0228,Wayward,Left Foot,Open Play,Half Volley,True,False,From Corner,62.8104,0,0,54.1,0.0427,0,Cape Verde Islands
3920399,6490ce02-e804-477e-95b0-4fdae3a56ce7,2142,2,58,41,58.6833,4978,Mozambique,127300,Geny Cipriano Catamo,Right Center Forward,93.9,42.8,0.0627,Post,Left Foot,Free Kick,Normal,False,False,From Free Kick,64.797,0,0,37.2,0.1054,0,Cape Verde Islands
3920399,d09b2c1a-e961-45aa-be46-685d32a44378,2294,2,63,43,63.7167,4978,Mozambique,29482,Ricardo Martins Guimarães,Right Defensive Midfield,98.4,40.2,0.0485,Wayward,Left Foot,Open Play,Half Volley,True,False,From Free Kick,69.8389,0,0,39.8,0.1539,0,Cape Verde Islands
3920399,c781265f-8155-4599-bbf4-a4ba9b56bce2,2446,2,68,40,68.6667,4924,Cape Verde Islands,132800,Kevin Lenini Gonçalves Pereira de Pina,Center Defensive Midfield,89.6,59.4,0.0065,Goal,Right Foot,Open Play,Normal,False,False,From Throw In,74.7867,1,0,20.6,0.5021,3,Mozambique
3920399,1e3f69b2-1871-45ff-a050-078efbb4ed9c,2510,2,72,0,72.0,4978,Mozambique,389641,Domingos João Macandza,Right Wing Back,116.3,49.3,0.117,Wayward,Right Foot,Open Play,Half Volley,True,False,From Free Kick,78.1127,0,0,30.7,0.2709,0,Cape Verde Islands
3920399,d550a72f-96ff-4918-98ae-026602f2d258,2862,2,83,13,83.2167,4978,Mozambique,106082,Pachoio Lau Há King,Left Center Forward,106.0,39.9,0.029,Wayward,Head,Open Play,Normal,False,True,Regular Play,89.338,0,0,40.1,0.2999,0,Cape Verde Islands
3920399,e8534ae7-4782-4929-b7c1-0070aa6e6ff6,2890,2,83,44,83.7333,4924,Cape Verde Islands,16001,Garry Mendes Rodrigues,Right Midfield,108.6,52.4,0.0879,Blocked,Right Foot,Open Play,Normal,True,False,Regular Play,89.845,0,0,27.6,0.5901,3,Mozambique
3920399,c8048783-df22-4650-bc56-9cc2f75d57b7,3156,2,90,18,90.3,4924,Cape Verde Islands,16001,Garry Mendes Rodrigues,Right Midfield,107.1,59.1,0.009,Off T,Right Foot,Open Play,Normal,False,False,From Goal Kick,96.4171,0,0,20.9,0.599,3,Mozambique
3920399,895d913a-870f-43cb-b0a8-d449aa40b893,3304,2,94,24,94.4,4978,Mozambique,127300,Geny Cipriano Catamo,Right Center Forward,103.4,50.3,0.0311,Saved,Left Foot,Open Play,Normal,False,False,From Throw In,100.512,0,0,29.7,0.331,0,Cape Verde Islands
3920400,718cc858-3cac-4c4c-932f-0ac543c10c15,169,1,4,28,4.4667,787,Senegal,8553,Abdou Diallo,Left Center Back,115.1,47.0,0.074,Off T,Head,Open Play,Normal,False,True,From Corner,4.4718,0,0,33.0,0.074,0,Cameroon
3920400,7941f8d3-2c13-4a14-97db-72ad7df78f6b,185,1,5,40,5.6667,2722,Cameroon,16015,Nicolas Moumi Ngamaleu,Right Midfield,106.7,56.5,0.0186,Blocked,Right Foot,Open Play,Volley,True,False,From Corner,5.6812,0,0,23.5,0.0186,0,Senegal
3920400,a45b0268-ceb7-4d54-a088-66931d03063f,459,1,15,15,15.25,787,Senegal,2941,Ismaïla Sarr,Right Midfield,105.1,45.3,0.0781,Goal,Right Foot,Open Play,Normal,False,False,From Corner,15.265,1,0,34.7,0.1521,1,Cameroon
3920400,f2c3d32f-fe53-4525-bb2a-0475a46d9267,1221,1,38,0,38.0,787,Senegal,3629,Sadio Mané,Left Midfield,110.8,29.6,0.1332,Blocked,Left Foot,Open Play,Normal,False,True,From Throw In,38.0098,0,0,50.4,0.2852,1,Cameroon
3920400,13aa1a60-a765-41d8-bea6-71694abe335f,1370,1,42,24,42.4,2722,Cameroon,13454,Nouhou Tolo,Left Back,89.8,30.7,0.0174,Blocked,Left Foot,Open Play,Normal,False,False,From Free Kick,42.4057,0,0,49.3,0.036,0,Senegal
3920400,18d47224-0d40-4d2f-a5c7-be690fba4913,1927,2,54,14,54.2333,2722,Cameroon,7355,Olivier Michel Kemen,Left Center Midfield,105.3,31.7,0.0217,Off T,Head,Open Play,Normal,False,True,From Free Kick,58.2474,0,0,48.3,0.0577,0,Senegal
3920400,e38638b8-c5fb-4556-bd3f-f5d682af3861,2352,2,70,5,70.0833,787,Senegal,18516,Habibou Mouhamadou Diallo,Center Forward,115.1,39.2,0.8748,Goal,Left Foot,Open Play,Normal,True,False,Regular Play,74.1018,1,0,40.8,1.16,2,Cameroon
3920400,9428693f-9168-4ee6-ab10-c974f264edfa,2568,2,82,39,82.65,2722,Cameroon,7426,Jean-Charles Castelletto,Right Center Back,112.1,42.9,0.0745,Goal,Head,Open Play,Normal,False,False,From Corner,86.6668,1,0,37.1,0.1322,1,Senegal
3920400,cdf16684-093a-4a3f-a587-7e02515af077,2768,2,93,11,93.1833,2722,Cameroon,3639,Georges-Kévin Nkoudou Mbida,Left Midfield,113.3,37.4,0.1163,Off T,Head,Open Play,Normal,False,False,Regular Play,97.2035,0,0,42.6,0.2485,1,Senegal
3920400,5cc52801-50d0-4f50-af8b-80450947c571,2779,2,94,2,94.0333,787,Senegal,3629,Sadio Mané,Left Midfield,103.5,44.1,0.0712,Goal,Right Foot,Open Play,Normal,True,False,From Goal Kick,98.0505,1,0,35.9,1.2312,3,Cameroon
3920401,1f66f99c-77ac-4053-8e94-725df68d4ed5,937,1,24,51,24.85,4892,Guinea,7360,Julian Jeanvier,Left Center Back,112.7,44.3,0.1,Off T,Head,Open Play,Normal,False,True,From Corner,24.8529,0,0,35.7,0.1,0,Gambia
3920401,2e131d54-1830-4b9d-aa53-2356c03b734f,961,1,26,3,26.05,4892,Guinea,7360,Julian Jeanvier,Left Center Back,110.5,41.7,0.0578,Blocked,Head,Open Play,Normal,False,True,From Corner,26.0632,0,0,38.3,0.1578,0,Gambia
3920401,46c73f3c-f681-4f38-963b-e037d5a15b57,997,1,27,44,27.7333,4934,Gambia,35689,James Gomez,Right Center Back,108.1,40.0,0.0355,Wayward,Head,Open Play,Normal,False,False,From Corner,27.7421,0,0,40.0,0.0355,0,Guinea
3920401,b65a9ef8-675d-491a-a58b-302fa6b50f2e,1130,1,32,41,32.6833,4892,Guinea,8454,Mohamed Bayo,Center Forward,101.3,46.0,0.0779,Post,Right Foot,Open Play,Normal,True,False,From Free Kick,32.6973,0,0,34.0,0.2357,0,Gambia
3920401,18ac5edb-b75b-4b9b-88d9-9fc1d172eb05,1309,1,36,53,36.8833,4934,Gambia,47762,Jacob Mendy,Left Back,107.2,20.6,0.0086,Blocked,Left Foot,Open Play,Normal,True,False,From Throw In,36.8907,0,0,59.4,0.0441,0,Guinea
3920401,615bf02f-6803-44ad-a694-ff747e659889,1384,1,39,12,39.2,4892,Guinea,39559,Aguibou Camara,Center Attacking Midfield,109.7,39.7,0.1848,Off T,Right Foot,Open Play,Normal,False,True,Regular Play,39.2154,0,0,40.3,0.4204,0,Gambia
3920401,f32cacd3-68ca-4cdb-b5e2-64ecdbae33a2,1399,1,42,6,42.1,4892,Guinea,39073,Moriba Kourouma Kourouma,Left Defensive Midfield,92.4,25.8,0.0326,Blocked,Right Foot,Free Kick,Normal,False,False,From Free Kick,42.1051,0,0,54.2,0.4531,0,Gambia
3920401,33ad75ee-a1f4-4b84-ac23-09ecb23e9229,1474,1,43,59,43.9833,4892,Guinea,132711,Sekou Oumar Sylla,Left Wing,103.8,27.2,0.037,Blocked,Left Foot,Open Play,Normal,False,False,Regular Play,43.9968,0,0,52.8,0.4901,0,Gambia
3920401,355d2c8d-1ba4-40a3-96da-ed15d5a01dba,1484,1,44,6,44.1,4892,Guinea,8454,Mohamed Bayo,Center Forward,111.4,43.1,0.0664,Saved,Head,Open Play,Normal,False,True,Regular Play,44.1116,0,0,36.9,0.5565,0,Gambia
3920401,09262084-cd38-422f-bf3a-ace8be2ba1d1,1487,1,44,7,44.1167,4892,Guinea,47351,Morgan Guilavogui,Right Wing,115.9,39.7,0.5931,Saved,Right Foot,Open Play,Volley,True,False,Regular Play,44.1327,0,0,40.3,1.1496,0,Gambia
3920401,e460b9f6-3d6b-4be7-ac73-263646d9ef02,1545,1,45,17,45.2833,4934,Gambia,50501,Ebrima Darboe,Left Defensive Midfield,88.8,31.6,0.0207,Blocked,Right Foot,Open Play,Normal,False,False,Regular Play,45.2945,0,0,48.4,0.0648,0,Guinea
3920401,ef441a00-4042-4bce-ba1f-f0fcee296e18,1831,2,50,30,50.5,4892,Guinea,132711,Sekou Oumar Sylla,Left Wing,116.2,29.8,0.0812,Saved,Left Foot,Open Play,Normal,False,False,From Free Kick,52.6186,0,0,50.2,1.2308,0,Gambia
3920401,65ade4a1-c9d0-4958-8ea0-19d6a0d0692f,1906,2,54,45,54.75,4934,Gambia,44311,Alieu Fadera,Left Midfield,112.8,47.6,0.0442,Blocked,Right Foot,Open Play,Backheel,True,True,From Free Kick,56.8647,0,0,32.4,0.109,0,Guinea
3920401,1e49d698-5598-4356-afe2-e973c03e72ed,2108,2,60,7,60.1167,4892,Guinea,132711,Sekou Oumar Sylla,Left Wing,107.8,32.2,0.2455,Off T,Left Foot,Open Play,Normal,True,True,From Throw In,62.2339,0,0,47.8,1.4763,0,Gambia
3920401,ac28ac44-a976-4c2c-86b5-cee2c72d804c,2154,2,62,12,62.2,4892,Guinea,39559,Aguibou Camara,Center Attacking Midfield,100.4,35.6,0.0456,Blocked,Right Foot,Open Play,Normal,False,False,Regular Play,64.3161,0,0,44.4,1.5219,0,Gambia
3920401,6accbdc1-78e4-4631-964c-95e353e4ee86,2403,2,68,56,68.9333,4892,Guinea,39559,Aguibou Camara,Center Attacking Midfield,108.4,44.0,0.2184,Goal,Right Foot,Open Play,Normal,True,True,From Free Kick,71.0455,1,0,36.0,1.7402,1,Gambia
3920401,4a4d2e5b-ff70-4bea-aca3-e49bddf02c5d,2519,2,73,47,73.7833,4892,Guinea,8454,Mohamed Bayo,Center Forward,113.7,48.8,0.2434,Post,Right Foot,Open Play,Normal,True,True,From Free Kick,75.8938,0,0,31.2,1.9836,1,Gambia
3920401,b661c4bc-8f28-46ee-b362-1f1cb8c248ff,2548,2,74,28,74.4667,4934,Gambia,4471,Ablie Jallow,Right Midfield,91.6,36.5,0.0433,Off T,Left Foot,Open Play,Normal,False,False,Regular Play,76.5736,0,0,43.5,0.1523,0,Guinea
3920401,9d231482-56bb-4c30-ba49-8f277991af29,2810,2,84,33,84.55,4934,Gambia,4471,Ablie Jallow,Right Midfield,114.5,32.0,0.0949,Off T,Left Foot,Open Play,Volley,True,False,From Free Kick,86.6618,0,0,48.0,0.2472,0,Guinea
3920401,0d8bec65-f327-4157-9339-d2bc442d1fa0,2993,2,92,48,92.8,4934,Gambia,6988,Musa Barrow,Right Defensive Midfield,84.3,33.9,0.0073,Off T,Right Foot,Free Kick,Normal,False,False,From Free Kick,94.916,0,0,46.1,0.2545,0,Guinea
3920401,8caf0bd0-1e36-457d-ab22-893bb6f83ad5,3020,2,93,44,93.7333,4892,Guinea,406457,Facinet Conte,Left Wing,108.2,28.7,0.3096,Saved,Left Foot,Open Play,Normal,False,False,From Counter,95.8411,0,0,51.3,2.2932,1,Gambia
3920401,941af8f7-77e0-4c1c-831e-74d603ab70b7,3027,2,93,50,93.8333,4892,Guinea,8505,Naby Deco Keïta,Center Attacking Midfield,108.6,47.4,0.1078,Blocked,Right Foot,Open Play,Normal,False,True,From Counter,95.9431,0,0,32.6,2.401,1,Gambia
3920401,3c6d90be-23d3-42f9-8241-9f9883411df0,3070,2,95,20,95.3333,4892,Guinea,4352,Issiaga Sylla,Left Back,102.3,30.0,0.0375,Blocked,Left Foot,Open Play,Half Volley,False,False,Regular Play,97.4506,0,0,50.0,2.4385,1,Gambia
3920402,76f629f8-50c9-4a28-a350-7daee90c231c,247,1,5,45,5.75,4921,Burkina Faso,43705,Abdoul Fessal Tapsoba,Left Wing,110.6,31.8,0.0477,Saved,Head,Open Play,Normal,False,True,From Goal Kick,5.7535,0,0,48.2,0.0477,0,Algeria
3920402,e846886a-5ace-45e4-b68f-de59c471283e,456,1,11,13,11.2167,4898,Algeria,103464,Mohamed Youcef Belaïli,Left Wing,107.8,18.8,0.0076,Saved,Right Foot,Open Play,Normal,False,False,From Throw In,11.2218,0,0,61.2,0.0076,0,Burkina Faso
3920402,90317cb5-337a-4661-a883-d206d8718f5e,768,1,25,6,25.1,4898,Algeria,103465,Baghdad Bounedjah,Center Forward,104.1,40.6,0.1547,Off T,Right Foot,Open Play,Normal,False,False,From Free Kick,25.11,0,0,39.4,0.1623,0,Burkina Faso
3920402,185d877b-de2b-4db0-a3f1-f76f9458a1c0,1322,1,43,24,43.4,4898,Algeria,18724,Sofiane Feghouli,Center Attacking Midfield,109.6,55.6,0.0446,Saved,Right Foot,Open Play,Normal,True,False,Regular Play,43.4043,0,0,24.4,0.2069,0,Burkina Faso
3920402,a1bbebe6-bfab-41b2-a7e2-cdf6df2abac4,1326,1,43,28,43.4667,4898,Algeria,103464,Mohamed Youcef Belaïli,Left Wing,100.3,37.3,0.0335,Off T,Right Foot,Open Play,Normal,False,False,Regular Play,43.4729,0,0,42.7,0.2404,0,Burkina Faso
3920402,dc503d52-aed2-454b-94a2-f3a09a76c867,1398,1,47,7,47.1167,4921,Burkina Faso,43920,Mohamed Konaté,Center Forward,109.7,40.6,0.1301,Goal,Head,Open Play,Normal,False,False,From Throw In,47.1248,1,0,39.4,0.1778,1,Algeria
3920402,b51b6235-c876-4735-9b8d-195212190c3b,1461,2,45,14,45.2333,4921,Burkina Faso,43920,Mohamed Konaté,Center Forward,101.9,48.1,0.0611,Blocked,Left Foot,Open Play,Normal,False,True,From Kick Off,51.4266,0,0,31.9,0.2389,1,Algeria
3920402,a998158a-4afd-41f9-9caf-d1b771da3738,1530,2,48,23,48.3833,4921,Burkina Faso,43920,Mohamed Konaté,Center Forward,110.4,46.4,0.1537,Wayward,Right Foot,Open Play,Normal,True,False,From Counter,54.5677,0,0,33.6,0.3926,1,Algeria
3920402,1ec16a31-55b7-4dae-a99d-d15a38fa3d8f,1549,2,48,36,48.6,4921,Burkina Faso,23999,Ibrahim Blati Touré,Left Center Midfield,105.1,30.3,0.0647,Off T,Right Foot,Open Play,Normal,False,False,Regular Play,54.788,0,0,49.7,0.4573,1,Algeria
3920402,7ad035fc-34f5-493c-b947-e8cced8653b7,1571,2,50,21,50.35,4898,Algeria,103464,Mohamed Youcef Belaïli,Left Wing,89.6,30.2,0.0247,Blocked,Right Foot,Free Kick,Normal,False,False,From Free Kick,56.5427,0,0,49.8,0.2651,0,Burkina Faso
3920402,252cfb75-74e0-42ff-9f8f-1050ef3d8ef7,1575,2,50,23,50.3833,4898,Algeria,8520,Nabil Bentaleb,Right Defensive Midfield,110.4,33.7,0.1077,Saved,Left Foot,Open Play,Half Volley,True,False,From Free Kick,56.5752,0,0,46.3,0.3729,0,Burkina Faso
3920402,9e17b4af-47f8-49f1-99fd-a17119087688,1579,2,50,25,50.4167,4898,Algeria,103465,Baghdad Bounedjah,Center Forward,117.8,37.2,0.7223,Goal,Right Foot,Open Play,Normal,True,False,From Free Kick,56.5989,1,0,42.8,1.0951,1,Burkina Faso
3920402,a041c546-f68c-4641-b291-ce2aa9162bad,1607,2,52,10,52.1667,4898,Algeria,103465,Baghdad Bounedjah,Center Forward,117.4,45.7,0.2733,Off T,Head,Open Play,Normal,False,False,From Free Kick,58.3537,0,0,34.3,1.3684,1,Burkina Faso
3920402,c650c7b3-219d-4fc8-896c-6cd01a5b393f,1684,2,57,3,57.05,4898,Algeria,141358,Mohamed El Amine Amoura,Center Attacking Midfield,104.7,24.8,0.0365,Blocked,Right Foot,Open Play,Normal,False,False,From Goal Kick,63.2415,0,0,55.2,1.4049,1,Burkina Faso
3920402,d10b6179-9d71-4faa-a9e1-3ee57302e451,1740,2,57,57,57.95,4898,Algeria,141358,Mohamed El Amine Amoura,Center Attacking Midfield,116.2,44.8,0.264,Off T,Head,Open Play,Normal,False,False,From Goal Kick,64.1379,0,0,35.2,1.6689,1,Burkina Faso
3920402,7d10e4a9-9ab3-4527-a983-a8a8e253bbda,1858,2,63,41,63.6833,4898,Algeria,103464,Mohamed Youcef Belaïli,Left Wing,105.2,29.1,0.0473,Blocked,Right Foot,Open Play,Normal,False,True,Regular Play,69.8675,0,0,50.9,1.7162,1,Burkina Faso
3920402,a897f422-9c60-42d7-930c-01646a7ca24c,1940,2,70,42,70.7,4921,Burkina Faso,2956,Bertrand Isidore Traoré,Center Forward,108.1,40.1,0.7835,Goal,Left Foot,Penalty,Normal,False,False,Other,76.883,1,1,39.9,1.2408,2,Algeria
3920402,bf028a14-07e3-4e70-9864-cc9914aa1008,2143,2,78,46,78.7667,4898,Algeria,103465,Baghdad Bounedjah,Center Forward,112.6,35.8,0.1143,Off T,Head,Open Play,Normal,False,True,Regular Play,84.9602,0,0,44.2,1.8304,1,Burkina Faso
3920402,1822cabe-eb12-4854-84c0-431663517476,2308,2,85,18,85.3,4898,Algeria,3811,Islam Slimani,Right Center Forward,113.0,49.7,0.0675,Blocked,Head,Open Play,Normal,False,False,Regular Play,91.4876,0,0,30.3,1.898,1,Burkina Faso
3920402,b81eaa59-c758-4bb5-ae29-fc1073dcfaea,2342,2,86,42,86.7,4921,Burkina Faso,2956,Bertrand Isidore Traoré,Center Forward,111.9,23.7,0.0182,Off T,Left Foot,Open Play,Normal,False,False,From Throw In,92.8849,0,0,56.3,1.259,2,Algeria
3920402,8ed09527-f735-4df3-9879-5af5504c94f1,2505,2,93,2,93.0333,4898,Algeria,217047,Fares Chaïbi,Left Defensive Midfield,115.3,14.8,0.0077,Off T,Right Foot,Free Kick,Normal,False,False,From Free Kick,99.2272,0,0,65.2,1.9056,1,Burkina Faso
3920402,ce0c3888-cb6d-42dc-ab6d-6cb7c5bcbbbc,2527,2,94,23,94.3833,4898,Algeria,103465,Baghdad Bounedjah,Left Center Forward,111.6,41.8,0.0924,Goal,Head,Open Play,Normal,False,True,From Corner,100.5649,1,0,38.2,1.998,2,Burkina Faso
3920403,5958ad96-0d1b-45a9-a71c-0695dff9eb4e,166,1,3,6,3.1,4932,Mauritania,11923,Yacoub Aly Abeid,Left Back,107.3,23.3,0.0393,Off T,Left Foot,Open Play,Half Volley,False,False,Regular Play,3.1118,0,0,56.7,0.0393,0,Angola
3920403,eb63760a-d8ab-4de8-a08c-919e7a6a1bf9,224,1,5,42,5.7,4901,Angola,103208,Kialonda Gaspar,Right Center Back,111.7,41.1,0.081,Off T,Head,Open Play,Normal,False,False,From Corner,5.7041,0,0,38.9,0.081,0,Mauritania
3920403,566dc8ca-2529-41b7-abff-5a955a1f7be2,453,1,12,24,12.4,4901,Angola,128881,Cristóvão Paciência Mabululo,Center Forward,106.7,52.5,0.0433,Saved,Right Foot,Open Play,Normal,False,False,Regular Play,12.4088,0,0,27.5,0.1242,0,Mauritania
3920403,10b3baf9-d593-4bed-ace7-8774f0f2d1d6,458,1,12,58,12.9667,4901,Angola,136312,Ambrosini Antonio Cabaça Salvador,Center Attacking Midfield,111.3,34.9,0.0568,Wayward,Head,Open Play,Normal,False,True,From Corner,12.9743,0,0,45.1,0.181,0,Mauritania
3920403,dfa54436-d3e3-4b37-830f-4f3b6a016fe3,479,1,13,45,13.75,4901,Angola,128881,Cristóvão Paciência Mabululo,Center Forward,114.5,31.3,0.0571,Wayward,Head,Open Play,Normal,False,True,From Corner,13.7639,0,0,48.7,0.2381,0,Mauritania
3920403,42542f50-0a03-462a-8d1f-ea16da3d7067,504,1,14,16,14.2667,4901,Angola,136312,Ambrosini Antonio Cabaça Salvador,Center Attacking Midfield,104.9,17.1,0.0068,Off T,Left Foot,Open Play,Half Volley,True,False,From Corner,14.269,0,0,62.9,0.2449,0,Mauritania
3920403,58b3c2d5-9d90-4adc-b445-2c06a015ea3c,524,1,15,6,15.1,4932,Mauritania,416907,Sidi Bouna Sidi Amar,Right Midfield,109.4,54.1,0.0309,Blocked,Right Foot,Open Play,Normal,False,False,From Goal Kick,15.1011,0,0,25.9,0.0702,0,Angola
3920403,8c6a062d-1e15-4d4a-95b5-5d17b71f6760,531,1,15,48,15.8,4932,Mauritania,389294,Nouh Mohamed El Abd,Right Center Back,115.2,35.5,0.1212,Blocked,Head,Open Play,Normal,False,True,From Corner,15.803,0,0,44.5,0.1914,0,Angola
3920403,5fc68edb-e0e9-454b-8037-a1a87ccc1f35,544,1,16,35,16.5833,4932,Mauritania,45064,Pape Ibnou Bâ,Center Forward,115.9,35.2,0.2427,Off T,Head,Open Play,Normal,False,False,From Corner,16.5892,0,0,44.8,0.4341,0,Angola
3920403,47248148-0906-4ae0-9187-33b448ff0a08,789,1,24,54,24.9,4901,Angola,10844,Alfredo Kulembe Ribeiro,Right Defensive Midfield,98.0,28.2,0.0642,Blocked,Right Foot,Free Kick,Normal,False,False,From Free Kick,24.9154,0,0,51.8,0.3091,0,Mauritania
3920403,97c2129f-853a-435a-8280-2678f819a1fb,793,1,24,56,24.9333,4901,Angola,10844,Alfredo Kulembe Ribeiro,Right Defensive Midfield,102.7,27.2,0.0282,Blocked,Right Foot,Open Play,Half Volley,True,False,From Free Kick,24.9424,0,0,52.8,0.3373,0,Mauritania
3920403,9ef2f36e-dc31-4886-81d0-463203fa9cea,797,1,24,58,24.9667,4901,Angola,31016,Manuel Luís da Silva Cafumana,Left Defensive Midfield,94.7,39.2,0.0259,Blocked,Right Foot,Open Play,Half Volley,True,False,From Free Kick,24.9718,0,0,40.8,0.3632,0,Mauritania
3920403,af05aa40-3f8f-439b-a7cc-507860e69b75,843,1,28,18,28.3,4932,Mauritania,45064,Pape Ibnou Bâ,Center Forward,107.0,34.1,0.3216,Saved,Left Foot,Open Play,Normal,False,True,From Counter,28.306,0,0,45.9,0.7557,0,Angola
3920403,ccbc15f8-faff-4b02-b38e-86135e438889,876,1,29,32,29.5333,4901,Angola,10573,Jonathan Buatu Mananga,Left Center Back,118.4,43.1,0.4291,Blocked,Head,Open Play,Normal,False,True,From Corner,29.5368,0,0,36.9,0.7923,0,Mauritania
3920403,b79490a8-8e9e-4e82-94dc-bcb729cbe872,881,1,29,33,29.55,4901,Angola,10577,Jacinto Muondo Dala,Left Wing,115.6,44.6,0.1477,Goal,Right Foot,Open Play,Volley,True,True,From Corner,29.5582,1,0,35.4,0.94,1,Mauritania
3920403,8246c726-9dd3-49a3-a46b-0c5ba61c5cf1,1332,1,42,23,42.3833,4932,Mauritania,416907,Sidi Bouna Sidi Amar,Right Midfield,104.5,41.5,0.1145,Goal,Left Foot,Open Play,Normal,False,False,From Throw In,42.3941,1,0,38.5,0.8701,1,Angola
3920403,67e6e82e-6bf8-404b-8a84-3461e727bbc0,1412,1,45,54,45.9,4932,Mauritania,341163,Omaré Gassama,Right Center Midfield,86.9,51.6,0.0058,Saved,Right Foot,Open Play,Normal,False,True,From Goal Kick,45.9061,0,0,28.4,0.8759,1,Angola
3920403,cb136af6-94aa-42b1-b868-184c722f3c5f,1444,1,47,25,47.4167,4901,Angola,10577,Jacinto Muondo Dala,Left Wing,103.7,24.1,0.0326,Saved,Left Foot,Open Play,Normal,False,False,Regular Play,47.4263,0,0,55.9,0.9726,1,Mauritania
3920403,8a13479a-f1a3-43b8-b429-f3997740db8f,1447,1,47,27,47.45,4901,Angola,389328,Deivi Miguel Vieira,Right Wing,111.2,40.3,0.4661,Off T,Right Foot,Open Play,Half Volley,True,False,Regular Play,47.463,0,0,39.7,1.4386,1,Mauritania
3920403,bdac9d9e-eafe-4b54-9f16-6de48ce19804,1473,1,48,42,48.7,4901,Angola,136312,Ambrosini Antonio Cabaça Salvador,Center Attacking Midfield,113.0,36.3,0.1361,Blocked,Right Foot,Open Play,Normal,False,False,From Throw In,48.7057,0,0,43.7,1.5747,1,Mauritania
3920403,1af50fea-c7db-4b2e-9f2a-a375506dbb14,1496,1,49,7,49.1167,4932,Mauritania,23892,Aboubakary Koita,Left Midfield,98.4,23.2,0.0256,Off T,Left Foot,Open Play,Normal,False,False,Regular Play,49.1301,0,0,56.8,0.9015,1,Angola
3920403,cf99795e-c606-46c8-a2e3-7f2f841e45ff,1640,2,48,31,48.5167,4901,Angola,136312,Ambrosini Antonio Cabaça Salvador,Center Attacking Midfield,109.4,39.1,0.0533,Blocked,Head,Open Play,Normal,False,True,From Corner,52.8713,0,0,40.9,1.628,1,Mauritania
3920403,cdde6243-92b7-4543-ab11-2ca729731931,1656,2,49,13,49.2167,4901,Angola,10577,Jacinto Muondo Dala,Left Wing,111.3,31.9,0.1592,Goal,Left Foot,Open Play,Normal,False,False,From Goal Kick,53.5854,1,0,48.1,1.7873,2,Mauritania
3920403,60dde234-80d7-4397-a18c-5287194c9829,1758,2,52,27,52.45,4901,Angola,389328,Deivi Miguel Vieira,Right Wing,114.9,52.5,0.0399,Goal,Left Foot,Open Play,Normal,False,True,Regular Play,56.8053,1,0,27.5,1.8272,3,Mauritania
3920403,35ac5b98-4f1e-4ccb-af41-b8d690fa518e,1940,2,57,42,57.7,4932,Mauritania,23892,Aboubakary Koita,Left Midfield,95.2,33.0,0.0383,Goal,Right Foot,Open Play,Normal,False,False,From Throw In,62.0546,1,0,47.0,0.9398,2,Angola
3920403,f0efb3ed-cbde-4de8-a347-22b99fc646cb,2019,2,61,23,61.3833,4901,Angola,23873,Núrio Domingos Matias Fortuna,Left Back,89.0,32.3,0.0192,Blocked,Left Foot,Open Play,Normal,False,False,From Corner,65.7364,0,0,47.7,1.8464,3,Mauritania
3920403,657c1c13-0392-410d-87ca-7b1969505454,2208,2,67,29,67.4833,4901,Angola,10577,Jacinto Muondo Dala,Left Midfield,97.2,28.8,0.0391,Off T,Right Foot,Open Play,Normal,False,False,Regular Play,71.8397,0,0,51.2,1.8855,3,Mauritania
3920403,0f38435d-3a77-467d-a1c3-47d8a1b7aaec,2265,2,69,35,69.5833,4932,Mauritania,23892,Aboubakary Koita,Left Midfield,81.0,46.3,0.0067,Off T,Right Foot,Free Kick,Normal,False,False,From Free Kick,73.9501,0,0,33.7,0.9465,2,Angola
3920403,9aa964c3-9ca2-47d0-b8df-1c2ebe1fb7da,2299,2,71,3,71.05,4932,Mauritania,416907,Sidi Bouna Sidi Amar,Right Midfield,107.6,51.8,0.0951,Saved,Right Foot,Open Play,Normal,False,True,From Throw In,75.4146,0,0,28.2,1.0415,2,Angola
3920403,1a1d1e10-bfeb-4cff-a0ae-290bd502725d,2356,2,72,9,72.15,4901,Angola,10577,Jacinto Muondo Dala,Left Midfield,111.7,24.9,0.0477,Saved,Left Foot,Open Play,Normal,False,False,Regular Play,76.5068,0,0,55.1,1.9332,3,Mauritania
3920403,b410daae-c493-43d5-9272-1c79f53a38d2,2370,2,73,4,73.0667,4901,Angola,10844,Alfredo Kulembe Ribeiro,Left Center Midfield,109.5,29.8,0.1108,Off T,Right Foot,Open Play,Half Volley,True,False,From Corner,77.4319,0,0,50.2,2.044,3,Mauritania
3920403,0e79548a-04b9-4fa8-b117-ae6ed202dc0a,2406,2,74,1,74.0167,4932,Mauritania,146933,Bodda Mouhsine,Right Defensive Midfield,84.1,43.5,0.0112,Off T,Left Foot,Open Play,Normal,False,False,From Goal Kick,78.3813,0,0,36.5,1.0527,2,Angola
3920403,e6a6d3cc-24a2-4f6f-8eb0-0c60dcec6fb0,2544,2,79,25,79.4167,4932,Mauritania,416907,Sidi Bouna Sidi Amar,Right Midfield,95.1,44.6,0.031,Blocked,Left Foot,Open Play,Normal,False,True,From Counter,83.7759,0,0,35.4,1.0836,2,Angola
3920403,a97fc348-0a07-4908-bf87-addac29d6acb,2620,2,82,44,82.7333,4932,Mauritania,23892,Aboubakary Koita,Right Midfield,93.4,46.7,0.0277,Off T,Left Foot,Open Play,Normal,False,False,From Throw In,87.0913,0,0,33.3,1.1113,2,Angola
3920404,fa7c1880-63d0-4b88-961e-b2e4bddf92ed,329,1,9,12,9.2,4930,Mali,105182,Lassine Sinayoko,Right Center Forward,107.8,25.2,0.0572,Goal,Left Foot,Open Play,Normal,False,False,From Free Kick,9.2145,1,0,54.8,0.0572,1,Tunisia
3920404,b046267e-0f83-446c-9716-c5729f136a7a,617,1,17,46,17.7667,777,Tunisia,23910,Youssef Msakni,Right Center Forward,113.6,48.4,0.0632,Blocked,Head,Open Play,Normal,False,True,From Throw In,17.7816,0,0,31.6,0.0632,0,Mali
3920404,5d088d2a-f68c-4e5e-9e2e-df2e0b2df60f,680,1,19,33,19.55,777,Tunisia,50442,Hamza Rafia,Right Midfield,110.4,40.6,0.3587,Goal,Right Foot,Open Play,Normal,True,True,From Throw In,19.557,1,0,39.4,0.4219,1,Mali
3920404,b8462078-4436-4eda-b9e0-60177090ecea,1001,1,32,38,32.6333,4930,Mali,23623,Sekou Koita,Left Center Forward,96.1,38.7,0.0777,Blocked,Left Foot,Free Kick,Normal,False,False,From Free Kick,32.6363,0,0,41.3,0.1349,1,Tunisia
3920404,a7c5e928-3bab-46ae-91a7-11e8c377f20f,1317,1,39,25,39.4167,4930,Mali,162132,Kamory Doumbia,Center Attacking Midfield,94.4,37.1,0.0473,Off T,Right Foot,Open Play,Normal,False,False,Regular Play,39.424,0,0,42.9,0.1822,1,Tunisia
3920404,b0d7f870-cd50-4e88-947c-3e04cb6106f1,1352,1,41,19,41.3167,777,Tunisia,35592,Anis Ben Slimane,Left Center Forward,82.9,32.1,0.0055,Off T,Right Foot,Open Play,Normal,False,False,From Free Kick,41.3304,0,0,47.9,0.4274,1,Mali
3920404,d5a0d78c-e890-4100-ac5b-2306fcc0a72f,1579,1,46,55,46.9167,777,Tunisia,30681,Ali Abdi,Left Back,101.5,24.2,0.0289,Off T,Left Foot,Open Play,Half Volley,False,True,From Free Kick,46.929,0,0,55.8,0.4563,1,Mali
3920404,39d6d588-9347-4f6f-89f0-67a8668e0ae1,1690,2,46,37,46.6167,4930,Mali,23623,Sekou Koita,Left Center Forward,95.6,27.9,0.032,Blocked,Left Foot,Open Play,Normal,False,False,From Kick Off,49.5428,0,0,52.1,0.2142,1,Tunisia
3920404,219790fe-5e04-4736-8ff4-7a0c164d0e7a,1725,2,50,54,50.9,4930,Mali,162132,Kamory Doumbia,Center Attacking Midfield,102.7,45.1,0.1366,Off T,Right Foot,Open Play,Normal,False,False,From Counter,53.8276,0,0,34.9,0.3509,1,Tunisia
3920404,af6269e9-8f39-424b-a203-491e4e2217fa,1874,2,56,33,56.55,4930,Mali,3248,Hamari Traoré,Right Back,113.6,55.3,0.014,Off T,Right Foot,Open Play,Half Volley,True,True,From Goal Kick,59.4783,0,0,24.7,0.3649,1,Tunisia
3920404,84c2f131-516c-4fd7-a2db-c589d397a2f3,1884,2,57,11,57.1833,4930,Mali,3433,Lassana Coulibaly,Right Center Midfield,93.3,43.1,0.0379,Off T,Right Foot,Open Play,Normal,False,True,From Free Kick,60.1157,0,0,36.9,0.4028,1,Tunisia
3920404,e4eea1bc-21c0-411c-9bc1-d26d44b2754b,2425,2,72,37,72.6167,4930,Mali,105182,Lassine Sinayoko,Left Center Forward,112.7,47.9,0.1049,Off T,Right Foot,Open Play,Volley,True,False,Regular Play,75.5424,0,0,32.1,0.5077,1,Tunisia
3920404,b6e0baf4-b43b-4765-ab51-f9af7b083aab,2600,2,78,6,78.1,4930,Mali,105182,Lassine Sinayoko,Left Center Forward,110.8,41.8,0.1879,Off T,Left Foot,Open Play,Half Volley,True,False,From Throw In,81.022,0,0,38.2,0.6956,1,Tunisia
3920404,91dc99e4-79da-4c80-80a4-758b6423de78,2639,2,79,16,79.2667,777,Tunisia,50503,Sayfallah Ltaief,Left Midfield,107.5,30.0,0.0737,Blocked,Right Foot,Open Play,Normal,False,True,Regular Play,82.1928,0,0,50.0,0.53,1,Mali
3920404,e847cc28-d258-43a5-8929-82d705ddc450,2791,2,85,38,85.6333,4930,Mali,3710,Fousseni Diabaté,Right Center Midfield,98.5,36.6,0.0476,Blocked,Right Foot,Open Play,Normal,True,False,Regular Play,88.5566,0,0,43.4,0.7432,1,Tunisia
3920404,f9483dd6-6458-4810-9f85-de43c58e0b98,2837,2,89,54,89.9,4930,Mali,4385,Yves Bissouma,Center Defensive Midfield,102.8,45.2,0.0576,Off T,Right Foot,Open Play,Normal,True,False,From Corner,92.8278,0,0,34.8,0.8008,1,Tunisia
3920404,6738e8c4-4a06-4b20-93ec-a869268898e1,2949,2,96,4,96.0667,4930,Mali,4385,Yves Bissouma,Center Defensive Midfield,100.6,56.7,0.0449,Off T,Right Foot,Free Kick,Normal,False,False,From Free Kick,98.9934,0,0,23.3,0.8458,1,Tunisia
3920405,6d35703c-e06b-40a8-98a8-9ce536cc3996,80,1,1,7,1.1167,788,Morocco,6301,Youssef En-Nesyri,Center Forward,113.2,38.0,0.1363,Saved,Head,Open Play,Normal,False,True,From Kick Off,1.1235,0,0,42.0,0.1363,0,Congo DR
3920405,b430ac1f-eec5-42f7-ac26-a49a5b1a9dbd,86,1,5,42,5.7,788,Morocco,5245,Achraf Hakimi Mouh,Right Back,109.5,44.2,0.081,Goal,Right Foot,Open Play,Volley,True,False,From Corner,5.7087,1,0,35.8,0.2173,1,Congo DR
3920405,bdc49420-e2bf-448a-85a3-ec008d1e5e71,142,1,8,37,8.6167,4881,Congo DR,4412,Samuel Moutoussamy,Left Defensive Midfield,99.9,48.6,0.0348,Off T,Left Foot,Open Play,Half Volley,False,False,From Throw In,8.6214,0,0,31.4,0.0348,0,Morocco
3920405,20d5a40d-b8a4-4cae-96d7-4696d4bc389d,204,1,10,14,10.2333,788,Morocco,5237,Hakim Ziyech,Right Midfield,97.6,54.6,0.0279,Saved,Left Foot,Open Play,Normal,False,False,From Throw In,10.2349,0,0,25.4,0.2452,1,Congo DR
3920405,6add358f-68e1-42ec-8ca5-e7b6990aabf5,238,1,11,10,11.1667,4881,Congo DR,23785,Théo Bongonda Mbul'Ofeko Batombo,Right Wing,107.8,44.7,0.0816,Blocked,Right Foot,Open Play,Half Volley,True,False,From Throw In,11.1821,0,0,35.3,0.1164,0,Morocco
3920405,433bc074-6dce-4db6-bcb5-7c1192c3a4fc,246,1,11,52,11.8667,4881,Congo DR,3044,Chancel Mbemba Mangulu,Right Center Back,110.8,37.8,0.2164,Wayward,Right Foot,Open Play,Volley,True,False,From Corner,11.8792,0,0,42.2,0.3328,0,Morocco
3920405,7bb481ee-eb08-4095-8fd9-696daa7b6c5a,423,1,16,36,16.6,788,Morocco,6301,Youssef En-Nesyri,Center Forward,108.0,41.8,0.0773,Wayward,Head,Open Play,Normal,False,True,Regular Play,16.6163,0,0,38.2,0.3225,1,Congo DR
3920405,8f666242-b80b-4b03-aeb9-70846476a151,696,1,21,48,21.8,788,Morocco,5237,Hakim Ziyech,Right Midfield,82.2,54.7,0.0066,Off T,Left Foot,Open Play,Normal,False,False,Regular Play,21.8015,0,0,25.3,0.3291,1,Congo DR
3920405,34a6eec6-b5ab-4999-bb9e-6d2bc3904962,821,1,29,56,29.9333,4881,Congo DR,3130,Gaël Kakuta,Center Attacking Midfield,113.4,49.4,0.0436,Blocked,Left Foot,Open Play,Backheel,True,False,From Corner,29.9449,0,0,30.6,0.3763,0,Morocco
3920405,70b22887-ee7b-4b5e-96d7-30526b1e0dcb,904,1,41,14,41.2333,4881,Congo DR,6862,Cédric Bakambu,Center Forward,108.1,40.1,0.7835,Post,Right Foot,Penalty,Normal,False,False,Other,41.2339,0,1,39.9,1.1598,0,Morocco
3920405,fdcece88-466f-4ef1-a5ca-b6f7b5296ce7,1433,2,46,11,46.1833,4881,Congo DR,6862,Cédric Bakambu,Center Forward,114.2,31.0,0.0475,Wayward,Right Foot,Open Play,Overhead Kick,False,True,From Throw In,57.424,0,0,49.0,1.2073,0,Morocco
3920405,d98124cd-b224-455f-8f1b-4749c656e777,1603,2,51,10,51.1667,788,Morocco,3625,Sofiane Boufal,Left Midfield,115.5,27.8,0.1562,Off T,Left Foot,Open Play,Normal,True,False,From Keeper,62.4008,0,0,52.2,0.4853,1,Congo DR
3920405,f01030f8-0f93-4752-a4e1-b4270327d20d,1649,2,53,3,53.05,788,Morocco,46258,Azzedine Ounahi,Right Center Midfield,104.3,49.3,0.0873,Off T,Right Foot,Open Play,Normal,False,False,From Free Kick,64.2892,0,0,30.7,0.5725,1,Congo DR
3920405,93d66522-5d0d-487d-b242-1c0defaa4aa5,1699,2,55,40,55.6667,4881,Congo DR,3587,Arthur Masuaku,Left Back,90.6,29.0,0.0233,Off T,Left Foot,Open Play,Normal,False,False,Regular Play,66.9054,0,0,51.0,1.2307,0,Morocco
3920405,d7d2088b-6b42-407e-9d8c-90f509ad25d8,1962,2,64,5,64.0833,788,Morocco,5237,Hakim Ziyech,Right Midfield,79.5,41.0,0.0055,Off T,Left Foot,Free Kick,Normal,False,False,From Free Kick,75.3165,0,0,39.0,0.5781,1,Congo DR
3920405,7077eaac-28c2-44f8-8a00-73cad439fae8,2009,2,64,58,64.9667,4881,Congo DR,389291,Fiston Kalala Mayele,Center Forward,114.0,41.3,0.2622,Wayward,Head,Open Play,Normal,False,False,Regular Play,76.2056,0,0,38.7,1.4929,0,Morocco
3920405,4d0c7b63-0cc0-4f3c-8ef3-7de7c266efd2,2235,2,75,45,75.75,4881,Congo DR,13329,Silas Katompa Mvumpa,Left Wing,108.7,44.3,0.3327,Goal,Right Foot,Open Play,Normal,True,False,From Free Kick,86.9823,1,0,35.7,1.8256,1,Morocco
3920405,39fba693-ecdd-48ca-bccc-c8ad1e8e9fbd,2314,2,78,15,78.25,4881,Congo DR,4412,Samuel Moutoussamy,Left Defensive Midfield,116.6,43.7,0.4376,Wayward,Right Foot,Open Play,Backheel,True,False,Regular Play,89.4953,0,0,36.3,2.2632,1,Morocco
3920405,07d4b92a-4b51-482f-8ec5-794e30fbafd8,2547,2,89,33,89.55,4881,Congo DR,389291,Fiston Kalala Mayele,Center Forward,107.7,27.5,0.047,Saved,Left Foot,Open Play,Normal,False,False,From Free Kick,100.7974,0,0,52.5,2.3102,1,Morocco
3920405,be764d27-dbfb-4d6c-b448-92e1dffa55b7,2641,2,92,36,92.6,788,Morocco,5229,Ayoub El Kaabi,Center Forward,116.3,39.0,0.4246,Saved,Head,Open Play,Normal,False,False,Regular Play,103.8434,0,0,41.0,1.0027,1,Congo DR
3920405,e3bdc3e0-327a-472e-b388-9dbf09b77d1e,2714,2,96,6,96.1,788,Morocco,149714,Abdessamad Ezzalzouli,Left Midfield,96.4,29.8,0.0275,Blocked,Right Foot,Open Play,Normal,False,False,Regular Play,107.3388,0,0,50.2,1.0302,1,Congo DR
3920405,e65b8be2-815c-4bfe-91ff-93b51b646dbd,2750,2,96,35,96.5833,788,Morocco,156734,Bilal El Khannous,Left Center Midfield,97.7,32.9,0.0244,Blocked,Right Foot,Open Play,Normal,False,True,Regular Play,107.8313,0,0,47.1,1.0546,1,Congo DR
3920406,2afebd60-31b3-4fd9-95dd-0df983f38771,454,1,10,17,10.2833,4953,Tanzania,103270,Simon Happygod Msuva,Right Wing,101.0,54.0,0.0298,Blocked,Left Foot,Open Play,Normal,False,False,From Free Kick,10.2876,0,0,26.0,0.0298,0,Zambia
3920406,210d2a5a-50ed-4f5f-b7aa-b8c90fcfda28,489,1,10,55,10.9167,4953,Tanzania,103270,Simon Happygod Msuva,Right Wing,108.2,48.3,0.1398,Goal,Right Foot,Open Play,Normal,False,True,Regular Play,10.9184,1,0,31.7,0.1697,1,Zambia
3920406,4e28a658-fd1f-44b2-bd43-f3e2be73dc4c,691,1,17,40,17.6667,4953,Tanzania,16548,Mbwana Ally Samatta,Center Forward,99.8,24.7,0.0202,Off T,Left Foot,Open Play,Normal,False,False,From Counter,17.6687,0,0,55.3,0.1899,1,Zambia
3920406,ac0375a5-2398-4c45-a6b5-77f967214329,714,1,18,31,18.5167,4963,Zambia,23260,Emmanuel Justine Rabby Banda,Left Center Midfield,101.2,25.0,0.0343,Off T,Left Foot,Open Play,Normal,True,False,From Goal Kick,18.5297,0,0,55.0,0.0343,0,Tanzania
3920406,bff79597-0505-4ff0-900e-7364bded0787,779,1,20,11,20.1833,4963,Zambia,44402,Kings Kangwa,Right Center Midfield,113.8,36.4,0.1389,Off T,Head,Open Play,Normal,False,True,From Throw In,20.1964,0,0,43.6,0.1732,0,Tanzania
3920406,a0afa7d5-d2f3-4185-9a08-3b83bcffa4b8,1155,1,30,16,30.2667,4963,Zambia,23708,Fashion Sakala,Left Midfield,117.3,34.8,0.196,Off T,Head,Open Play,Normal,False,False,Regular Play,30.2671,0,0,45.2,0.3692,0,Tanzania
3920406,0f042975-9f5c-4262-bf0f-5b8321d18f60,1245,1,33,47,33.7833,4953,Tanzania,389092,Ibrahim Abdallah Hamad,Left Center Back,110.3,42.2,0.0732,Off T,Head,Open Play,Normal,False,False,From Free Kick,33.7931,0,0,37.8,0.2631,1,Zambia
3920406,771cc528-9034-4750-b08b-1483e7f1a22a,1366,1,36,43,36.7167,4963,Zambia,44751,Lameck Banda,Right Midfield,93.9,59.8,0.0079,Saved,Left Foot,Open Play,Normal,False,False,From Throw In,36.7184,0,0,20.2,0.3772,0,Tanzania
3920406,c880049f-1f28-412b-b10d-9f05ed6f27d9,1657,2,46,24,46.4,4953,Tanzania,145622,Denis Kibu,Left Wing,113.0,27.2,0.0628,Off T,Right Foot,Open Play,Half Volley,True,False,From Throw In,52.9322,0,0,52.8,0.326,1,Zambia
3920406,80b4cdf4-93b8-492d-9181-a42502366de5,1975,2,56,23,56.3833,4963,Zambia,44751,Lameck Banda,Left Center Midfield,104.6,22.7,0.0234,Off T,Left Foot,Open Play,Volley,True,True,Regular Play,62.9291,0,0,57.3,0.4006,0,Tanzania
3920406,3d7b4b3e-e0d6-4eed-86fc-872e0d06d1ad,2213,2,61,54,61.9,4963,Zambia,8785,Patson Daka,Left Center Forward,110.1,28.2,0.219,Saved,Left Foot,Open Play,Normal,False,False,Regular Play,68.4346,0,0,51.8,0.6196,0,Tanzania
3920406,8706ffe5-c484-40e1-8496-97ac82daa93e,2531,2,71,24,71.4,4953,Tanzania,138493,Morice Michael Abraham,Center Attacking Midfield,97.5,37.4,0.0644,Saved,Left Foot,Open Play,Normal,True,False,Regular Play,77.9321,0,0,42.6,0.3904,1,Zambia
3920406,06532e7e-c6e5-4d35-bb3e-096d60135aaa,2670,2,73,57,73.95,4963,Zambia,23708,Fashion Sakala,Right Center Forward,84.9,27.5,0.006,Off T,Right Foot,Open Play,Normal,False,True,From Free Kick,80.4836,0,0,52.5,0.6256,0,Tanzania
3920406,1c7369c2-a121-43e6-b9c5-deede06dce34,3136,2,86,25,86.4167,4963,Zambia,389675,Kennedy Musonda,Right Center Forward,108.5,41.5,0.0516,Blocked,Head,Open Play,Normal,False,False,From Throw In,92.9577,0,0,38.5,0.6772,0,Tanzania
3920406,5cd59b4b-d585-4e0e-8aae-53bff33e0305,3144,2,87,45,87.75,4963,Zambia,8785,Patson Daka,Left Center Forward,116.6,32.1,0.0942,Goal,Head,Open Play,Normal,False,False,From Corner,94.293,1,0,47.9,0.7714,1,Tanzania
3920406,c3514d72-033c-43b9-a188-f632bec78772,3357,2,93,43,93.7167,4963,Zambia,103910,Cletous Chama,Left Center Midfield,70.4,44.1,0.007,Wayward,Right Foot,Open Play,Lob,False,False,From Keeper,100.2507,0,0,35.9,0.7784,1,Tanzania
3920406,9cfd9ade-3964-46e1-bcae-f44d326a6ff0,3465,2,96,32,96.5333,4963,Zambia,23260,Emmanuel Justine Rabby Banda,Center Defensive Midfield,87.3,34.4,0.0188,Saved,Left Foot,Open Play,Normal,False,False,Regular Play,103.0771,0,0,45.6,0.7972,1,Tanzania
3920407,bf6d7047-70c0-438e-a5a0-e324f17341c4,100,1,1,0,1.0,4980,Namibia,64612,Deon Hotto Kavendji,Left Midfield,81.6,39.3,0.0067,Off T,Left Foot,Open Play,Normal,False,True,Regular Play,1.0,0,0,40.7,0.0067,0,South Africa
3920407,de388433-8436-4d4b-b36c-2fff0940abc2,176,1,2,50,2.8333,4980,Namibia,103803,Prins Menelik Tjiueza,Left Center Midfield,101.3,35.4,0.0647,Saved,Right Foot,Open Play,Half Volley,False,True,Regular Play,2.8488,0,0,44.6,0.0714,0,South Africa
3920407,fcf841c9-7a45-42ba-bc85-7375de8935d0,339,1,13,20,13.3333,4976,South Africa,29367,Percy Tau,Left Wing,108.0,40.0,0.7835,Goal,Left Foot,Penalty,Normal,False,False,Other,13.342,1,1,40.0,0.7835,1,Namibia
3920407,d201d07d-27ca-4c6d-8f01-a04fc5936547,582,1,20,46,20.7667,4980,Namibia,103804,Absalom Iimbondi,Right Midfield,114.8,42.1,0.4592,Off T,Left Foot,Open Play,Normal,True,False,From Throw In,20.7777,0,0,37.9,0.5306,0,South Africa
3920407,d3176812-fac7-4024-ae79-6da8a10e9346,714,1,24,27,24.45,4976,South Africa,65726,Themba Zwane,Center Attacking Midfield,106.7,45.5,0.1862,Goal,Right Foot,Open Play,Normal,True,False,From Throw In,24.4602,1,0,34.5,0.9697,2,Namibia
3920407,cd837ef8-5ef4-48f3-bbc2-367304f6b6d1,1008,1,33,36,33.6,4976,South Africa,65853,Evidence Makgopa,Center Forward,111.9,30.7,0.3169,Saved,Left Foot,Open Play,Normal,True,False,Regular Play,33.6148,0,0,49.3,1.2866,2,Namibia
3920407,1aa03d48-784f-4cf8-b28e-77b819ecb8e5,1023,1,34,42,34.7,4976,South Africa,42527,Sphephelo S''Miso Sithole,Left Defensive Midfield,117.6,45.4,0.1789,Off T,Head,Open Play,Normal,False,False,From Corner,34.7087,0,0,34.6,1.4655,2,Namibia
3920407,a873b3ea-ea5a-46b9-b0a2-fb98724e723a,1219,1,39,26,39.4333,4976,South Africa,65726,Themba Zwane,Center Attacking Midfield,115.9,30.4,0.2162,Goal,Right Foot,Open Play,Normal,False,False,From Counter,39.4358,1,0,49.6,1.6817,3,Namibia
3920407,9cc1ebca-e7a4-45f7-b896-18416989bbda,1268,1,41,55,41.9167,4976,South Africa,65727,Thapelo James Morena,Right Wing,105.2,28.5,0.0847,Saved,Right Foot,Open Play,Normal,False,False,Regular Play,41.9192,0,0,51.5,1.7664,3,Namibia
3920407,400e0c78-5785-464f-b0ef-d4afc052bc8f,1468,1,48,47,48.7833,4980,Namibia,264381,Kennedy Amutenya,Right Center Back,107.5,38.8,0.038,Wayward,Head,Open Play,Normal,False,True,From Free Kick,48.7888,0,0,41.2,0.5685,0,South Africa
3920407,42ef3633-a419-42d3-86f3-30152bf36460,1633,2,49,17,49.2833,4976,South Africa,65727,Thapelo James Morena,Right Wing,100.9,43.0,0.2052,Saved,Right Foot,Open Play,Half Volley,False,False,From Throw In,53.4216,0,0,37.0,1.9715,3,Namibia
3920407,3a9bc54a-07b9-4ed6-a594-44627cb4cb82,2102,2,63,34,63.5667,4976,South Africa,65733,Aubrey Maphosa Modiba,Left Back,96.4,57.3,0.0208,Blocked,Left Foot,Free Kick,Normal,False,False,From Free Kick,67.703,0,0,22.7,1.9924,3,Namibia
3920407,131eb985-df19-4c2a-ad48-1e3f75635d81,2222,2,65,46,65.7667,4976,South Africa,66716,Teboho Mokoena,Right Defensive Midfield,84.8,34.6,0.0101,Off T,Right Foot,Open Play,Normal,False,False,Regular Play,69.8959,0,0,45.4,2.0025,3,Namibia
3920407,78b285e6-09f3-4689-b1e4-247e42f82fe3,2399,2,73,23,73.3833,4976,South Africa,66716,Teboho Mokoena,Left Defensive Midfield,102.1,13.8,0.0069,Saved,Right Foot,Free Kick,Normal,False,False,From Free Kick,77.5166,0,0,66.2,2.0094,3,Namibia
3920407,a7c5714e-7b58-4399-b46d-4980dc0ffea2,2432,2,74,47,74.7833,4976,South Africa,202037,Thapelo Maseko,Left Wing,102.7,31.2,0.1806,Goal,Left Foot,Open Play,Normal,False,True,From Counter,78.9122,1,0,48.8,2.1899,4,Namibia
3920407,4ad6fe16-8f45-4c80-9c62-92765ce9c64a,2743,2,87,21,87.35,4976,South Africa,66716,Teboho Mokoena,Left Defensive Midfield,98.2,51.3,0.0257,Blocked,Right Foot,Open Play,Half Volley,False,False,From Corner,91.4806,0,0,28.7,2.2157,4,Namibia
3920408,a97c720a-c26d-49ad-9486-eb2aec2f7cbc,117,1,4,32,4.5333,3374,Côte d'Ivoire,7023,Franck Yannick Kessié,Center Defensive Midfield,100.3,44.2,0.0401,Wayward,Right Foot,Open Play,Volley,True,True,From Corner,4.5482,0,0,35.8,0.0401,0,Equatorial Guinea
3920408,04861e29-f492-4cff-a5a5-dc0e381feb8d,121,1,4,34,4.5667,3374,Côte d'Ivoire,3017,Ibrahim Sangaré,Right Center Midfield,103.1,40.2,0.0229,Saved,Right Foot,Open Play,Half Volley,True,True,From Corner,4.5698,0,0,39.8,0.063,0,Equatorial Guinea
3920408,07dfe96f-6a92-44a2-895c-85d4736daec4,359,1,14,5,14.0833,4992,Equatorial Guinea,52324,Saúl Basilio Coco-Bassey Oubiña,Left Center Back,78.2,28.6,0.0068,Off T,Right Foot,Free Kick,Normal,False,False,From Free Kick,14.0861,0,0,51.4,0.0068,0,Côte d'Ivoire
3920408,1c4ab901-d09c-42d9-89ba-3553a56ea4b3,389,1,15,5,15.0833,3374,Côte d'Ivoire,12496,Christian Kouamé,Left Wing,116.5,50.3,0.0266,Wayward,Right Foot,Open Play,Backheel,True,False,Regular Play,15.0915,0,0,29.7,0.0896,0,Equatorial Guinea
3920408,6366a288-622e-4dad-8f14-456f584e8178,660,1,25,10,25.1667,3374,Côte d'Ivoire,212489,Oumar Diakité,Right Wing,103.5,50.4,0.0968,Off T,Left Foot,Open Play,Half Volley,True,False,From Throw In,25.1677,0,0,29.6,0.1864,0,Equatorial Guinea
3920408,57137452-dec3-467c-a248-51279929db9d,1094,1,41,2,41.0333,4992,Equatorial Guinea,13581,Emilio Nsue López,Center Forward,111.4,40.0,0.1719,Goal,Right Foot,Open Play,Normal,True,True,From Free Kick,41.0367,1,0,40.0,0.1786,1,Côte d'Ivoire
3920408,9f6bb10b-3a8f-4930-b623-2bf25b428c73,1109,1,43,32,43.5333,3374,Côte d'Ivoire,3017,Ibrahim Sangaré,Right Center Midfield,113.2,32.2,0.101,Off T,Head,Open Play,Normal,False,False,From Free Kick,43.5356,0,0,47.8,0.2874,0,Equatorial Guinea
3920408,5be783ea-f51d-4790-876c-79cd239d4260,1273,1,48,31,48.5167,3374,Côte d'Ivoire,7791,Seko Fofana,Left Center Midfield,109.3,34.3,0.0546,Blocked,Left Foot,Open Play,Half Volley,True,True,Regular Play,48.5279,0,0,45.7,0.342,0,Equatorial Guinea
3920408,2ae72ee2-86a9-4418-b16c-6405dccfea1b,1284,1,50,0,50.0,3374,Côte d'Ivoire,9933,Willy Boly,Right Center Back,113.0,43.2,0.1838,Wayward,Head,Open Play,Normal,False,False,From Corner,50.0097,0,0,36.8,0.5258,0,Equatorial Guinea
3920408,14a841ad-989a-47c6-b357-787bbfb11e6e,1331,2,46,1,46.0167,3374,Côte d'Ivoire,7713,Obite Evan Ndicka,Left Center Back,108.5,35.7,0.0826,Wayward,Head,Open Play,Normal,False,False,From Corner,51.2651,0,0,44.3,0.6083,0,Equatorial Guinea
3920408,437217ed-78da-4351-8ecf-c9554b7a39a5,1334,2,46,2,46.0333,3374,Côte d'Ivoire,3017,Ibrahim Sangaré,Right Center Midfield,116.5,48.9,0.119,Off T,Right Foot,Open Play,Half Volley,True,False,From Corner,51.2902,0,0,31.1,0.7273,0,Equatorial Guinea
3920408,59024e6a-ed19-455c-8f3d-ed4f14c1f088,1459,2,51,31,51.5167,3374,Côte d'Ivoire,10039,Ghislain Konan,Left Back,101.5,33.1,0.0523,Off T,Right Foot,Open Play,Half Volley,True,False,From Goal Kick,56.7628,0,0,46.9,0.7796,0,Equatorial Guinea
3920408,ae567f5f-df66-4905-a8cd-f7c273a44204,1496,2,53,8,53.1333,4992,Equatorial Guinea,52324,Saúl Basilio Coco-Bassey Oubiña,Left Center Back,87.5,25.2,0.0083,Saved,Right Foot,Free Kick,Normal,False,False,From Free Kick,58.3794,0,0,54.8,0.1869,1,Côte d'Ivoire
3920408,eeed41fd-b313-4c0f-bc1b-18279a464816,1525,2,54,32,54.5333,3374,Côte d'Ivoire,7791,Seko Fofana,Left Center Midfield,110.6,47.6,0.0493,Off T,Head,Open Play,Normal,False,False,From Goal Kick,59.7928,0,0,32.4,0.8289,0,Equatorial Guinea
3920408,a5bdb08f-1261-4400-ae1a-7ee4bb399e06,1570,2,57,1,57.0167,3374,Côte d'Ivoire,12496,Christian Kouamé,Left Wing,109.1,37.4,0.3245,Saved,Left Foot,Open Play,Half Volley,True,False,From Free Kick,62.2708,0,0,42.6,1.1534,0,Equatorial Guinea
3920408,68447fee-49ee-48c2-9a78-4a5e6a9e5e5f,1722,2,61,33,61.55,3374,Côte d'Ivoire,3013,Nicolas Pépé,Center Forward,95.9,55.2,0.0199,Off T,Left Foot,Open Play,Normal,False,False,From Throw In,66.7939,0,0,24.8,1.1733,0,Equatorial Guinea
3920408,08215bb4-7c52-4e5d-99d2-c56f0399a369,1926,2,72,2,72.0333,4992,Equatorial Guinea,105942,Pablo Ganet Cómitre,Right Defensive Midfield,95.5,26.0,0.0434,Goal,Right Foot,Free Kick,Normal,False,False,From Free Kick,77.2816,1,0,54.0,0.2303,2,Côte d'Ivoire
3920408,df580bb0-a5d0-4eab-b681-5ad827f4c71c,1946,2,74,45,74.75,4992,Equatorial Guinea,13581,Emilio Nsue López,Center Forward,107.5,43.7,0.2693,Goal,Right Foot,Open Play,Normal,False,True,From Counter,79.9961,1,0,36.3,0.4996,3,Côte d'Ivoire
3920408,9967038a-a1c6-4556-a83c-1f00f4abeb59,1974,2,76,45,76.75,3374,Côte d'Ivoire,136074,Karim Konaté,Left Center Forward,115.1,34.6,0.2834,Off T,Right Foot,Open Play,Normal,True,False,From Throw In,81.9984,0,0,45.4,1.4567,0,Equatorial Guinea
3920408,a0bdf182-1251-40d5-b766-cc84d38c8de5,1993,2,78,11,78.1833,3374,Côte d'Ivoire,7791,Seko Fofana,Left Center Midfield,93.7,35.2,0.0238,Off T,Right Foot,Open Play,Normal,True,False,From Throw In,83.4312,0,0,44.8,1.4805,0,Equatorial Guinea
3920408,a4b17054-0b36-4e12-8446-215d049bfbdc,2037,2,78,57,78.95,4992,Equatorial Guinea,136411,Juan José Óscar Siafá Etoha,Center Forward,103.6,58.7,0.0117,Blocked,Right Foot,Open Play,Normal,False,False,Regular Play,84.2002,0,0,21.3,0.5113,3,Côte d'Ivoire
3920408,526fda93-2c39-4b1f-a1be-ff4c9f2d67d7,2161,2,81,54,81.9,3374,Côte d'Ivoire,43072,Jean-Philippe Krasso,Right Center Forward,114.9,44.9,0.3018,Saved,Right Foot,Open Play,Normal,True,False,From Free Kick,87.1453,0,0,35.1,1.7823,0,Equatorial Guinea
3920408,4fa1f482-f769-45d0-9734-fb2ad3e47f18,2205,2,83,27,83.45,4992,Equatorial Guinea,136414,Luis Miguel Nlavo Asue,Right Midfield,105.0,36.3,0.0437,Saved,Left Foot,Open Play,Half Volley,True,True,From Corner,88.6978,0,0,43.7,0.5551,3,Côte d'Ivoire
3920408,110e741a-9cc0-4e20-a888-33015e831820,2236,2,84,54,84.9,3374,Côte d'Ivoire,4416,Max-Alain Gradel,Right Center Midfield,113.5,52.8,0.0547,Wayward,Right Foot,Open Play,Normal,False,False,Regular Play,90.1461,0,0,27.2,1.837,0,Equatorial Guinea
3920408,45fb05a2-1dc3-45e9-a660-b787bcaac399,2262,2,85,59,85.9833,3374,Côte d'Ivoire,43072,Jean-Philippe Krasso,Right Center Forward,104.1,53.0,0.0506,Off T,Left Foot,Open Play,Normal,False,False,From Corner,91.2285,0,0,27.0,1.8876,0,Equatorial Guinea
3920408,2cb04b94-01b1-4c65-a28f-5d4a76661d79,2306,2,87,39,87.65,4992,Equatorial Guinea,136414,Luis Miguel Nlavo Asue,Right Midfield,105.3,59.3,0.0113,Saved,Right Foot,Open Play,Normal,False,True,From Counter,92.9028,0,0,20.7,0.5663,3,Côte d'Ivoire
3920408,a34109f8-7d5c-4b99-8104-6e0bf5127042,2309,2,87,41,87.6833,4992,Equatorial Guinea,40128,Jannick Buyla Sam,Center Attacking Midfield,106.9,44.0,0.2517,Goal,Right Foot,Open Play,Half Volley,True,False,From Counter,92.9328,1,0,36.0,0.818,4,Côte d'Ivoire
3920408,1d421b3f-577f-4af1-ae4f-381167eb0dbc,2388,2,91,38,91.6333,3374,Côte d'Ivoire,4416,Max-Alain Gradel,Right Center Midfield,102.9,17.3,0.0094,Blocked,Right Foot,Free Kick,Normal,False,False,From Free Kick,96.8827,0,0,62.7,1.897,0,Equatorial Guinea
3920408,ee77f368-46ea-4e23-a168-6654d8a557ca,2466,2,93,24,93.4,3374,Côte d'Ivoire,136074,Karim Konaté,Left Center Forward,98.9,51.4,0.0419,Off T,Left Foot,Open Play,Normal,False,False,From Keeper,98.6458,0,0,28.6,1.9389,0,Equatorial Guinea
3920408,64bc6f2e-c999-4312-ac05-b44b612a55b9,2546,2,95,27,95.45,4992,Equatorial Guinea,136414,Luis Miguel Nlavo Asue,Right Midfield,108.1,37.1,0.2747,Off T,Left Foot,Open Play,Normal,True,False,From Free Kick,100.7024,0,0,42.9,1.0927,4,Côte d'Ivoire
3920408,a7c542b6-80ff-4af7-a237-e2e5faa107b1,2574,2,96,14,96.2333,3374,Côte d'Ivoire,105392,Simon Adingra,Left Wing Back,103.8,27.3,0.0416,Blocked,Right Foot,Open Play,Normal,False,True,Regular Play,101.4777,0,0,52.7,1.9805,0,Equatorial Guinea
3920408,abf17702-004e-41c0-ba7b-a23f7f991515,2579,2,96,15,96.25,3374,Côte d'Ivoire,136074,Karim Konaté,Left Center Forward,108.8,30.3,0.089,Off T,Left Foot,Open Play,Normal,True,False,Regular Play,101.497,0,0,49.7,2.0695,0,Equatorial Guinea
3920409,f363d2aa-5743-4684-9924-2cedfce49c02,21,1,0,14,0.2333,775,Nigeria,11277,Victor James Osimhen,Center Forward,100.8,44.2,0.0573,Blocked,Left Foot,Open Play,Half Volley,False,False,From Kick Off,0.2489,0,0,35.8,0.0573,0,Guinea-Bissau
3920409,5dc9cf57-8655-4e50-b74c-3aa2e6791eee,76,1,1,43,1.7167,775,Nigeria,18163,Moses Daddy-Ajala Simon,Left Attacking Midfield,97.6,37.5,0.0439,Blocked,Right Foot,Open Play,Normal,True,False,From Free Kick,1.7325,0,0,42.5,0.1012,0,Guinea-Bissau
3920409,cb19607b-46e1-430e-ba49-a0a65aab1e4b,294,1,6,3,6.05,4894,Guinea-Bissau,363738,Fernando de Lacerda Gomes,Right Defensive Midfield,88.4,31.2,0.0211,Saved,Right Foot,Open Play,Normal,False,False,Regular Play,6.0651,0,0,48.8,0.0211,0,Nigeria
3920409,7ad27ffb-4e70-483d-99ef-e70cb81d3de0,573,1,11,54,11.9,4894,Guinea-Bissau,46312,Famana Quizera,Right Wing,94.4,23.4,0.0172,Off T,Right Foot,Open Play,Normal,False,False,From Throw In,11.9117,0,0,56.6,0.0383,0,Nigeria
3920409,8f53871f-bbe2-48ed-92f9-ecb5ac2a86dd,869,1,20,6,20.1,775,Nigeria,3856,Joe Aribo,Left Defensive Midfield,100.7,34.3,0.0549,Saved,Left Foot,Open Play,Normal,True,True,Regular Play,20.1006,0,0,45.7,0.1561,0,Guinea-Bissau
3920409,708f310a-9ba3-4178-9149-c027ece35758,887,1,20,41,20.6833,4894,Guinea-Bissau,10854,Euciodálcio Gomes,Center Attacking Midfield,94.9,37.0,0.0293,Saved,Right Foot,Open Play,Normal,False,False,From Keeper,20.6987,0,0,43.0,0.0676,0,Nigeria
3920409,ca52d38e-21c5-4ee0-8513-b2d384f62a59,1074,1,27,33,27.55,775,Nigeria,16335,Samuel Chimerenka Chukwueze,Right Attacking Midfield,109.8,55.9,0.0213,Blocked,Left Foot,Open Play,Normal,False,False,From Free Kick,27.5598,0,0,24.1,0.1774,0,Guinea-Bissau
3920409,4d0a66f6-2396-4d2b-af16-02b2aea7498f,1413,1,39,41,39.6833,4894,Guinea-Bissau,46312,Famana Quizera,Right Wing,92.4,18.7,0.0067,Wayward,Right Foot,Open Play,Normal,True,False,From Throw In,39.6952,0,0,61.3,0.0743,0,Nigeria
3920409,7acccf22-e800-4c17-9aad-737af5030f54,1534,1,42,9,42.15,4894,Guinea-Bissau,46312,Famana Quizera,Right Wing,94.0,42.5,0.0327,Blocked,Right Foot,Open Play,Normal,False,True,Regular Play,42.1627,0,0,37.5,0.107,0,Nigeria
3920409,f618dfc4-e2c0-4570-bc8f-352cedf7318b,1581,1,44,46,44.7667,4894,Guinea-Bissau,20840,Zinho Gano,Center Forward,106.0,36.7,0.06,Off T,Head,Open Play,Normal,False,False,From Free Kick,44.7828,0,0,43.3,0.1669,0,Nigeria
3920409,f798e727-3985-4196-844c-ef912193cfa3,1729,1,48,17,48.2833,775,Nigeria,11277,Victor James Osimhen,Center Forward,106.8,44.4,0.0851,Off T,Head,Open Play,Normal,False,False,Regular Play,48.2996,0,0,35.6,0.2625,0,Guinea-Bissau
3920409,16a1e2ec-81ed-401f-aa19-023a7f24f5c3,1963,2,50,20,50.3333,4894,Guinea-Bissau,46312,Famana Quizera,Left Wing,87.3,62.6,0.0075,Off T,Right Foot,Free Kick,Normal,False,False,From Free Kick,54.6274,0,0,17.4,0.1745,0,Nigeria
3920409,1f6ed3b8-ef06-412b-b473-f7cc4af5d7ae,2141,2,55,45,55.75,775,Nigeria,11277,Victor James Osimhen,Center Forward,110.7,42.2,0.0749,Off T,Head,Open Play,Normal,False,True,From Free Kick,60.0377,0,0,37.8,0.3374,0,Guinea-Bissau
3920409,9d0f0b53-9ff6-41c1-a68d-0e69a857b98a,2151,2,56,25,56.4167,4894,Guinea-Bissau,10854,Euciodálcio Gomes,Center Attacking Midfield,98.3,41.7,0.0477,Saved,Left Foot,Open Play,Normal,False,False,From Goal Kick,60.6978,0,0,38.3,0.2222,0,Nigeria
3920409,44917ee6-b1cc-4d5f-bc89-e49321dec4cc,2234,2,58,4,58.0667,775,Nigeria,24467,Frank Onyeka,Right Defensive Midfield,102.4,43.4,0.0937,Blocked,Right Foot,Open Play,Normal,True,False,Regular Play,62.3618,0,0,36.6,0.4311,0,Guinea-Bissau
3920409,0c3025ac-6c85-4e63-a366-abf429c85160,2370,2,63,31,63.5167,775,Nigeria,3647,Alex Iwobi,Left Defensive Midfield,99.2,41.2,0.0503,Off T,Right Foot,Open Play,Normal,True,False,From Corner,67.8071,0,0,38.8,0.4814,0,Guinea-Bissau
3920409,18c6c66b-301c-4d9f-8031-5813549e05b7,2582,2,68,54,68.9,775,Nigeria,11492,Temitayo Olufisayo Olaoluwa Aina,Left Wing Back,108.7,25.1,0.0446,Off T,Left Foot,Open Play,Half Volley,True,False,Regular Play,73.1865,0,0,54.9,0.526,0,Guinea-Bissau
3920409,5841e780-6b43-4e49-8c84-48cd50c71f9c,2889,2,77,39,77.65,775,Nigeria,11277,Victor James Osimhen,Center Forward,112.9,39.8,0.1562,Off T,Head,Open Play,Normal,False,True,Regular Play,81.9326,0,0,40.2,0.6822,0,Guinea-Bissau
3920409,66239354-0bc0-4d5a-859d-588367bbcc2e,2912,2,80,7,80.1167,4894,Guinea-Bissau,41052,Fali Candé,Left Back,86.5,45.5,0.022,Saved,Left Foot,Free Kick,Normal,False,False,From Free Kick,84.3965,0,0,34.5,0.2443,0,Nigeria
3920409,3b5c00d7-46c9-4955-8ec6-f22cf6f63f6d,2917,2,80,35,80.5833,4894,Guinea-Bissau,363738,Fernando de Lacerda Gomes,Right Defensive Midfield,113.5,48.4,0.0539,Off T,Head,Open Play,Normal,False,False,From Corner,84.8644,0,0,31.6,0.2982,0,Nigeria
3920409,3a1164e1-870d-4e7f-a4b4-5eaa1a782195,2931,2,81,8,81.1333,775,Nigeria,18163,Moses Daddy-Ajala Simon,Right Attacking Midfield,111.9,39.2,0.2886,Blocked,Left Foot,Open Play,Normal,False,True,From Goal Kick,85.4279,0,0,40.8,0.9708,0,Guinea-Bissau
3920409,284f4e29-364f-48c0-9f67-510478e81cf5,3044,2,85,8,85.1333,4894,Guinea-Bissau,391434,Marciano Sanca Tchami,Left Wing,95.7,20.8,0.0108,Saved,Right Foot,Open Play,Normal,False,False,From Free Kick,89.4146,0,0,59.2,0.309,0,Nigeria
3920409,85870535-554d-494a-9858-a21fefe34cdf,3119,2,88,23,88.3833,4894,Guinea-Bissau,41052,Fali Candé,Left Back,91.0,46.1,0.0425,Off T,Left Foot,Free Kick,Normal,False,False,From Free Kick,92.6654,0,0,33.9,0.3515,0,Nigeria
3920410,0cecb954-7ee5-4c5b-994a-f803f47b1041,31,1,0,25,0.4167,4885,Ghana,9286,Antoine Semenyo,Center Forward,97.2,38.7,0.0413,Saved,Right Foot,Open Play,Normal,False,False,From Throw In,0.4274,0,0,41.3,0.0413,0,Mozambique
3920410,32894db0-8d24-4e57-92a8-78a0652b6f98,421,1,14,47,14.7833,4885,Ghana,3450,Jordan Ayew,Left Wing,108.1,40.1,0.7835,Goal,Right Foot,Penalty,Normal,False,False,Other,14.7992,1,1,39.9,0.8248,1,Mozambique
3920410,048e4173-2699-4bda-a241-1aa27dc2da19,1198,1,41,42,41.7,4978,Mozambique,10865,Witiness Chimoio João Quembo,Left Wing,97.7,18.8,0.0089,Off T,Left Foot,Open Play,Normal,False,False,Regular Play,41.7051,0,0,61.2,0.0089,0,Ghana
3920410,ef22d437-d459-449f-98ea-1ee43cc0c461,1406,1,48,41,48.6833,4885,Ghana,17033,Mohammed Kudus,Center Attacking Midfield,90.5,45.2,0.026,Off T,Left Foot,Open Play,Normal,False,False,From Counter,48.695,0,0,34.8,0.8508,1,Mozambique
3920410,b3649b4a-d179-44a6-b97a-b6237e2920ac,1496,2,45,20,45.3333,4885,Ghana,17033,Mohammed Kudus,Center Attacking Midfield,99.4,39.7,0.0668,Blocked,Left Foot,Open Play,Normal,False,False,From Kick Off,50.4631,0,0,40.3,0.9176,1,Mozambique
3920410,e680b0b1-95d0-4e60-8542-934b173a58a1,1563,2,47,12,47.2,4978,Mozambique,106082,Pachoio Lau Há King,Center Forward,110.5,39.7,0.0737,Off T,Head,Open Play,Normal,False,True,From Throw In,52.3268,0,0,40.3,0.0826,0,Ghana
3920410,f314624d-7c12-4ae7-9937-7cb03e583476,1604,2,49,1,49.0167,4978,Mozambique,106070,Bruno Alberto Langa,Left Back,103.7,36.2,0.1632,Saved,Left Foot,Open Play,Normal,True,False,From Free Kick,54.1476,0,0,43.8,0.2458,0,Ghana
3920410,cdcab42c-b76d-4f6f-bcdc-bd26396404e5,1763,2,53,17,53.2833,4978,Mozambique,127300,Geny Cipriano Catamo,Right Wing,109.4,54.8,0.0404,Blocked,Right Foot,Open Play,Normal,False,True,From Free Kick,58.4225,0,0,25.2,0.2862,0,Ghana
3920410,eaa6dcb0-6c64-470b-bff6-a8240a963b7e,1769,2,54,0,54.0,4978,Mozambique,23706,Alfons Amade,Right Defensive Midfield,105.6,40.5,0.0499,Saved,Head,Open Play,Normal,False,False,From Corner,59.1409,0,0,39.5,0.3361,0,Ghana
3920410,e3c5a5ec-d653-4ed5-bdaa-a71814905d56,1831,2,57,22,57.3667,4885,Ghana,17033,Mohammed Kudus,Center Attacking Midfield,95.1,43.2,0.0432,Blocked,Right Foot,Open Play,Normal,False,False,From Throw In,62.4962,0,0,36.8,0.9608,1,Mozambique
3920410,29685265-dc80-410b-a155-052552462aba,1964,2,60,53,60.8833,4978,Mozambique,129475,Feliciano João Jone,Left Defensive Midfield,114.7,47.0,0.086,Off T,Head,Open Play,Normal,False,False,From Corner,66.0212,0,0,33.0,0.4221,0,Ghana
3920410,b4b4da6b-ac4f-42ea-a658-969bdc3b0c3f,2053,2,65,35,65.5833,4885,Ghana,17033,Mohammed Kudus,Center Attacking Midfield,111.2,47.7,0.0766,Blocked,Right Foot,Open Play,Volley,True,True,Regular Play,70.7191,0,0,32.3,1.0374,1,Mozambique
3920410,c3b1dd9d-a436-4e69-9fb8-3f18449c9038,2058,2,69,9,69.15,4885,Ghana,3450,Jordan Ayew,Left Wing,108.0,40.0,0.7835,Goal,Right Foot,Penalty,Normal,False,False,Other,74.2904,1,1,40.0,1.8209,2,Mozambique
3920410,8761a66b-6347-41ef-bbe8-ad805b0805a8,2075,2,71,39,71.65,4978,Mozambique,23706,Alfons Amade,Right Defensive Midfield,114.0,44.7,0.1218,Off T,Head,Open Play,Normal,False,True,From Corner,76.7816,0,0,35.3,0.5439,0,Ghana
3920410,94cc27da-6953-4ad9-95f1-10b2ca77c3dc,2135,2,74,25,74.4167,4978,Mozambique,106068,Gildo Lourenço Vilanculos,Left Midfield,105.9,48.4,0.0334,Off T,Head,Open Play,Normal,False,True,From Free Kick,79.5467,0,0,31.6,0.5773,0,Ghana
3920410,8064405a-a6c6-4ef8-97e1-e66769a6eab3,2331,2,84,21,84.35,4885,Ghana,17033,Mohammed Kudus,Right Attacking Midfield,86.8,38.4,0.0222,Saved,Left Foot,Free Kick,Normal,False,False,From Free Kick,89.486,0,0,41.6,1.8432,2,Mozambique
3920410,b39784de-a261-4ca9-a905-7e1c8324ba78,2494,2,90,38,90.6333,4978,Mozambique,127300,Geny Cipriano Catamo,Right Center Forward,108.1,40.1,0.7835,Goal,Left Foot,Penalty,Normal,False,False,Other,95.7664,1,1,39.9,1.3608,1,Ghana
3920410,314479e3-0885-42ee-baae-a4b4851c43ea,2524,2,92,10,92.1667,4978,Mozambique,3250,Edson André Sitoe,Right Center Back,86.4,54.6,0.0058,Blocked,Right Foot,Open Play,Normal,False,False,From Throw In,97.3011,0,0,25.4,1.3666,1,Ghana
3920410,aa8357ba-3421-4bd8-b6e8-6b9992c27b3d,2535,2,92,26,92.4333,4978,Mozambique,10848,Reinildo Isnard Mandava,Left Center Back,96.2,37.3,0.0258,Wayward,Left Foot,Open Play,Half Volley,True,False,From Corner,97.5663,0,0,42.7,1.3924,1,Ghana
3920410,b19a9467-b041-4588-b46d-604da5c23492,2541,2,93,6,93.1,4978,Mozambique,10848,Reinildo Isnard Mandava,Left Center Back,111.0,41.0,0.0606,Goal,Head,Open Play,Normal,False,True,From Corner,98.2293,1,0,39.0,1.4531,2,Ghana
3920410,04193311-3485-4a87-80dd-888b1dd68e8d,2583,2,95,40,95.6667,4978,Mozambique,417067,Infren David da Conceição Matola,Right Back,89.0,48.9,0.0196,Blocked,Right Foot,Open Play,Normal,False,False,From Free Kick,100.7964,0,0,31.1,1.4727,2,Ghana
3920410,ecaeb2b0-93fd-409f-b680-a96b1c3b1808,2591,2,95,49,95.8167,4978,Mozambique,106068,Gildo Lourenço Vilanculos,Left Center Midfield,106.5,37.7,0.067,Off T,Head,Open Play,Normal,False,False,From Free Kick,100.945,0,0,42.3,1.5396,2,Ghana
3920411,89e0e451-8056-4fb8-a290-1c9c6299c2c2,516,1,12,1,12.0167,774,Egypt,66886,Mostafa Mohamed Ahmed Abdallah,Center Forward,112.9,38.3,0.1913,Off T,Head,Open Play,Normal,False,False,Regular Play,12.0209,0,0,41.7,0.1913,0,Cape Verde Islands
3920411,c647c91d-2255-41ad-ae04-ee05960ccc4f,554,1,13,1,13.0167,774,Egypt,66878,Ahmed Sayed,Right Wing,107.1,59.7,0.0094,Blocked,Right Foot,Open Play,Normal,False,False,Regular Play,13.0248,0,0,20.3,0.2007,0,Cape Verde Islands
3920411,749b4768-0e80-4da6-b6c5-652118251d71,560,1,13,2,13.0333,774,Egypt,66887,Hamdi Fathi,Right Center Midfield,108.5,52.8,0.0483,Blocked,Right Foot,Open Play,Normal,False,False,Regular Play,13.0485,0,0,27.2,0.2489,0,Cape Verde Islands
3920411,1c11adf3-f461-4c92-a01b-f1f8b52ce6f9,598,1,13,43,13.7167,774,Egypt,67742,Emam Ashour Metwally Abdelghany,Left Center Midfield,86.9,27.9,0.0067,Saved,Right Foot,Open Play,Normal,False,True,Regular Play,13.7257,0,0,52.1,0.2557,0,Cape Verde Islands
3920411,3430d310-9d8c-49ac-982c-5c7c8bcb5a44,831,1,19,7,19.1167,774,Egypt,40761,Omar Marmoush,Left Wing,89.9,30.9,0.0193,Saved,Right Foot,Open Play,Normal,False,False,Regular Play,19.1187,0,0,49.1,0.275,0,Cape Verde Islands
3920411,d53c9a5d-1da2-4664-b861-0ecebaa9394e,835,1,19,9,19.15,774,Egypt,66886,Mostafa Mohamed Ahmed Abdallah,Center Forward,110.0,34.4,0.2061,Saved,Right Foot,Open Play,Half Volley,True,True,Regular Play,19.1576,0,0,45.6,0.4811,0,Cape Verde Islands
3920411,2aa7bf56-1759-4dcb-ad48-a34696172d5f,931,1,21,37,21.6167,774,Egypt,67737,Ahmed Mohamed Abo El Fotouh Mohamed,Left Back,99.8,53.3,0.0298,Blocked,Left Foot,Open Play,Normal,False,False,From Corner,21.6244,0,0,26.7,0.5109,0,Cape Verde Islands
3920411,113efc38-3f77-4e5a-a161-a526d6d17ef4,937,1,21,47,21.7833,774,Egypt,67742,Emam Ashour Metwally Abdelghany,Left Center Midfield,106.1,28.1,0.0425,Blocked,Right Foot,Open Play,Normal,False,False,From Corner,21.7849,0,0,51.9,0.5534,0,Cape Verde Islands
3920411,6d19eb5b-aa98-4da2-80ba-1ddb8294d187,1146,1,26,45,26.75,774,Egypt,67742,Emam Ashour Metwally Abdelghany,Left Center Midfield,93.2,36.4,0.0293,Off T,Right Foot,Open Play,Normal,True,False,Regular Play,26.7605,0,0,43.6,0.5827,0,Cape Verde Islands
3920411,f680e65b-34f3-4532-b128-9d693ea406d3,1256,1,32,39,32.65,4924,Cape Verde Islands,105936,Gilson Benchimol Tavares,Center Forward,104.3,57.4,0.0254,Blocked,Right Foot,Open Play,Normal,False,False,From Free Kick,32.6537,0,0,22.6,0.0254,0,Egypt
3920411,bd801194-bcd6-4334-aec6-31416765d42b,1466,1,39,25,39.4167,774,Egypt,67737,Ahmed Mohamed Abo El Fotouh Mohamed,Left Back,96.3,53.4,0.0244,Blocked,Left Foot,Open Play,Normal,True,False,From Free Kick,39.426,0,0,26.6,0.6072,0,Cape Verde Islands
3920411,04cfb107-01c2-461b-aee4-0bcc54c1959d,1470,1,39,27,39.45,774,Egypt,67737,Ahmed Mohamed Abo El Fotouh Mohamed,Left Back,95.4,44.2,0.0381,Blocked,Left Foot,Open Play,Normal,True,False,From Free Kick,39.456,0,0,35.8,0.6452,0,Cape Verde Islands
3920411,c3b327e6-76f5-47d3-a7d2-6fd93517c7d3,1523,1,40,50,40.8333,774,Egypt,66878,Ahmed Sayed,Right Wing,102.5,56.0,0.0272,Off T,Right Foot,Open Play,Normal,False,False,Regular Play,40.8413,0,0,24.0,0.6724,0,Cape Verde Islands
3920411,86e78551-6270-4e31-9dae-cf33b1a2af8a,1599,1,45,1,45.0167,4924,Cape Verde Islands,105936,Gilson Benchimol Tavares,Center Forward,106.8,41.5,0.0568,Goal,Left Foot,Open Play,Half Volley,False,False,From Throw In,45.0298,1,0,38.5,0.0823,1,Egypt
3920411,e914537c-90b1-4b8d-bbfd-88a43ff960b5,1803,2,45,19,45.3167,774,Egypt,5261,Mahmoud Ibrahim Hassan,Left Midfield,109.4,51.4,0.1279,Off T,Right Foot,Open Play,Normal,True,False,From Kick Off,50.3867,0,0,28.6,0.8003,0,Cape Verde Islands
3920411,a98269b3-f944-4670-81bd-5080755f6c2b,1836,2,46,30,46.5,774,Egypt,66886,Mostafa Mohamed Ahmed Abdallah,Right Center Forward,110.5,33.6,0.0403,Blocked,Head,Open Play,Normal,False,True,From Throw In,51.5803,0,0,46.4,0.8407,0,Cape Verde Islands
3920411,53916366-4e31-461b-8d3d-b260df94c6ca,1850,2,46,46,46.7667,774,Egypt,70682,Marwan Attia Fahim Ghallab,Left Defensive Midfield,87.7,45.6,0.0196,Off T,Right Foot,Open Play,Normal,False,False,From Throw In,51.8382,0,0,34.4,0.8602,0,Cape Verde Islands
3920411,ebb97a25-3b54-495c-bb55-35162f5a9c44,1927,2,48,32,48.5333,774,Egypt,66886,Mostafa Mohamed Ahmed Abdallah,Right Center Forward,112.9,38.4,0.096,Blocked,Head,Open Play,Normal,False,True,Regular Play,53.6095,0,0,41.6,0.9563,0,Cape Verde Islands
3920411,8f739ec9-ab13-4629-a790-6a3a59ce7919,1942,2,49,7,49.1167,774,Egypt,5261,Mahmoud Ibrahim Hassan,Left Midfield,113.8,29.2,0.1145,Goal,Left Foot,Open Play,Volley,False,False,From Corner,54.1901,1,0,50.8,1.0707,1,Cape Verde Islands
3920411,e703be69-64f5-4daf-86ed-eedcdb93c8dc,2022,2,51,17,51.2833,774,Egypt,5261,Mahmoud Ibrahim Hassan,Left Midfield,91.3,42.1,0.0325,Off T,Right Foot,Open Play,Normal,False,False,Regular Play,56.3614,0,0,37.9,1.1033,1,Cape Verde Islands
3920411,22b9eafd-7da2-475f-8b12-d417ab6fb6cb,2147,2,55,16,55.2667,774,Egypt,66878,Ahmed Sayed,Right Midfield,95.8,46.6,0.0368,Blocked,Left Foot,Open Play,Normal,False,False,Regular Play,60.3396,0,0,33.4,1.1401,1,Cape Verde Islands
3920411,c19d761e-8412-4830-b624-2f77b72cf996,2168,2,55,36,55.6,774,Egypt,66886,Mostafa Mohamed Ahmed Abdallah,Right Center Forward,107.6,40.2,0.037,Blocked,Head,Open Play,Normal,False,True,Regular Play,60.6723,0,0,39.8,1.177,1,Cape Verde Islands
3920411,adf021f2-3820-4866-834b-34034ca60427,2173,2,56,17,56.2833,774,Egypt,69563,Mohamed Abdelmonem,Left Center Back,113.9,50.2,0.0459,Wayward,Head,Open Play,Normal,False,False,From Corner,61.3603,0,0,29.8,1.2229,1,Cape Verde Islands
3920411,5b3fe3d9-1b64-431d-9a10-8c4215b79154,2374,2,61,36,61.6,774,Egypt,5261,Mahmoud Ibrahim Hassan,Left Midfield,107.3,20.1,0.0085,Saved,Right Foot,Open Play,Normal,False,False,From Goal Kick,66.6777,0,0,59.9,1.2315,1,Cape Verde Islands
3920411,9c4c7416-1a8b-42e6-8fdf-0ccb3954d10a,2528,2,67,23,67.3833,774,Egypt,40761,Omar Marmoush,Left Center Forward,93.6,38.0,0.0592,Blocked,Right Foot,Free Kick,Normal,False,False,From Free Kick,72.4592,0,0,42.0,1.2907,1,Cape Verde Islands
3920411,d6d0edb0-4ae1-4a21-bff5-9edd28f5d7fd,2633,2,72,30,72.5,4924,Cape Verde Islands,28413,Willy Afonso Semedo Johnson,Right Midfield,96.6,44.7,0.0259,Blocked,Left Foot,Open Play,Half Volley,False,False,From Free Kick,77.5713,0,0,35.3,0.1081,1,Egypt
3920411,ec0e92c9-2682-46f0-a1dd-4d998f27ed6c,2906,2,81,10,81.1667,4924,Cape Verde Islands,28413,Willy Afonso Semedo Johnson,Right Midfield,109.6,55.4,0.0275,Blocked,Right Foot,Open Play,Normal,False,True,Regular Play,86.2418,0,0,24.6,0.1356,1,Egypt
3920411,c1619d52-5a03-4da1-9a8c-b3294c9cbe29,2994,2,83,47,83.7833,774,Egypt,66886,Mostafa Mohamed Ahmed Abdallah,Left Center Forward,111.1,35.0,0.2206,Off T,Right Foot,Open Play,Half Volley,True,True,From Free Kick,88.8649,0,0,45.0,1.5113,1,Cape Verde Islands
3920411,64b78cd1-bc9e-4c21-b883-7f559fa08ebf,3050,2,85,32,85.5333,4924,Cape Verde Islands,32868,Bryan Alberto Silva Teixeira Jr.,Center Forward,113.5,34.2,0.1514,Saved,Head,Open Play,Normal,False,False,From Corner,90.6183,0,0,45.8,0.287,1,Egypt
3920411,4e9b0cfd-dd8b-4295-9401-09cac4053263,3081,2,86,34,86.5667,774,Egypt,67742,Emam Ashour Metwally Abdelghany,Right Defensive Midfield,99.6,27.4,0.0561,Saved,Left Foot,Open Play,Normal,False,False,From Counter,91.6474,0,0,52.6,1.5674,1,Cape Verde Islands
3920411,ea54dd90-935a-4dda-94e0-2e06d61771fb,3187,2,90,20,90.3333,774,Egypt,68755,Mostafa Fathi,Right Midfield,117.2,54.5,0.0126,Blocked,Left Foot,Open Play,Half Volley,True,True,From Corner,95.4152,0,0,25.5,1.58,1,Cape Verde Islands
3920411,a617900a-777c-4903-95e0-b60b8fb2c9ab,3248,2,92,6,92.1,774,Egypt,66886,Mostafa Mohamed Ahmed Abdallah,Left Center Forward,103.3,38.0,0.1845,Goal,Right Foot,Open Play,Lob,False,True,Regular Play,97.172,1,0,42.0,1.7645,2,Cape Verde Islands
3920411,0aba8c11-ab25-472d-b3fc-da4fb2791e06,3338,2,98,39,98.65,4924,Cape Verde Islands,32868,Bryan Alberto Silva Teixeira Jr.,Center Forward,117.5,48.7,0.1199,Goal,Right Foot,Open Play,Normal,False,False,Regular Play,103.7294,1,0,31.3,0.407,2,Egypt
3920412,ca9baf4c-a44b-429f-b3e8-e1c0ac715d24,291,1,6,34,6.5667,787,Senegal,2941,Ismaïla Sarr,Right Midfield,107.3,56.0,0.0725,Blocked,Right Foot,Open Play,Normal,True,False,From Counter,6.5764,0,0,24.0,0.0725,0,Guinea
3920412,0dbb999f-a137-4d28-899d-a2319de06739,296,1,7,10,7.1667,787,Senegal,25759,Abdoulaye Seck,Right Center Back,106.6,36.5,0.0238,Blocked,Head,Open Play,Normal,False,False,From Corner,7.1753,0,0,43.5,0.0964,0,Guinea
3920412,5c5cfc49-646b-478a-9f9a-6c8926c91d6b,345,1,9,12,9.2,787,Senegal,4506,Nampalys Mendy,Left Center Midfield,96.3,50.4,0.0196,Blocked,Right Foot,Open Play,Half Volley,True,False,From Free Kick,9.2074,0,0,29.6,0.116,0,Guinea
3920412,6de0cb34-048a-401b-acf5-e42ef59a574b,537,1,14,8,14.1333,787,Senegal,2941,Ismaïla Sarr,Right Midfield,110.4,52.8,0.0327,Blocked,Right Foot,Open Play,Normal,False,False,From Throw In,14.1367,0,0,27.2,0.1487,0,Guinea
3920412,e8dd782d-1f19-49ab-9837-5c6820e99985,1055,1,27,32,27.5333,787,Senegal,4506,Nampalys Mendy,Left Center Midfield,94.7,41.2,0.0315,Blocked,Left Foot,Open Play,Normal,False,False,From Free Kick,27.539,0,0,38.8,0.1801,0,Guinea
3920412,50566835-fb93-4b0b-952f-5d5552357fe2,1846,2,49,50,49.8333,787,Senegal,3629,Sadio Mané,Left Midfield,106.7,41.5,0.0188,Blocked,Head,Open Play,Normal,False,True,From Corner,54.9096,0,0,38.5,0.1989,0,Guinea
3920412,1d6e0d03-f14f-4c24-abc2-e545217e347c,1881,2,51,39,51.65,787,Senegal,25759,Abdoulaye Seck,Right Center Back,113.3,33.8,0.1209,Off T,Head,Open Play,Normal,False,False,From Free Kick,56.7224,0,0,46.2,0.3198,0,Guinea
3920412,0133d433-9715-4daa-b7ca-0518f4c072b4,1940,2,55,39,55.65,4892,Guinea,406457,Facinet Conte,Left Midfield,101.5,38.0,0.1107,Blocked,Right Foot,Open Play,Normal,False,True,From Keeper,60.7218,0,0,42.0,0.1107,0,Senegal
3920412,c491cb13-7a00-44a9-8a99-42a02c75b72e,1964,2,55,58,55.9667,787,Senegal,3629,Sadio Mané,Left Midfield,108.8,58.4,0.1356,Off T,Right Foot,Open Play,Normal,False,False,Regular Play,61.0324,0,0,21.6,0.4554,0,Guinea
3920412,21d10fc4-f482-410a-9d3f-2b0af9917ead,2084,2,59,18,59.3,787,Senegal,25759,Abdoulaye Seck,Right Center Back,112.7,45.8,0.0491,Wayward,Head,Open Play,Normal,False,True,From Corner,64.3674,0,0,34.2,0.5045,0,Guinea
3920412,a3353b8b-505f-4796-826a-683cdf0bc488,2116,2,60,54,60.9,787,Senegal,25759,Abdoulaye Seck,Right Center Back,114.6,36.7,0.231,Goal,Head,Open Play,Normal,False,True,From Free Kick,65.9646,1,0,43.3,0.7355,1,Guinea
3920412,d8b24dda-1f5d-4507-9f8b-9b7bd446864a,2166,2,63,56,63.9333,787,Senegal,20758,Krépin Diatta,Right Back,98.1,46.0,0.0542,Wayward,Left Foot,Open Play,Normal,False,False,Regular Play,68.9989,0,0,34.0,0.7896,1,Guinea
3920412,d555cdf3-64de-4864-865a-75f2dded6444,2214,2,66,19,66.3167,4892,Guinea,47351,Morgan Guilavogui,Right Wing,114.7,37.3,0.344,Off T,Other,Open Play,Normal,False,True,From Free Kick,71.3911,0,0,42.7,0.4548,0,Senegal
3920412,2c8261ae-f446-4f44-a41c-947d7cc41ff1,2756,2,82,58,82.9667,4892,Guinea,39559,Aguibou Camara,Left Wing,95.2,43.7,0.0371,Off T,Right Foot,Open Play,Normal,True,True,From Free Kick,88.0326,0,0,36.3,0.4919,0,Senegal
3920412,e74ef271-11b4-4530-8fb8-effb4c7d60ee,2980,2,89,58,89.9667,787,Senegal,80484,Iliman Ndiaye,Right Midfield,106.2,50.8,0.1531,Goal,Right Foot,Open Play,Normal,False,False,Regular Play,95.0352,1,0,29.2,0.9428,2,Guinea
3920412,8226d450-4df1-46e0-85fe-0d767b6d5441,3022,2,92,2,92.0333,4892,Guinea,47351,Morgan Guilavogui,Right Wing,108.1,34.7,0.0613,Saved,Right Foot,Open Play,Half Volley,False,True,From Throw In,97.1062,0,0,45.3,0.5532,0,Senegal
3920413,7dc86dd4-a1bf-4414-8107-96a27a510e3f,132,1,4,10,4.1667,2722,Cameroon,189348,Frank Magri,Center Forward,112.6,48.3,0.1577,Saved,Right Foot,Open Play,Volley,True,True,From Throw In,4.1801,0,0,31.7,0.1577,0,Gambia
3920413,84bb42c0-6ba1-4c10-b900-1e22f130d4ca,216,1,6,6,6.1,4934,Gambia,50938,Ali Sowe,Center Forward,107.2,53.5,0.0511,Saved,Right Foot,Open Play,Normal,True,True,From Throw In,6.109,0,0,26.5,0.0511,0,Cameroon
3920413,02ab367d-6804-4292-b4b5-0edb4fe61891,231,1,6,46,6.7667,4934,Gambia,28212,Alasana Manneh,Right Defensive Midfield,99.8,41.0,0.0511,Off T,Left Foot,Open Play,Volley,True,False,From Corner,6.7735,0,0,39.0,0.1023,0,Cameroon
3920413,d9b2ca41-dd2a-4960-aed0-5d6963ba3f69,418,1,14,8,14.1333,2722,Cameroon,189348,Frank Magri,Center Forward,95.2,41.0,0.0624,Off T,Right Foot,Open Play,Normal,False,True,From Goal Kick,14.1334,0,0,39.0,0.22,0,Gambia
3920413,aacee281-87d0-496e-ba82-cb8853480b3d,487,1,15,47,15.7833,2722,Cameroon,3551,Karl Brillant Toko Ekambi,Right Wing,112.3,50.9,0.0894,Blocked,Right Foot,Open Play,Normal,False,False,From Counter,15.797,0,0,29.1,0.3095,0,Gambia
3920413,4fc9d000-f130-4972-bf08-571260d1cb46,784,1,25,9,25.15,4934,Gambia,4471,Ablie Jallow,Right Midfield,99.5,46.8,0.0587,Off T,Left Foot,Open Play,Volley,True,False,Regular Play,25.1638,0,0,33.2,0.161,0,Cameroon
3920413,492a06cf-574d-4438-b11e-24ada841de5b,853,1,28,43,28.7167,4934,Gambia,6988,Musa Barrow,Center Attacking Midfield,94.5,39.9,0.0308,Off T,Left Foot,Open Play,Normal,False,False,From Goal Kick,28.7216,0,0,40.1,0.1918,0,Cameroon
3920413,d2f2da07-e745-4850-b8a5-e47879554f43,950,1,33,16,33.2667,2722,Cameroon,189348,Frank Magri,Center Forward,106.1,52.7,0.0431,Blocked,Right Foot,Open Play,Normal,True,False,Regular Play,33.2741,0,0,27.3,0.3526,0,Gambia
3920413,3cafd514-bc22-4b69-b074-83b6b1e67ae6,985,1,34,29,34.4833,4934,Gambia,307271,Yankuba Minteh,Left Midfield,117.7,48.9,0.0475,Saved,Head,Open Play,Normal,False,False,From Corner,34.4918,0,0,31.1,0.2393,0,Cameroon
3920413,438fb271-807a-4eb9-bff1-650c6ccdcf67,1111,1,37,46,37.7667,4934,Gambia,6988,Musa Barrow,Center Attacking Midfield,105.9,31.3,0.0612,Saved,Right Foot,Open Play,Normal,False,False,From Keeper,37.7807,0,0,48.7,0.3005,0,Cameroon
3920413,972099f9-b3ff-4473-a328-1b45c2251820,1531,2,49,10,49.1667,2722,Cameroon,3639,Georges-Kévin Nkoudou Mbida,Left Wing,112.4,31.4,0.0954,Post,Left Foot,Open Play,Half Volley,False,False,Regular Play,53.6394,0,0,48.6,0.448,0,Gambia
3920413,baf58117-0a3b-4d6f-9f0d-1a4cbb10e29a,1571,2,49,53,49.8833,2722,Cameroon,10530,Jules Olivier Ntcham,Left Defensive Midfield,88.3,30.3,0.0175,Off T,Right Foot,Open Play,Normal,False,False,From Throw In,54.3595,0,0,49.7,0.4654,0,Gambia
3920413,3b1ff0c2-d37a-41c9-8727-c4422e590a91,1628,2,52,30,52.5,2722,Cameroon,13454,Nouhou Tolo,Left Center Back,100.6,41.2,0.0996,Off T,Left Foot,Open Play,Normal,True,True,From Corner,56.9628,0,0,38.8,0.565,0,Gambia
3920413,5f3f3713-3e2f-41f8-b91e-d0812e78cb31,1763,2,55,28,55.4667,2722,Cameroon,3551,Karl Brillant Toko Ekambi,Right Wing,114.2,39.3,0.3472,Goal,Head,Open Play,Normal,False,False,From Throw In,59.9383,1,0,40.7,0.9121,1,Gambia
3920413,ad4c8594-1abd-4bf5-9574-b15f64c58c1d,1782,2,58,58,58.9667,2722,Cameroon,3639,Georges-Kévin Nkoudou Mbida,Left Wing,112.2,54.9,0.0418,Blocked,Right Foot,Open Play,Normal,False,False,From Goal Kick,63.4292,0,0,25.1,0.9539,1,Gambia
3920413,df8fb7c9-df85-4a64-8e44-fee37da0dd11,1845,2,60,57,60.95,4934,Gambia,6988,Musa Barrow,Center Attacking Midfield,103.1,20.3,0.0107,Off T,Right Foot,Open Play,Normal,False,False,From Corner,65.4126,0,0,59.7,0.3112,0,Cameroon
3920413,d9ac7131-3676-4785-adb3-84baeb0a25bd,2098,2,69,47,69.7833,4934,Gambia,6988,Musa Barrow,Center Attacking Midfield,101.6,36.2,0.072,Blocked,Right Foot,Open Play,Normal,True,False,Regular Play,74.2609,0,0,43.8,0.3832,0,Cameroon
3920413,9df0d736-5473-449e-a8e7-31587a01517f,2117,2,69,58,69.9667,4934,Gambia,50938,Ali Sowe,Center Forward,105.4,42.1,0.1073,Saved,Left Foot,Open Play,Normal,False,True,Regular Play,74.4347,0,0,37.9,0.4905,0,Cameroon
3920413,84467c03-6c4a-4808-ad91-686dfb42e6e5,2146,2,70,48,70.8,4934,Gambia,44311,Alieu Fadera,Right Midfield,115.6,36.7,0.1847,Saved,Right Foot,Open Play,Half Volley,True,False,Regular Play,75.2694,0,0,43.3,0.6751,0,Cameroon
3920413,73e88c97-696b-4f96-860d-03b7fe226436,2184,2,71,49,71.8167,4934,Gambia,4471,Ablie Jallow,Left Defensive Midfield,111.2,37.5,0.1846,Goal,Left Foot,Open Play,Volley,True,False,From Throw In,76.2866,1,0,42.5,0.8597,1,Cameroon
3920413,4deac25f-1c9f-431a-8113-b92ce16555af,2223,2,73,53,73.8833,4934,Gambia,44311,Alieu Fadera,Right Midfield,98.1,41.4,0.039,Blocked,Left Foot,Open Play,Normal,False,False,From Free Kick,78.3487,0,0,38.6,0.8987,1,Cameroon
3920413,a022e4d5-191d-4f32-b278-e90616375dd1,2250,2,74,55,74.9167,4934,Gambia,16607,Assan Ceesay,Center Forward,109.1,35.9,0.1269,Blocked,Left Foot,Open Play,Normal,False,False,Regular Play,79.384,0,0,44.1,1.0256,1,Cameroon
3920413,00a83422-8474-42e2-b1c6-84a30c58a455,2309,2,75,48,75.8,2722,Cameroon,3551,Karl Brillant Toko Ekambi,Right Wing,112.7,52.8,0.0808,Post,Right Foot,Open Play,Normal,False,True,Regular Play,80.2777,0,0,27.2,1.0347,1,Gambia
3920413,8351635a-d123-45ad-b76d-ed8e2dc89bed,2341,2,78,21,78.35,2722,Cameroon,3551,Karl Brillant Toko Ekambi,Right Wing,111.7,33.9,0.1038,Off T,Head,Open Play,Normal,False,False,Regular Play,82.814,0,0,46.1,1.1385,1,Gambia
3920413,d52cd7ef-090f-4522-a048-5d24653af8c1,2422,2,81,4,81.0667,4934,Gambia,4471,Ablie Jallow,Left Defensive Midfield,99.2,28.9,0.0349,Off T,Left Foot,Open Play,Normal,False,False,Regular Play,85.5309,0,0,51.1,1.0605,1,Cameroon
3920413,c4f332c7-d450-4399-959f-8bc103f5a24d,2507,2,84,30,84.5,4934,Gambia,33342,Ebrima Colley,Center Attacking Midfield,111.0,51.0,0.2359,Goal,Right Foot,Open Play,Normal,False,True,Regular Play,88.9626,1,0,29.0,1.2965,2,Cameroon
3920413,830e423e-e5db-4976-9860-f4081bad8f90,2566,2,89,21,89.35,2722,Cameroon,74588,Christopher Wooh,Left Center Back,115.2,42.7,0.1818,Off T,Head,Open Play,Normal,False,True,From Free Kick,93.8274,0,0,37.3,1.3203,1,Gambia
3920413,dc1a5f68-de59-4d81-9693-ec764f6671ca,2571,2,90,4,90.0667,2722,Cameroon,74588,Christopher Wooh,Left Center Back,110.3,42.8,0.0469,Goal,Head,Open Play,Normal,False,True,From Corner,94.5296,1,0,37.2,1.3672,2,Gambia
3920414,8a9dcc7d-32a6-49b3-ab53-c0d740f51f79,450,1,10,44,10.7333,4921,Burkina Faso,2956,Bertrand Isidore Traoré,Right Wing,109.0,59.7,0.0089,Blocked,Left Foot,Open Play,Normal,False,True,From Free Kick,10.7448,0,0,20.3,0.0089,0,Angola
3920414,8710f99b-a450-4bde-9623-9f34d91ab3a6,512,1,11,31,11.5167,4921,Burkina Faso,2956,Bertrand Isidore Traoré,Right Wing,100.7,56.9,0.0276,Saved,Left Foot,Open Play,Normal,True,False,From Free Kick,11.5223,0,0,23.1,0.0365,0,Angola
3920414,be002aed-fd1e-40fc-8449-8476d4d698dc,585,1,13,12,13.2,4901,Angola,128881,Cristóvão Paciência Mabululo,Center Forward,83.3,50.8,0.0061,Off T,Right Foot,Open Play,Normal,False,False,Regular Play,13.2071,0,0,29.2,0.0061,0,Burkina Faso
3920414,30f2d248-dfa9-4757-9bf1-1144ccef927f,928,1,22,0,22.0,4921,Burkina Faso,44307,Cédric Badolo,Left Wing,103.4,20.1,0.0074,Off T,Right Foot,Open Play,Normal,False,False,From Free Kick,22.0002,0,0,59.9,0.0439,0,Angola
3920414,51356579-1bf3-4243-a9bc-14daaa694485,977,1,23,15,23.25,4921,Burkina Faso,30606,Edmond Fayçal Tapsoba,Left Center Back,101.4,36.0,0.0613,Blocked,Right Foot,Open Play,Normal,False,True,From Throw In,23.2569,0,0,44.0,0.1052,0,Angola
3920414,d1720709-122d-49f6-af60-3c68ac0ae48e,1032,1,24,51,24.85,4921,Burkina Faso,35471,Issa Kabore,Right Back,109.3,52.2,0.1996,Off T,Right Foot,Open Play,Normal,False,True,From Free Kick,24.8539,0,0,27.8,0.3049,0,Angola
3920414,8d9ebac6-554a-4d53-aa85-31206a52cfe7,1226,1,35,5,35.0833,4901,Angola,128881,Cristóvão Paciência Mabululo,Center Forward,111.1,44.0,0.1046,Goal,Head,Open Play,Normal,False,False,From Free Kick,35.0966,1,0,36.0,0.1107,1,Burkina Faso
3920414,d0ebc7b4-15ee-472f-8e1d-e285b39e7ed7,1623,1,46,52,46.8667,4921,Burkina Faso,2956,Bertrand Isidore Traoré,Right Wing,112.5,24.8,0.0114,Blocked,Left Foot,Open Play,Normal,False,True,From Throw In,46.8821,0,0,55.2,0.3163,0,Angola
3920414,dd45224e-35cc-4045-84eb-503fb083e366,1646,1,47,38,47.6333,4921,Burkina Faso,95042,Dango Aboubacar Faissal Ouattara,Center Forward,110.5,33.8,0.0509,Blocked,Left Foot,Open Play,Normal,False,False,From Corner,47.6431,0,0,46.2,0.3671,0,Angola
3920414,dee930cc-2e16-4d1a-88b6-2531166b3068,1666,1,48,7,48.1167,4921,Burkina Faso,225437,Stephane Aziz Ki,Center Attacking Midfield,104.0,26.5,0.0381,Blocked,Left Foot,Open Play,Normal,True,False,From Throw In,48.1293,0,0,53.5,0.4053,0,Angola
3920414,8d5ce8de-1a83-4eb9-a466-7b020ef9950f,1676,1,48,17,48.2833,4921,Burkina Faso,225436,Abdoul Razack Guiebre,Left Back,101.5,22.1,0.0157,Blocked,Left Foot,Open Play,Normal,False,False,From Throw In,48.2885,0,0,57.9,0.421,0,Angola
3920414,d67820d2-dc51-4b10-87f8-91921288fd18,1738,2,45,27,45.45,4921,Burkina Faso,45466,Gustavo Fabrice Sangaré,Right Defensive Midfield,109.9,39.8,0.0596,Off T,Head,Open Play,Normal,False,False,From Kick Off,50.248,0,0,40.2,0.4806,0,Angola
3920414,dfe526d2-2cce-4887-b756-82e14dabb338,1802,2,47,32,47.5333,4921,Burkina Faso,95042,Dango Aboubacar Faissal Ouattara,Left Wing,108.0,30.2,0.1862,Off T,Left Foot,Open Play,Normal,False,True,From Counter,52.3302,0,0,49.8,0.6668,0,Angola
3920414,0a99373b-e901-415d-a76a-8fc52982d955,2027,2,52,54,52.9,4901,Angola,128881,Cristóvão Paciência Mabululo,Center Forward,94.8,35.7,0.0387,Saved,Right Foot,Open Play,Normal,False,False,Regular Play,57.7076,0,0,44.3,0.1494,1,Burkina Faso
3920414,4e56d493-67f5-4406-892a-5ff074550365,2114,2,55,40,55.6667,4921,Burkina Faso,225436,Abdoul Razack Guiebre,Left Back,106.8,19.9,0.0096,Blocked,Right Foot,Open Play,Normal,False,False,From Throw In,60.4681,0,0,60.1,0.6764,0,Angola
3920414,0928a6f6-3c81-45eb-9127-8f06c01edcbf,2136,2,56,1,56.0167,4921,Burkina Faso,95042,Dango Aboubacar Faissal Ouattara,Left Wing,110.1,24.5,0.1001,Saved,Left Foot,Open Play,Normal,True,False,From Counter,60.8194,0,0,55.5,0.7765,0,Angola
3920414,87518f91-b47f-45ad-862c-1b3827456f64,2551,2,68,57,68.95,4921,Burkina Faso,30606,Edmond Fayçal Tapsoba,Left Center Back,94.8,31.9,0.0296,Off T,Right Foot,Open Play,Normal,True,False,From Throw In,73.7484,0,0,48.1,0.8062,0,Angola
3920414,bf6fc7d1-d128-4c7b-834a-4734c1a248e1,2598,2,70,14,70.2333,4901,Angola,128881,Cristóvão Paciência Mabululo,Center Forward,107.6,25.9,0.0745,Saved,Left Foot,Open Play,Normal,True,False,Regular Play,75.0256,0,0,54.1,0.2239,1,Burkina Faso
3920414,74dceee6-1f63-4a47-b3f4-c28f70edc5b8,2613,2,70,33,70.55,4921,Burkina Faso,2956,Bertrand Isidore Traoré,Right Wing,103.0,46.8,0.0565,Blocked,Left Foot,Open Play,Normal,False,False,From Keeper,75.3542,0,0,33.2,0.8627,0,Angola
3920414,d9b76f76-294f-494d-be9d-95bd60b94cce,2668,2,72,4,72.0667,4921,Burkina Faso,225437,Stephane Aziz Ki,Center Attacking Midfield,91.6,50.6,0.0214,Saved,Left Foot,Open Play,Normal,False,False,From Throw In,76.8594,0,0,29.4,0.8841,0,Angola
3920414,29b347af-7074-4aa2-917c-d3b7e6c0b0f9,2890,2,82,6,82.1,4921,Burkina Faso,30606,Edmond Fayçal Tapsoba,Left Center Back,108.6,42.9,0.035,Blocked,Head,Open Play,Normal,False,True,From Free Kick,86.8946,0,0,37.1,0.9191,0,Angola
3920414,262fb8a4-3c76-48c9-8c69-84a0dec423c7,2988,2,89,31,89.5167,4921,Burkina Faso,95042,Dango Aboubacar Faissal Ouattara,Right Wing,105.3,62.7,0.0085,Blocked,Left Foot,Free Kick,Normal,False,False,From Free Kick,94.3146,0,0,17.3,0.9276,0,Angola
3920414,ae2eb46f-42c6-4cdf-aece-ff25a62c6d3d,2995,2,89,56,89.9333,4921,Burkina Faso,138875,Djibril Cheick Ouattara,Center Forward,116.2,50.0,0.0489,Off T,Head,Open Play,Normal,False,False,From Corner,94.7388,0,0,30.0,0.9765,0,Angola
3920414,5f9718b0-21c9-4614-86f8-5c29e2620391,3067,2,91,53,91.8833,4901,Angola,23983,Jérémy Bela,Left Wing,99.1,43.0,0.0494,Saved,Right Foot,Open Play,Normal,False,False,From Throw In,96.684,0,0,37.0,0.2734,1,Burkina Faso
3920414,e9636e96-87b4-4b07-b6f8-06fab3381762,3070,2,91,55,91.9167,4901,Angola,136312,Ambrosini Antonio Cabaça Salvador,Center Forward,114.2,41.8,0.6109,Goal,Right Foot,Open Play,Normal,True,False,From Throw In,96.7238,1,0,38.2,0.8843,2,Burkina Faso
3920414,307cc39b-4858-4e95-8c3b-ff1b28d294d5,3148,2,95,42,95.7,4921,Burkina Faso,102800,Issoufou Dayo,Right Center Back,105.3,35.7,0.0187,Blocked,Head,Open Play,Normal,False,True,From Free Kick,100.4931,0,0,44.3,0.9952,0,Angola
3920415,1153cce7-7d29-42b3-98fc-1ad87c95da4b,601,1,17,11,17.1833,4898,Algeria,10040,Youcef Atal,Right Back,94.7,47.3,0.0209,Blocked,Right Foot,Open Play,Normal,True,False,From Throw In,17.1898,0,0,32.7,0.0209,0,Mauritania
3920415,7ad4e921-6141-43f6-9acd-68469cc20f8a,648,1,18,5,18.0833,4898,Algeria,10448,Adam Ounas,Right Wing,110.7,63.4,0.0057,Saved,Left Foot,Open Play,Normal,False,False,From Throw In,18.0894,0,0,16.6,0.0266,0,Mauritania
3920415,648a4b01-bd6a-43b1-88df-eef39171b1da,836,1,24,40,24.6667,4898,Algeria,4308,Houssem Aouar,Left Center Midfield,108.5,42.5,0.0822,Off T,Right Foot,Open Play,Volley,True,False,From Throw In,24.6761,0,0,37.5,0.1088,0,Mauritania
3920415,6431f76b-7c4e-4c41-993b-581f1b03cdb5,1183,1,35,26,35.4333,4932,Mauritania,49763,Souleymane Anne,Center Forward,115.8,27.1,0.0239,Saved,Left Foot,Open Play,Normal,False,True,From Counter,35.449,0,0,52.9,0.0239,0,Algeria
3920415,147af86d-e4e8-432b-838c-8905215bb877,1190,1,36,36,36.6,4932,Mauritania,341163,Omaré Gassama,Left Defensive Midfield,91.3,45.0,0.021,Blocked,Right Foot,Open Play,Normal,True,False,From Corner,36.6116,0,0,35.0,0.0449,0,Algeria
3920415,a18eb924-6b71-413b-bbfc-92b9817db19f,1195,1,36,38,36.6333,4932,Mauritania,102661,Mohamed Dellahi Yali,Right Center Back,106.6,38.2,0.0713,Goal,Right Foot,Open Play,Volley,False,False,From Corner,36.6387,1,0,41.8,0.1162,1,Algeria
3920415,4c91e9b2-8d15-4809-94f1-1d3b2650b9e7,1386,1,42,48,42.8,4898,Algeria,32015,Hichem Boudaoui,Right Center Midfield,92.4,43.3,0.0286,Off T,Right Foot,Open Play,Normal,False,False,From Goal Kick,42.8011,0,0,36.7,0.1374,0,Mauritania
3920415,c3df77ee-218f-4fad-a176-e46f44c8ba04,1439,1,45,31,45.5167,4898,Algeria,32015,Hichem Boudaoui,Right Center Midfield,115.2,29.4,0.0395,Wayward,Head,Open Play,Normal,False,False,From Corner,45.517,0,0,50.6,0.1769,0,Mauritania
3920415,c6356f77-c057-4034-835d-9f7f69a92844,1446,1,45,36,45.6,4898,Algeria,12111,Rayan Aït Nouri,Left Back,97.3,28.5,0.0275,Blocked,Right Foot,Open Play,Normal,False,False,From Corner,45.6133,0,0,51.5,0.2044,0,Mauritania
3920415,e45aa519-3d3b-4c23-abf3-a3db17f0907f,1545,1,47,29,47.4833,4932,Mauritania,23892,Aboubakary Koita,Center Attacking Midfield,99.1,38.9,0.0508,Saved,Left Foot,Open Play,Normal,False,True,Regular Play,47.4865,0,0,41.1,0.167,1,Algeria
3920415,bf4b2729-e260-4f14-9986-ff2450918239,1635,2,46,24,46.4,4898,Algeria,103465,Baghdad Bounedjah,Center Forward,113.8,34.1,0.1367,Off T,Right Foot,Open Play,Half Volley,True,False,From Free Kick,51.2102,0,0,45.9,0.3411,0,Mauritania
3920415,094d882f-5941-469a-9d71-0e0cb3782942,1710,2,48,0,48.0,4932,Mauritania,128053,Idrissa Thiam,Left Wing,103.6,26.0,0.0485,Blocked,Right Foot,Open Play,Normal,False,False,From Counter,52.8187,0,0,54.0,0.2155,1,Algeria
3920415,6ab34534-36f8-46db-9a24-8ff871881cff,1721,2,49,16,49.2667,4932,Mauritania,102661,Mohamed Dellahi Yali,Right Center Back,112.3,49.4,0.033,Saved,Head,Open Play,Normal,False,True,From Corner,54.0724,0,0,30.6,0.2485,1,Algeria
3920415,a464d38f-7aeb-43c1-8453-640c3e6a0f50,1788,2,50,12,50.2,4898,Algeria,10448,Adam Ounas,Center Attacking Midfield,93.9,42.5,0.0307,Saved,Left Foot,Open Play,Normal,False,True,Regular Play,55.0183,0,0,37.5,0.3718,0,Mauritania
3920415,c2520b49-a051-4202-90cc-86ace7bc1ff6,1960,2,55,36,55.6,4932,Mauritania,23892,Aboubakary Koita,Center Attacking Midfield,107.8,30.9,0.2301,Off T,Left Foot,Open Play,Normal,False,False,From Counter,60.4205,0,0,49.1,0.4786,1,Algeria
3920415,2b81eb2d-ec12-4f17-bcc6-024d2849075f,1990,2,56,21,56.35,4932,Mauritania,49763,Souleymane Anne,Center Forward,113.1,26.7,0.0336,Blocked,Left Foot,Open Play,Normal,True,False,From Throw In,61.162,0,0,53.3,0.5123,1,Algeria
3920415,6453e0cc-f615-4594-aebe-c2ac880a7b5a,2024,2,58,40,58.6667,4932,Mauritania,23892,Aboubakary Koita,Center Attacking Midfield,95.9,21.7,0.011,Blocked,Right Foot,Free Kick,Normal,False,False,From Free Kick,63.4843,0,0,58.3,0.5232,1,Algeria
3920415,c7ea8cc7-2795-411e-b417-2a79a844a94f,2029,2,58,43,58.7167,4932,Mauritania,146933,Bodda Mouhsine,Right Defensive Midfield,114.7,31.0,0.0581,Off T,Left Foot,Open Play,Half Volley,True,True,From Free Kick,63.5216,0,0,49.0,0.5813,1,Algeria
3920415,158b60fd-4b56-4100-bc1f-35922c6b1af9,2041,2,59,36,59.6,4898,Algeria,32015,Hichem Boudaoui,Right Defensive Midfield,109.6,46.0,0.0616,Saved,Head,Open Play,Normal,False,False,From Free Kick,64.4082,0,0,34.0,0.4334,0,Mauritania
3920415,1b90a179-66aa-4321-b122-a90349b6061c,2143,2,62,32,62.5333,4932,Mauritania,128053,Idrissa Thiam,Left Wing,97.8,19.5,0.0089,Saved,Right Foot,Open Play,Normal,False,False,From Throw In,67.347,0,0,60.5,0.5902,1,Algeria
3920415,af07f1b8-79d9-44b1-bbdd-3615a66a8a07,2153,2,62,49,62.8167,4898,Algeria,103464,Mohamed Youcef Belaïli,Left Wing,92.9,35.9,0.0388,Off T,Right Foot,Open Play,Normal,False,False,From Keeper,67.6235,0,0,44.1,0.4722,0,Mauritania
3920415,f020f781-a569-4947-b5ae-0ba08542aec2,2199,2,65,27,65.45,4898,Algeria,103464,Mohamed Youcef Belaïli,Left Wing,98.5,16.6,0.0197,Blocked,Right Foot,Open Play,Lob,False,False,Regular Play,70.2688,0,0,63.4,0.4919,0,Mauritania
3920415,3a85c2b0-63c8-430c-94f3-2e89754f6059,2300,2,69,15,69.25,4898,Algeria,6648,Aïssa Mandi,Right Center Back,117.4,46.2,0.1462,Saved,Right Foot,Open Play,Half Volley,False,True,From Free Kick,74.0639,0,0,33.8,0.6381,0,Mauritania
3920415,45b8bebf-8cdc-4b11-ab5e-f9bacbe27a42,2318,2,69,51,69.85,4898,Algeria,10040,Youcef Atal,Right Back,94.6,38.7,0.0411,Blocked,Left Foot,Open Play,Normal,False,False,From Throw In,74.6676,0,0,41.3,0.6792,0,Mauritania
3920415,925dedd7-6f6b-4075-81f1-2ee8079fe5b1,2412,2,72,28,72.4667,4932,Mauritania,128053,Idrissa Thiam,Left Midfield,101.2,38.5,0.0747,Off T,Right Foot,Open Play,Normal,False,False,From Free Kick,77.2713,0,0,41.5,0.665,1,Algeria
3920415,3553b4f4-8225-41a0-98ab-261bfc30f83c,2644,2,81,44,81.7333,4932,Mauritania,10280,Aboubakar Kamara,Center Forward,100.5,41.7,0.0595,Saved,Right Foot,Open Play,Normal,True,True,From Counter,86.5495,0,0,38.3,0.7244,1,Algeria
3920415,088be657-1d1d-4f52-ab6e-40ebfdd7657b,2680,2,84,42,84.7,4932,Mauritania,45064,Pape Ibnou Bâ,Left Midfield,115.6,32.7,0.3295,Post,Right Foot,Open Play,Volley,True,False,From Free Kick,89.5162,0,0,47.3,1.0539,1,Algeria
3920415,fac81929-abde-40ed-882a-598299c7023e,2692,2,85,0,85.0,4932,Mauritania,3255,Guessouma Fofana,Left Center Midfield,106.9,33.2,0.2394,Blocked,Left Foot,Open Play,Normal,False,False,From Throw In,89.815,0,0,46.8,1.2933,1,Algeria
3920415,fb486bff-4810-4f1b-8010-7cce823e1e4f,2888,2,92,3,92.05,4898,Algeria,6648,Aïssa Mandi,Right Center Back,115.0,36.5,0.1458,Off T,Head,Open Play,Normal,False,True,From Corner,96.8695,0,0,43.5,0.825,0,Mauritania
3920415,c9db72d5-b528-422d-afba-070398829647,2926,2,93,28,93.4667,4932,Mauritania,315395,Bakari Camara,Right Midfield,68.1,39.1,0.0054,Saved,Right Foot,Open Play,Half Volley,True,False,From Throw In,98.2767,0,0,40.9,1.2987,1,Algeria
3920415,fb077dfd-57f2-4e02-a64e-82cc410d513f,2989,2,95,18,95.3,4932,Mauritania,146933,Bodda Mouhsine,Right Center Midfield,94.0,45.8,0.0296,Off T,Left Foot,Open Play,Normal,False,False,Regular Play,100.1042,0,0,34.2,1.3283,1,Algeria
3920415,2b32302b-c343-4ee0-a5b2-871c0c3bc0fa,3026,2,96,6,96.1,4898,Algeria,6648,Aïssa Mandi,Right Center Back,108.0,31.0,0.1745,Saved,Right Foot,Open Play,Normal,False,False,From Throw In,100.9043,0,0,49.0,0.9995,0,Mauritania
3920415,aafd47cb-3be8-4781-8a78-7c430e09d8ab,3030,2,96,7,96.1167,4898,Algeria,103465,Baghdad Bounedjah,Right Center Forward,114.6,36.9,0.1869,Off T,Left Foot,Open Play,Volley,True,False,From Throw In,100.9254,0,0,43.1,1.1864,0,Mauritania
3920416,4396db64-ddbb-48c9-8b97-8e9c0f9f3f1c,146,1,3,14,3.2333,777,Tunisia,5651,Yassine Meriah,Right Center Back,112.9,41.8,0.2098,Blocked,Right Foot,Open Play,Volley,True,False,From Corner,3.2364,0,0,38.2,0.2098,0,South Africa
3920416,c0b881b9-173f-4eca-86c1-9f78cb228477,393,1,12,45,12.75,777,Tunisia,35592,Anis Ben Slimane,Center Attacking Midfield,80.5,23.1,0.0062,Saved,Right Foot,Free Kick,Normal,False,False,From Free Kick,12.7651,0,0,56.9,0.216,0,South Africa
3920416,ac2efeab-26cb-4048-a659-4ce42c0590e4,422,1,13,22,13.3667,4976,South Africa,65727,Thapelo James Morena,Right Wing,106.6,42.5,0.0478,Off T,Other,Open Play,Normal,False,False,From Keeper,13.3687,0,0,37.5,0.0478,0,Tunisia
3920416,38a13b01-074c-4e29-903f-0d3e403932f8,447,1,14,11,14.1833,777,Tunisia,44955,Aïssa Bilal Laïdouni,Left Defensive Midfield,91.0,41.8,0.0258,Blocked,Right Foot,Open Play,Normal,False,False,From Goal Kick,14.1888,0,0,38.2,0.2418,0,South Africa
3920416,d956d09e-b660-46e1-a17e-e5e78e5b5803,645,1,21,17,21.2833,777,Tunisia,3767,Ellyes Joris Skhiri,Right Defensive Midfield,94.2,42.3,0.037,Off T,Right Foot,Open Play,Normal,True,False,Regular Play,21.2922,0,0,37.7,0.2787,0,South Africa
3920416,245cddca-79b6-453e-8183-9358f35d71b9,811,1,25,36,25.6,777,Tunisia,132461,Mohamed Elias Achouri,Left Wing,108.6,38.9,0.0769,Off T,Head,Open Play,Normal,False,False,Regular Play,25.6109,0,0,41.1,0.3556,0,South Africa
3920416,12d6a3ac-cd36-4e11-ad58-bb3619b488dc,850,1,26,55,26.9167,4976,South Africa,65853,Evidence Makgopa,Center Forward,118.1,46.0,0.1503,Off T,Head,Open Play,Normal,False,False,From Goal Kick,26.9186,0,0,34.0,0.1981,0,Tunisia
3920416,59c8d9b7-aa1d-4877-b3dc-b1bb0491c285,1030,1,30,29,30.4833,4976,South Africa,65733,Aubrey Maphosa Modiba,Left Back,92.1,27.6,0.0234,Blocked,Left Foot,Open Play,Normal,False,False,Regular Play,30.495,0,0,52.4,0.2215,0,Tunisia
3920416,eb074d5e-9bb1-4d44-94b8-9c72b1d55dae,1104,1,32,25,32.4167,4976,South Africa,65727,Thapelo James Morena,Right Wing,97.0,18.9,0.0092,Off T,Right Foot,Open Play,Normal,False,False,Regular Play,32.4244,0,0,61.1,0.2307,0,Tunisia
3920416,30c47a9a-81dc-458f-bd94-32e666c598e5,1148,1,35,1,35.0167,777,Tunisia,32450,Montassar Omar Talbi,Left Center Back,106.3,40.8,0.0248,Saved,Head,Open Play,Normal,False,True,From Corner,35.0228,0,0,39.2,0.3804,0,South Africa
3920416,1e364d7c-7f7c-4869-8a54-bb861ae73b2e,1309,1,39,21,39.35,4976,South Africa,29367,Percy Tau,Left Wing,96.7,33.1,0.0291,Off T,Left Foot,Open Play,Volley,True,True,Regular Play,39.3558,0,0,46.9,0.2598,0,Tunisia
3920416,f5c36a58-9059-4d1c-b8e8-f7e910febc29,1541,2,45,13,45.2167,777,Tunisia,3767,Ellyes Joris Skhiri,Right Defensive Midfield,99.3,36.3,0.0392,Wayward,Left Foot,Open Play,Half Volley,True,False,From Kick Off,47.4928,0,0,43.7,0.4196,0,South Africa
3920416,196c07cb-eda5-4146-8250-5a006f1e2792,1792,2,49,59,49.9833,4976,South Africa,69442,Nyiko Mobbie,Right Back,99.6,65.9,0.0061,Off T,Right Foot,Open Play,Half Volley,True,False,From Throw In,52.2681,0,0,14.1,0.2659,0,Tunisia
3920416,ac1f259e-672c-4efe-8e40-324445039eea,2950,2,76,3,76.05,4976,South Africa,42527,Sphephelo S''Miso Sithole,Left Defensive Midfield,93.3,41.3,0.0324,Saved,Right Foot,Open Play,Normal,False,True,Regular Play,78.322,0,0,38.7,0.2983,0,Tunisia
3920416,665a6bb0-9244-41dc-bf5d-ac1d0482a1bd,3012,2,77,35,77.5833,4976,South Africa,66716,Teboho Mokoena,Right Defensive Midfield,93.8,40.2,0.0436,Off T,Right Foot,Open Play,Normal,False,False,Regular Play,79.8566,0,0,39.8,0.3419,0,Tunisia
3920416,f8134fc9-c97b-45b2-9a73-c2daeff7d320,3020,2,78,7,78.1167,4976,South Africa,29367,Percy Tau,Right Wing,101.8,37.9,0.079,Blocked,Left Foot,Open Play,Normal,False,False,Regular Play,80.4026,0,0,42.1,0.4209,0,Tunisia
3920416,218f75ed-323d-4c16-9631-16b865ae8b04,3027,2,80,10,80.1667,4976,South Africa,65853,Evidence Makgopa,Center Forward,114.8,30.4,0.0446,Saved,Head,Open Play,Normal,False,False,From Corner,82.4405,0,0,49.6,0.4655,0,Tunisia
3920416,66639774-20b3-48e2-9c0b-4fdbf1df9859,3236,2,87,5,87.0833,4976,South Africa,29367,Percy Tau,Right Wing,110.9,54.0,0.0549,Blocked,Right Foot,Open Play,Normal,False,True,From Keeper,89.3665,0,0,26.0,0.5204,0,Tunisia
3920416,6b553524-25c8-4d04-b8b1-a512ba83b766,3288,2,88,18,88.3,777,Tunisia,51571,Haythem Jouini,Center Forward,115.0,41.4,0.4177,Off T,Head,Open Play,Normal,False,False,From Throw In,90.5783,0,0,38.6,0.8373,0,South Africa
3920416,f725aa13-5164-4b15-ba27-efb1afd0c268,3313,2,90,5,90.0833,777,Tunisia,51571,Haythem Jouini,Center Forward,112.4,40.2,0.0853,Blocked,Head,Open Play,Normal,False,True,From Free Kick,92.3684,0,0,39.8,0.9226,0,South Africa
3920416,7a06392c-43fe-494a-88fe-7fae1e7371a3,3335,2,90,25,90.4167,777,Tunisia,3557,Naïm Sliti,Center Attacking Midfield,109.2,21.2,0.0111,Off T,Right Foot,Open Play,Volley,True,False,From Free Kick,92.7016,0,0,58.8,0.9337,0,South Africa
3920416,4051a18c-c208-4f5b-8fc5-49bb79027e53,3437,2,94,42,94.7,777,Tunisia,5651,Yassine Meriah,Right Center Back,112.2,42.0,0.084,Off T,Head,Open Play,Normal,False,True,From Corner,96.9788,0,0,38.0,1.0177,0,South Africa
3920417,9275fbef-4d1d-4cce-9578-963f86bd2067,52,1,0,43,0.7167,4930,Mali,4385,Yves Bissouma,Left Defensive Midfield,98.1,40.5,0.0367,Blocked,Right Foot,Open Play,Normal,False,False,From Throw In,0.7299,0,0,39.5,0.0367,0,Namibia
3920417,403eba8d-5441-4b22-a355-5570efc2ce55,531,1,15,7,15.1167,4980,Namibia,103803,Prins Menelik Tjiueza,Right Center Midfield,113.7,32.0,0.3707,Saved to Post,Left Foot,Open Play,Normal,False,True,Regular Play,15.1173,0,0,48.0,0.3707,0,Mali
3920417,5f93c22b-067b-4dd6-8a5f-30c0006acbb8,678,1,20,37,20.6167,4930,Mali,3710,Fousseni Diabaté,Right Midfield,108.4,58.3,0.0116,Saved,Left Foot,Open Play,Normal,False,True,From Goal Kick,20.6296,0,0,21.7,0.0483,0,Namibia
3920417,126322dc-cd4d-49ea-ba76-d0a40d870e8d,922,1,27,1,27.0167,4930,Mali,105182,Lassine Sinayoko,Left Center Forward,113.9,37.7,0.3237,Off T,Head,Open Play,Normal,False,False,From Throw In,27.0295,0,0,42.3,0.372,0,Namibia
3920417,8043e0f4-d569-46ff-86d6-96ab7a18db1a,1063,1,36,51,36.85,4980,Namibia,264381,Kennedy Amutenya,Right Center Back,116.1,35.9,0.1526,Blocked,Head,Open Play,Normal,False,True,From Corner,36.8521,0,0,44.1,0.5233,0,Mali
3920417,73e3aa77-55ff-4951-bde7-4c176eff75da,1287,1,43,38,43.6333,4980,Namibia,389316,Ngero Kaanjuka Katua,Left Center Midfield,93.3,31.3,0.0157,Wayward,Left Foot,Open Play,Volley,True,False,From Free Kick,43.6404,0,0,48.7,0.539,0,Mali
3920417,ccc25a0e-67ea-45c8-af75-0b8d837b4034,1656,2,54,39,54.65,4980,Namibia,264381,Kennedy Amutenya,Right Center Back,111.9,38.4,0.07,Wayward,Head,Open Play,Normal,False,True,From Corner,59.8157,0,0,41.6,0.6091,0,Mali
3920417,927b245b-cb93-486f-9cea-9c5035d0bee1,1905,2,62,9,62.15,4980,Namibia,389316,Ngero Kaanjuka Katua,Left Center Midfield,98.4,33.6,0.0471,Off T,Left Foot,Open Play,Normal,True,False,Regular Play,67.3117,0,0,46.4,0.6562,0,Mali
3920417,56f11a97-27c1-4c72-975b-d3434984f117,1956,2,64,16,64.2667,4930,Mali,8992,Ibrahim Sissoko,Center Forward,101.8,40.1,0.123,Off T,Left Foot,Open Play,Normal,True,False,From Free Kick,69.4304,0,0,39.9,0.495,0,Namibia
3920417,63a7bec3-d6eb-47e1-b941-2689029c9362,2121,2,70,26,70.4333,4930,Mali,4385,Yves Bissouma,Left Defensive Midfield,86.8,51.9,0.0081,Off T,Right Foot,Free Kick,Normal,False,False,From Free Kick,75.5989,0,0,28.1,0.503,0,Namibia
3920417,9e085877-1f42-49d4-88bf-4da008a087cf,2245,2,74,9,74.15,4930,Mali,199653,Nene Dorgeles,Left Wing,102.9,20.6,0.008,Wayward,Left Foot,Open Play,Half Volley,True,False,Regular Play,79.3065,0,0,59.4,0.511,0,Namibia
3920417,ca0a17e8-bc88-4022-ac82-0a23c085f707,2434,2,82,19,82.3167,4930,Mali,3248,Hamari Traoré,Right Back,99.5,56.8,0.0224,Blocked,Right Foot,Open Play,Normal,False,False,From Throw In,87.4821,0,0,23.2,0.5334,0,Namibia
3920417,a83b2e13-e902-4386-b97f-68881470bc6a,2485,2,84,14,84.2333,4930,Mali,40868,Amadou Dante,Left Back,89.5,29.4,0.0292,Saved,Left Foot,Free Kick,Normal,False,False,From Free Kick,89.398,0,0,50.6,0.5627,0,Namibia
3920417,38ee815e-3147-42e2-a66b-a862e0b0d8fc,2489,2,84,57,84.95,4930,Mali,4385,Yves Bissouma,Left Defensive Midfield,101.3,44.5,0.0357,Off T,Right Foot,Open Play,Volley,True,False,From Corner,90.1178,0,0,35.5,0.5983,0,Namibia
3920417,0a1f4530-65bc-4654-9c76-f1506fac009c,2514,2,85,48,85.8,4930,Mali,24806,Mohamed Camara,Right Defensive Midfield,97.6,45.3,0.041,Blocked,Right Foot,Open Play,Normal,True,False,Regular Play,90.9678,0,0,34.7,0.6393,0,Namibia
3920417,8c5c8514-4711-470b-a209-563c08ba5af0,2528,2,87,13,87.2167,4930,Mali,4464,Adama Traoré,Right Wing,90.1,47.2,0.0419,Blocked,Left Foot,Free Kick,Normal,False,False,From Free Kick,92.3766,0,0,32.8,0.6812,0,Namibia
3920418,5dfe812f-3d05-4ee5-8c11-02f8852da38c,310,1,5,29,5.4833,4953,Tanzania,103270,Simon Happygod Msuva,Left Wing,91.3,60.6,0.0059,Off T,Right Foot,Open Play,Normal,False,False,Regular Play,5.4891,0,0,19.4,0.0059,0,Congo DR
3920418,46944c51-e6b3-46cc-924e-a71632be0c66,497,1,10,26,10.4333,4881,Congo DR,3130,Gaël Kakuta,Center Attacking Midfield,89.6,35.8,0.0379,Saved,Left Foot,Free Kick,Normal,False,False,From Free Kick,10.4453,0,0,44.2,0.0379,0,Tanzania
3920418,a4865f88-5357-403a-b898-228edd3e5c37,618,1,12,57,12.95,4953,Tanzania,103268,Faisal Salum Abdalla,Center Attacking Midfield,80.0,37.7,0.0073,Blocked,Right Foot,Open Play,Normal,False,True,Regular Play,12.9621,0,0,42.3,0.0132,0,Congo DR
3920418,3c284d62-0263-4e8d-8d70-165e510235b8,704,1,14,18,14.3,4953,Tanzania,16548,Mbwana Ally Samatta,Center Forward,109.0,27.2,0.0365,Off T,Left Foot,Open Play,Half Volley,False,True,Regular Play,14.316,0,0,52.8,0.0497,0,Congo DR
3920418,5b9530e6-9d61-4290-8052-b95667522261,1336,1,29,11,29.1833,4881,Congo DR,389291,Fiston Kalala Mayele,Center Forward,102.3,33.9,0.2515,Saved,Right Foot,Open Play,Normal,True,False,From Throw In,29.1987,0,0,46.1,0.2894,0,Tanzania
3920418,d75ef340-3c87-48aa-b043-35bdf734bd3e,1347,1,31,7,31.1167,4881,Congo DR,7294,Yoane Wissa,Left Wing,93.2,34.2,0.0584,Blocked,Right Foot,Free Kick,Normal,False,False,From Free Kick,31.1295,0,0,45.8,0.3478,0,Tanzania
3920418,299ebe0e-580f-48ec-acce-099b148f3a94,1379,1,32,6,32.1,4881,Congo DR,3044,Chancel Mbemba Mangulu,Right Center Back,110.5,44.6,0.0642,Wayward,Head,Open Play,Normal,False,True,From Corner,32.1114,0,0,35.4,0.412,0,Tanzania
3920418,224d1c0a-533a-4a16-a5a4-0cc9c19e66f2,1462,1,34,17,34.2833,4881,Congo DR,4412,Samuel Moutoussamy,Left Defensive Midfield,100.8,35.2,0.072,Off T,Right Foot,Open Play,Half Volley,True,True,Regular Play,34.2924,0,0,44.8,0.484,0,Tanzania
3920418,324191eb-a6e0-4123-afd5-4154fe05258d,2510,2,60,40,60.6667,4881,Congo DR,7294,Yoane Wissa,Center Attacking Midfield,94.2,42.6,0.0337,Blocked,Right Foot,Open Play,Normal,False,True,From Throw In,61.6886,0,0,37.4,0.5177,0,Tanzania
3920418,4dab7887-a0df-4576-8d5c-b4b5b5c353b7,2684,2,63,50,63.8333,4953,Tanzania,103270,Simon Happygod Msuva,Left Wing,110.6,58.4,0.0089,Blocked,Right Foot,Open Play,Half Volley,True,False,Regular Play,64.8595,0,0,21.6,0.0586,0,Congo DR
3920418,f459ccff-4992-4de4-9210-ad16c6451892,2957,2,72,45,72.75,4881,Congo DR,35684,Meschak Elia,Right Wing,106.0,47.2,0.0743,Off T,Left Foot,Open Play,Normal,True,True,From Free Kick,73.777,0,0,32.8,0.592,0,Tanzania
3920418,7588ada7-40e7-43d4-84b9-eca1aea97b73,3115,2,77,5,77.0833,4881,Congo DR,7294,Yoane Wissa,Left Wing,108.6,18.6,0.0098,Saved,Right Foot,Open Play,Lob,False,False,Regular Play,78.1025,0,0,61.4,0.6018,0,Tanzania
3920418,e6b21a3a-c5c1-4cc4-aae6-12bf998f0972,3219,2,84,9,84.15,4881,Congo DR,7294,Yoane Wissa,Left Wing,103.9,34.7,0.0573,Off T,Right Foot,Open Play,Half Volley,False,False,From Corner,85.1742,0,0,45.3,0.6591,0,Tanzania
3920419,1a8783f7-49cc-42a8-bef8-a2391a4ae9ab,276,1,5,26,5.4333,788,Morocco,39174,Ismael Saibari,Left Center Midfield,104.5,45.7,0.1041,Blocked,Right Foot,Open Play,Normal,True,False,Regular Play,5.4462,0,0,34.3,0.1041,0,Zambia
3920419,b1afe441-f9ee-434a-86dc-b908682fcc12,341,1,7,10,7.1667,788,Morocco,5245,Achraf Hakimi Mouh,Right Back,100.2,50.5,0.0526,Wayward,Left Foot,Open Play,Normal,False,True,From Throw In,7.183,0,0,29.5,0.1567,0,Zambia
3920419,44cd2064-e090-4211-8802-f5ca67ace5e7,489,1,9,53,9.8833,4963,Zambia,8785,Patson Daka,Center Forward,107.2,37.2,0.1012,Wayward,Right Foot,Open Play,Volley,True,False,From Throw In,9.8956,0,0,42.8,0.1012,0,Morocco
3920419,78a854fe-9094-4b4e-9681-b49b804ff92d,696,1,15,55,15.9167,788,Morocco,3625,Sofiane Boufal,Left Midfield,98.9,41.2,0.0646,Off T,Right Foot,Open Play,Normal,True,False,From Throw In,15.9194,0,0,38.8,0.2213,0,Zambia
3920419,a917bd6a-c35c-4524-84f9-af459b4407ee,906,1,24,14,24.2333,788,Morocco,46258,Azzedine Ounahi,Right Center Midfield,94.3,46.8,0.0562,Off T,Right Foot,Open Play,Normal,False,False,Regular Play,24.2363,0,0,33.2,0.2774,0,Zambia
3920419,7f50c9e7-882c-4e22-b7c1-a8357fcfeaa3,934,1,25,20,25.3333,4963,Zambia,44751,Lameck Banda,Left Wing,98.2,31.4,0.0603,Wayward,Right Foot,Open Play,Half Volley,True,False,From Goal Kick,25.3447,0,0,48.6,0.1615,0,Morocco
3920419,cf3660c0-6676-4635-85cc-9de72dac5fc1,1036,1,28,21,28.35,788,Morocco,3625,Sofiane Boufal,Left Midfield,93.6,44.0,0.0444,Off T,Left Foot,Open Play,Normal,False,False,Regular Play,28.3659,0,0,36.0,0.3218,0,Zambia
3920419,82e260b7-f166-465e-a2b7-60055d75c32f,1104,1,29,50,29.8333,4963,Zambia,23260,Emmanuel Justine Rabby Banda,Left Defensive Midfield,94.3,17.4,0.0063,Saved,Left Foot,Open Play,Normal,False,False,Regular Play,29.8474,0,0,62.6,0.1678,0,Morocco
3920419,d6a9364b-664b-4c9c-8092-366c408872ad,1152,1,34,18,34.3,788,Morocco,12149,Nayef Aguerd,Right Center Back,110.7,40.9,0.064,Off T,Head,Open Play,Normal,False,True,From Free Kick,34.3038,0,0,39.1,0.3858,0,Zambia
3920419,af81c8f9-751e-4332-ae64-a0285f18cb67,1196,1,35,41,35.6833,4963,Zambia,29217,Edward Chilufya,Right Wing,92.5,36.6,0.0422,Off T,Right Foot,Open Play,Normal,False,False,Regular Play,35.6897,0,0,43.4,0.21,0,Morocco
3920419,c4ea0415-4eaf-4880-8f40-1d334f84cac2,1258,1,37,0,37.0,788,Morocco,5229,Ayoub El Kaabi,Center Forward,115.3,42.5,0.2842,Saved,Left Foot,Open Play,Half Volley,True,True,From Goal Kick,37.0003,0,0,37.5,0.6701,0,Zambia
3920419,7bfcea34-3174-4bd4-b9f8-8d96c8af9fb1,1263,1,37,1,37.0167,788,Morocco,5237,Hakim Ziyech,Right Midfield,111.7,41.5,0.1724,Goal,Left Foot,Open Play,Normal,True,True,From Goal Kick,37.0269,1,0,38.5,0.8425,1,Zambia
3920419,4647807d-9430-4755-9ce9-deeeeed54cbf,1335,1,39,35,39.5833,788,Morocco,5229,Ayoub El Kaabi,Center Forward,109.5,37.1,0.0535,Saved,Head,Open Play,Normal,False,True,From Throw In,39.5986,0,0,42.9,0.896,1,Zambia
3920419,d9ae77b5-c22c-4443-9ebb-f0b5aabfebb4,1344,1,40,8,40.1333,788,Morocco,5245,Achraf Hakimi Mouh,Right Back,101.9,14.2,0.008,Off T,Right Foot,Open Play,Normal,True,False,From Corner,40.1473,0,0,65.8,0.904,1,Zambia
3920419,a724ad05-46fc-465d-a34e-f8911d6f96ae,1582,1,46,19,46.3167,788,Morocco,3625,Sofiane Boufal,Left Midfield,98.4,47.7,0.047,Off T,Left Foot,Open Play,Normal,False,False,Regular Play,46.3224,0,0,32.3,0.951,1,Zambia
3920419,64d409f0-57a5-414f-b9f4-75f4a129d795,1662,2,46,30,46.5,788,Morocco,33401,Amine Adli,Right Midfield,113.5,32.3,0.3718,Saved,Left Foot,Open Play,Normal,False,False,From Keeper,51.2324,0,0,47.7,1.3228,1,Zambia
3920419,bce0537d-e325-4d84-bbfa-c93fbb87bb98,1739,2,50,15,50.25,4963,Zambia,44751,Lameck Banda,Left Wing,97.7,39.1,0.0767,Off T,Right Foot,Open Play,Normal,True,False,Regular Play,54.9878,0,0,40.9,0.2867,0,Morocco
3920419,0e50869e-bd7a-4604-86f9-6eb018e8253d,1761,2,51,9,51.15,788,Morocco,33401,Amine Adli,Right Midfield,109.2,26.6,0.1048,Saved,Left Foot,Open Play,Normal,False,False,From Goal Kick,55.8833,0,0,53.4,1.4276,1,Zambia
3920419,52699849-1afb-4372-96f6-812761e4e891,2139,2,58,52,58.8667,4963,Zambia,44751,Lameck Banda,Left Wing,101.3,24.7,0.032,Off T,Right Foot,Open Play,Normal,False,True,From Free Kick,63.5958,0,0,55.3,0.3187,0,Morocco
3920419,f0f53ef3-3f3c-4996-aab7-184a420fbe5e,2164,2,60,4,60.0667,4963,Zambia,160904,Miguel Changa Chaiwa,Right Defensive Midfield,82.6,30.2,0.0075,Off T,Right Foot,Open Play,Normal,False,False,From Throw In,64.8022,0,0,49.8,0.3262,0,Morocco
3920419,711c591a-3487-4103-842e-c6ff0b5030b6,2306,2,63,24,63.4,4963,Zambia,389675,Kennedy Musonda,Center Attacking Midfield,99.4,30.7,0.0437,Wayward,Right Foot,Open Play,Normal,False,True,From Free Kick,68.1251,0,0,49.3,0.3699,0,Morocco
3920419,5d8f1959-4dd6-46a0-94a2-ba5a245a0860,2735,2,78,36,78.6,4963,Zambia,23420,Lubambo Musonda,Left Back,83.5,29.3,0.006,Off T,Right Foot,Open Play,Normal,False,False,From Free Kick,83.3335,0,0,50.7,0.3759,0,Morocco
3920419,4c6e24b5-6266-4497-83dc-63ae32d798a4,2837,2,82,48,82.8,788,Morocco,46258,Azzedine Ounahi,Right Center Midfield,101.8,39.1,0.0575,Blocked,Right Foot,Open Play,Normal,False,True,From Throw In,87.5229,0,0,40.9,1.4851,1,Zambia
3920419,26d4de27-e050-4837-88bf-94a676de542e,2891,2,84,47,84.7833,788,Morocco,8050,Tarik Tissoudali,Center Forward,113.6,23.9,0.0105,Blocked,Right Foot,Open Play,Normal,True,True,Regular Play,89.5178,0,0,56.1,1.4956,1,Zambia
3920419,c582b96a-cf4f-43f1-9f4f-ebeb4d379379,2951,2,86,27,86.45,4963,Zambia,23260,Emmanuel Justine Rabby Banda,Center Defensive Midfield,92.4,40.0,0.0289,Saved,Left Foot,Open Play,Normal,True,False,From Free Kick,91.1855,0,0,40.0,0.4048,0,Morocco
3920419,22c71788-fbc4-4498-af03-277626dd3735,2976,2,87,25,87.4167,4963,Zambia,8785,Patson Daka,Center Forward,104.4,55.0,0.0351,Blocked,Left Foot,Open Play,Normal,False,True,From Corner,92.1477,0,0,25.0,0.44,0,Morocco
3920419,832adc0b-bfb8-4ba5-b1e1-94aa19c280b4,3106,2,91,24,91.4,788,Morocco,149714,Abdessamad Ezzalzouli,Left Midfield,108.8,28.5,0.1295,Off T,Left Foot,Open Play,Normal,False,True,Regular Play,96.1366,0,0,51.5,1.6251,1,Zambia
3920419,0641242d-f6dd-48b9-874c-23487d1d1e10,3160,2,92,30,92.5,788,Morocco,118368,Amir Richardson,Left Center Midfield,97.6,39.6,0.0826,Saved,Left Foot,Open Play,Normal,False,False,Regular Play,97.2328,0,0,40.4,1.7076,1,Zambia
3920419,ccfd646b-6e3f-4b11-ab41-f41d6f79de18,3165,2,92,34,92.5667,788,Morocco,8050,Tarik Tissoudali,Center Forward,108.3,43.8,0.5186,Saved,Right Foot,Open Play,Normal,False,False,Regular Play,97.2926,0,0,36.2,2.2263,1,Zambia
3920419,045cff29-16dd-4ec5-a36a-de455d78b35b,3208,2,93,15,93.25,788,Morocco,8050,Tarik Tissoudali,Center Forward,107.0,43.8,0.1952,Off T,Right Foot,Open Play,Normal,True,True,Regular Play,97.9858,0,0,36.2,2.4215,1,Zambia
3922237,e97e2987-b682-49eb-b1aa-426ab7fabb81,642,1,16,26,16.4333,4980,Namibia,389319,Muzeu Bethuel,Left Wing,97.5,46.1,0.3292,Saved,Right Foot,Open Play,Lob,False,False,Regular Play,16.4364,0,0,33.9,0.3292,0,Angola
3922237,0aa15f04-e5de-45ad-86f8-f097ef470125,647,1,21,5,21.0833,4980,Namibia,64612,Deon Hotto Kavendji,Right Wing,100.6,45.2,0.0864,Saved,Left Foot,Free Kick,Normal,False,False,From Free Kick,21.0966,0,0,34.8,0.4155,0,Angola
3922237,a79d1440-e76d-4ce5-9f61-603f20c16a3b,702,1,23,30,23.5,4980,Namibia,65723,Peter Shalulile,Center Forward,107.3,42.0,0.0416,Off T,Head,Open Play,Normal,False,True,Regular Play,23.5066,0,0,38.0,0.4571,0,Angola
3922237,75f72f22-007d-402b-8683-671d8cfb6353,777,1,25,43,25.7167,4901,Angola,128881,Cristóvão Paciência Mabululo,Center Forward,110.9,34.7,0.084,Blocked,Left Foot,Open Play,Normal,True,True,From Throw In,25.727,0,0,45.3,0.084,0,Namibia
3922237,a825dec6-e0ae-4d4b-8ae1-1d72bff1df7e,1127,1,37,31,37.5167,4980,Namibia,389319,Muzeu Bethuel,Center Attacking Midfield,105.2,46.1,0.0216,Saved,Head,Open Play,Normal,False,True,From Corner,37.5188,0,0,33.9,0.4787,0,Angola
3922237,d9afc307-1e4f-4a5d-88b9-184ba3f4f4a0,1143,1,37,52,37.8667,4901,Angola,10577,Jacinto Muondo Dala,Left Midfield,115.4,37.5,0.8747,Goal,Right Foot,Open Play,Normal,True,False,From Keeper,37.8831,1,0,42.5,0.9587,1,Namibia
3922237,2fb3471d-bd2c-45e9-82b2-169b25c6de1e,1162,1,41,2,41.0333,4901,Angola,10577,Jacinto Muondo Dala,Left Midfield,110.4,36.2,0.0741,Goal,Head,Open Play,Normal,False,True,From Free Kick,41.046,1,0,43.8,1.0328,2,Namibia
3922237,2dbb4843-026c-4952-9415-44d072e55056,1223,1,43,40,43.6667,4901,Angola,389328,Deivi Miguel Vieira,Right Midfield,103.0,58.5,0.011,Wayward,Right Foot,Open Play,Half Volley,True,False,From Free Kick,43.6759,0,0,21.5,1.0438,2,Namibia
3922237,9bfa32ea-7713-418b-9c28-087149f752fc,1457,1,50,38,50.6333,4980,Namibia,264381,Kennedy Amutenya,Right Center Back,85.7,47.5,0.0119,Wayward,Right Foot,Open Play,Normal,False,True,From Throw In,50.6369,0,0,32.5,0.4906,0,Angola
3922237,87763ae9-ae97-4818-b8eb-2dd69f4f2bd8,1592,2,47,50,47.8333,4980,Namibia,65723,Peter Shalulile,Center Forward,107.0,45.8,0.1294,Off T,Right Foot,Open Play,Normal,False,False,From Counter,53.8574,0,0,34.2,0.62,0,Angola
3922237,88b8339b-3a82-48c3-a269-9f0081e997e0,1764,2,52,47,52.7833,4980,Namibia,389316,Ngero Kaanjuka Katua,Left Defensive Midfield,90.8,40.5,0.0266,Off T,Left Foot,Open Play,Normal,False,False,Regular Play,58.8166,0,0,39.5,0.6466,0,Angola
3922237,6c6d9b28-95fc-4d27-9fc6-bf16777d1595,1808,2,54,15,54.25,4980,Namibia,136406,Aprocious Petrus,Right Defensive Midfield,93.6,31.9,0.0297,Off T,Left Foot,Open Play,Normal,False,False,From Throw In,60.2797,0,0,48.1,0.6763,0,Angola
3922237,5355ace3-d6ad-4290-b068-e55b1b4e9358,2015,2,64,15,64.25,4901,Angola,128881,Cristóvão Paciência Mabululo,Center Forward,108.6,37.2,0.0685,Off T,Left Foot,Open Play,Half Volley,False,True,From Throw In,70.274,0,0,42.8,1.1123,2,Namibia
3922237,aa3084c1-d68b-4e5a-83e3-1c7c81800394,2073,2,65,34,65.5667,4901,Angola,128881,Cristóvão Paciência Mabululo,Center Forward,104.7,26.5,0.0864,Goal,Right Foot,Open Play,Normal,False,True,From Counter,71.5964,1,0,53.5,1.1987,3,Namibia
3922237,39523b16-2844-486f-ada4-1258e8ee459f,2082,2,67,8,67.1333,4980,Namibia,65723,Peter Shalulile,Center Forward,107.7,32.1,0.0284,Off T,Head,Open Play,Normal,False,True,From Kick Off,73.1644,0,0,47.9,0.7047,0,Angola
3922237,73b2c3b9-cc70-4ef1-a204-44e1701a4021,2181,2,70,39,70.65,4901,Angola,128881,Cristóvão Paciência Mabululo,Center Forward,113.4,26.1,0.0289,Blocked,Right Foot,Open Play,Normal,True,True,Regular Play,76.6777,0,0,53.9,1.2277,3,Namibia
3922237,0dfa2b22-95b7-4513-9be6-8594c94710ee,2186,2,71,15,71.25,4901,Angola,10573,Jonathan Buatu Mananga,Left Center Back,111.8,42.8,0.094,Saved,Head,Open Play,Normal,False,False,From Corner,77.2752,0,0,37.2,1.3216,3,Namibia
3922237,d06664c0-5ac8-43e4-a7c6-9489d153e9ff,2197,2,72,22,72.3667,4901,Angola,136312,Ambrosini Antonio Cabaça Salvador,Right Midfield,114.3,40.7,0.1508,Blocked,Head,Open Play,Normal,False,False,From Corner,78.3913,0,0,39.3,1.4724,3,Namibia
3922237,05fbc24d-0d40-45f8-b5e2-bd5ae67bed17,2648,2,84,43,84.7167,4901,Angola,90913,Zito André Sebastião Luvumbo,Right Midfield,104.8,49.4,0.1021,Off T,Left Foot,Open Play,Normal,True,False,Regular Play,90.7412,0,0,30.6,1.5745,3,Namibia
3922237,ad347c83-01b4-4a07-9048-088208b3f931,2699,2,86,6,86.1,4980,Namibia,65555,Riaan Hanamub,Left Back,102.5,20.3,0.013,Saved,Left Foot,Open Play,Normal,False,False,Regular Play,92.1248,0,0,59.7,0.7177,0,Angola
3922237,fbce7e39-c127-4f30-b3fb-87fd22336687,2727,2,87,33,87.55,4980,Namibia,65555,Riaan Hanamub,Left Back,87.4,53.1,0.0079,Off T,Left Foot,Free Kick,Normal,False,False,From Free Kick,93.572,0,0,26.9,0.7255,0,Angola
3922237,838d4b9c-e392-42ff-ab98-31caabafa0eb,2861,2,91,3,91.05,4901,Angola,90913,Zito André Sebastião Luvumbo,Right Midfield,97.2,58.0,0.011,Post,Left Foot,Open Play,Normal,False,False,From Throw In,97.0751,0,0,22.0,1.5855,3,Namibia
3922237,5cc69919-cd1b-43bc-88be-eca5da4b63b0,2931,2,92,42,92.7,4980,Namibia,65723,Peter Shalulile,Center Forward,107.3,47.0,0.1452,Blocked,Right Foot,Open Play,Normal,False,False,From Free Kick,98.7263,0,0,33.0,0.8708,0,Angola
3922238,dc8e90b2-fe47-4edf-a182-2fd213fd3ad8,124,1,3,58,3.9667,775,Nigeria,11277,Victor James Osimhen,Center Forward,110.0,40.9,0.0509,Saved,Head,Open Play,Normal,False,True,From Throw In,3.982,0,0,39.1,0.0509,0,Cameroon
3922238,3d97ebc3-440a-42f8-bb88-cd6709cbf645,256,1,8,17,8.2833,775,Nigeria,18163,Moses Daddy-Ajala Simon,Right Wing,101.2,37.7,0.0564,Saved,Right Foot,Open Play,Half Volley,False,True,From Corner,8.297,0,0,42.3,0.1072,0,Cameroon
3922238,3068c381-dee4-4c1a-b382-a75b4288d102,461,1,17,6,17.1,2722,Cameroon,189348,Frank Magri,Center Forward,105.4,45.2,0.0828,Off T,Right Foot,Open Play,Volley,True,True,From Throw In,17.1144,0,0,34.8,0.0828,0,Nigeria
3922238,9d88ab2c-743e-4571-acb9-5bd003517edc,984,1,35,3,35.05,775,Nigeria,3447,Ademola Lookman,Right Wing,108.4,45.6,0.4636,Goal,Right Foot,Open Play,Normal,True,False,Regular Play,35.0537,1,0,34.4,0.5709,1,Cameroon
3922238,d1b9fdec-e5b2-4d65-9732-493d53186d28,1032,1,37,48,37.8,2722,Cameroon,189348,Frank Magri,Center Forward,109.7,32.2,0.0857,Blocked,Left Foot,Open Play,Normal,False,True,From Free Kick,37.804,0,0,47.8,0.1685,0,Nigeria
3922238,56f949e5-82b7-4e06-b127-33d4b97c98b2,1644,2,54,49,54.8167,775,Nigeria,3447,Ademola Lookman,Left Wing,100.2,42.4,0.1006,Off T,Right Foot,Free Kick,Normal,False,False,From Free Kick,60.9665,0,0,37.6,0.6715,1,Cameroon
3922238,3aed38ae-abda-4aa8-8ec6-089492bfffa8,1760,2,57,49,57.8167,2722,Cameroon,13454,Nouhou Tolo,Left Wing Back,88.4,30.6,0.0203,Off T,Left Foot,Open Play,Normal,False,False,Regular Play,63.9797,0,0,49.4,0.1887,0,Nigeria
3922238,ea948c4a-f8e4-481f-9ad4-7320857ffd46,2257,2,83,50,83.8333,2722,Cameroon,16015,Nicolas Moumi Ngamaleu,Right Back,104.0,55.7,0.0335,Blocked,Left Foot,Open Play,Normal,False,True,From Throw In,89.9864,0,0,24.3,0.2222,0,Nigeria
3922238,fd64ea5e-28a8-427e-a5e2-c79742f229d9,2285,2,84,55,84.9167,775,Nigeria,11492,Temitayo Olufisayo Olaoluwa Aina,Right Wing Back,108.9,45.3,0.2069,Blocked,Right Foot,Open Play,Normal,True,False,From Free Kick,91.064,0,0,34.7,0.8784,1,Cameroon
3922238,70465d0b-a9e6-4bd5-a5c6-b295de2c75ac,2301,2,86,2,86.0333,775,Nigeria,11277,Victor James Osimhen,Center Forward,100.7,36.3,0.0256,Blocked,Right Foot,Open Play,Half Volley,False,False,From Free Kick,92.1957,0,0,43.7,0.904,1,Cameroon
3922238,c89d708f-69e9-4db3-9f44-e8575ca9992e,2325,2,87,16,87.2667,2722,Cameroon,10530,Jules Olivier Ntcham,Left Defensive Midfield,90.9,41.0,0.0172,Blocked,Right Foot,Open Play,Half Volley,True,False,From Free Kick,93.4208,0,0,39.0,0.2394,0,Nigeria
3922238,5dc8fec8-8dd1-442a-8951-89467421baa9,2338,2,87,30,87.5,775,Nigeria,3647,Alex Iwobi,Left Defensive Midfield,114.3,29.5,0.2088,Off T,Left Foot,Open Play,Normal,True,False,From Counter,93.654,0,0,50.5,1.1128,1,Cameroon
3922238,9f90dd7c-888b-4f4c-b969-91ab2a493665,2383,2,89,22,89.3667,775,Nigeria,3447,Ademola Lookman,Left Wing,113.2,33.3,0.1969,Goal,Right Foot,Open Play,Half Volley,True,False,From Free Kick,95.523,1,0,46.7,1.3097,2,Cameroon
3922238,b916537b-63ff-431a-a973-a91370dee949,2572,2,97,20,97.3333,2722,Cameroon,7426,Jean-Charles Castelletto,Right Center Back,103.7,42.0,0.0612,Blocked,Right Foot,Open Play,Volley,True,False,From Corner,103.4933,0,0,38.0,0.3006,0,Nigeria
3922239,3c1a300e-45b6-472f-8ec0-dd79580db5c5,105,1,2,10,2.1667,4892,Guinea,8454,Mohamed Bayo,Right Center Forward,105.8,55.9,0.0388,Off T,Right Foot,Open Play,Half Volley,False,True,Regular Play,2.1805,0,0,24.1,0.0388,0,Equatorial Guinea
3922239,b17c61fe-3615-4285-95bf-4b4751ea9da1,705,1,17,42,17.7,4992,Equatorial Guinea,52324,Saúl Basilio Coco-Bassey Oubiña,Left Center Back,87.0,30.7,0.0184,Blocked,Right Foot,Free Kick,Normal,False,False,From Free Kick,17.71,0,0,49.3,0.0184,0,Guinea
3922239,4a5f9927-2e2d-4812-812d-f9e8c73759bb,1334,1,42,28,42.4667,4992,Equatorial Guinea,105942,Pablo Ganet Cómitre,Left Defensive Midfield,97.4,41.8,0.0339,Blocked,Right Foot,Open Play,Half Volley,True,True,From Free Kick,42.4716,0,0,38.2,0.0523,0,Guinea
3922239,3659579b-7ad7-4104-a517-a61607475a4f,1364,1,43,32,43.5333,4892,Guinea,47351,Morgan Guilavogui,Right Midfield,95.8,53.0,0.0239,Off T,Left Foot,Open Play,Normal,False,False,From Throw In,43.5416,0,0,27.0,0.0627,0,Equatorial Guinea
3922239,face302a-3882-4496-9f36-85545b90ee97,1398,1,44,33,44.55,4992,Equatorial Guinea,105942,Pablo Ganet Cómitre,Left Defensive Midfield,89.3,46.1,0.0193,Blocked,Right Foot,Open Play,Normal,False,False,Regular Play,44.5539,0,0,33.9,0.0716,0,Guinea
3922239,70e3ef80-7c8b-4749-8f2b-896c96b567da,1435,1,46,44,46.7333,4892,Guinea,39559,Aguibou Camara,Left Center Forward,106.8,14.7,0.0073,Blocked,Right Foot,Free Kick,Normal,False,False,From Free Kick,46.7414,0,0,65.3,0.07,0,Equatorial Guinea
3922239,06b47777-9beb-4dff-ab34-0240c0544050,1571,2,46,8,46.1333,4992,Equatorial Guinea,13581,Emilio Nsue López,Center Forward,107.5,35.9,0.101,Off T,Right Foot,Open Play,Volley,False,False,Regular Play,49.2343,0,0,44.1,0.1726,0,Guinea
3922239,d279a402-166c-4976-8671-12e503d87989,1709,2,49,33,49.55,4892,Guinea,47351,Morgan Guilavogui,Right Midfield,101.5,52.4,0.0593,Off T,Right Foot,Open Play,Normal,False,True,From Counter,52.6553,0,0,27.6,0.1293,0,Equatorial Guinea
3922239,569059d2-f86a-47fd-907f-455ea237463d,1863,2,57,25,57.4167,4892,Guinea,4267,Mouctar Diakhaby,Right Center Back,107.3,34.7,0.0645,Blocked,Right Foot,Open Play,Normal,True,False,From Free Kick,60.5256,0,0,45.3,0.1938,0,Equatorial Guinea
3922239,3ba84e1d-4c42-4296-ab1a-e11252f35eb8,2036,2,68,31,68.5167,4992,Equatorial Guinea,13581,Emilio Nsue López,Center Forward,108.1,40.1,0.7835,Post,Right Foot,Penalty,Normal,False,False,Other,71.6232,0,1,39.9,0.9561,0,Guinea
3922239,75ab6af1-de80-46fa-81d0-502561dbccc0,2331,2,81,42,81.7,4892,Guinea,9102,Serhou Guirassy,Right Center Forward,111.0,36.9,0.0953,Saved,Head,Open Play,Normal,False,True,From Throw In,84.8051,0,0,43.1,0.289,0,Equatorial Guinea
3922239,36f6c178-4237-4616-9a24-336a25a31d22,2335,2,82,10,82.1667,4892,Guinea,9102,Serhou Guirassy,Right Center Forward,111.3,43.1,0.0659,Off T,Right Foot,Open Play,Volley,True,False,From Corner,85.2774,0,0,36.9,0.355,0,Equatorial Guinea
3922239,d5cfbf0b-1a18-4afc-85e1-9a093a370a7c,2427,2,85,19,85.3167,4892,Guinea,176683,Ibrahim Diakité,Right Back,113.0,53.1,0.0795,Saved,Right Foot,Open Play,Normal,False,True,Regular Play,88.4321,0,0,26.9,0.4344,0,Equatorial Guinea
3922239,e9527dde-bbe5-45c4-96e9-8d1d475b3c48,2459,2,87,25,87.4167,4892,Guinea,3405,François Kamano,Left Midfield,102.6,28.3,0.0445,Saved,Right Foot,Open Play,Normal,False,False,Regular Play,90.5274,0,0,51.7,0.4789,0,Equatorial Guinea
3922239,4c9daeea-fb69-4de3-9278-6a5e4e60894b,2796,2,97,38,97.6333,4892,Guinea,8454,Mohamed Bayo,Left Center Forward,112.4,47.4,0.0784,Goal,Head,Open Play,Normal,False,True,Regular Play,100.737,1,0,32.6,0.5573,1,Equatorial Guinea
3922240,9cd88e76-ec2e-41ad-8c2f-321550a118f5,81,1,2,8,2.1333,4881,Congo DR,35684,Meschak Elia,Right Wing,105.1,55.8,0.0602,Off T,Right Foot,Open Play,Normal,False,False,From Counter,2.1337,0,0,24.2,0.0602,0,Egypt
3922240,8f15dffa-a588-474e-b6a0-07a63642c871,225,1,5,23,5.3833,774,Egypt,66887,Hamdi Fathi,Left Center Midfield,106.3,32.2,0.0215,Wayward,Head,Open Play,Normal,False,True,Regular Play,5.3848,0,0,47.8,0.0215,0,Congo DR
3922240,05dae600-d688-444d-a06e-2f1111dc7457,298,1,7,21,7.35,774,Egypt,4063,Ahmed Elsayed Ali Elsayed Hegazy,Right Center Back,112.9,38.0,0.209,Off T,Head,Open Play,Normal,False,False,From Free Kick,7.3651,0,0,42.0,0.2305,0,Congo DR
3922240,ed619bf4-7a2d-4db2-877e-434ff4441f0d,367,1,9,17,9.2833,774,Egypt,3568,Mohamed Naser Elsayed Elneny,Right Center Midfield,107.5,54.5,0.0492,Wayward,Right Foot,Open Play,Normal,False,True,From Throw In,9.2908,0,0,25.5,0.2797,0,Congo DR
3922240,72c94238-6177-413e-a06b-4bdcb6707550,574,1,16,16,16.2667,4881,Congo DR,7294,Yoane Wissa,Left Wing,94.7,24.9,0.0363,Blocked,Right Foot,Free Kick,Normal,False,False,From Free Kick,16.2811,0,0,55.1,0.0965,0,Egypt
3922240,b406db6b-ed0f-4327-af16-c5a35db5f33c,708,1,20,4,20.0667,4881,Congo DR,23785,Théo Bongonda Mbul'Ofeko Batombo,Center Attacking Midfield,105.0,36.6,0.077,Off T,Right Foot,Open Play,Normal,True,False,From Free Kick,20.0745,0,0,43.4,0.1735,0,Egypt
3922240,3375b7b1-c6ef-4afa-8698-1342da1acedd,880,1,25,26,25.4333,774,Egypt,66878,Ahmed Sayed,Right Wing,108.9,34.7,0.054,Saved,Head,Open Play,Normal,False,True,From Free Kick,25.4394,0,0,45.3,0.3337,0,Congo DR
3922240,45b7f5f4-dbec-43b7-a161-3222eb6d61b7,1181,1,36,45,36.75,4881,Congo DR,35684,Meschak Elia,Right Wing,118.9,41.5,0.8743,Goal,Head,Open Play,Normal,False,False,From Throw In,36.765,1,0,38.5,1.0478,1,Egypt
3922240,c1e2a981-439c-4889-8c35-2c0af8a7414c,1229,1,40,55,40.9167,774,Egypt,66886,Mostafa Mohamed Ahmed Abdallah,Center Forward,95.7,33.9,0.0714,Blocked,Right Foot,Free Kick,Normal,False,False,From Free Kick,40.921,0,0,46.1,0.4051,0,Congo DR
3922240,52dd0127-ecd3-40d3-9ab7-47e1c432492f,1239,1,45,42,45.7,774,Egypt,66886,Mostafa Mohamed Ahmed Abdallah,Center Forward,108.0,40.0,0.7835,Goal,Right Foot,Penalty,Normal,False,False,Other,45.7002,1,1,40.0,1.1886,1,Congo DR
3922240,21360752-c55e-4447-917f-4d23e8c5733b,1543,2,52,3,52.05,4881,Congo DR,6862,Cédric Bakambu,Center Forward,116.3,46.2,0.1671,Off T,Right Foot,Open Play,Volley,True,False,From Goal Kick,58.3302,0,0,33.8,1.2148,1,Egypt
3922240,28b3dafa-583d-4dc1-935e-5ce118270585,1601,2,53,53,53.8833,4881,Congo DR,7294,Yoane Wissa,Left Wing,109.6,34.4,0.0833,Blocked,Head,Open Play,Normal,False,False,From Goal Kick,60.1592,0,0,45.6,1.2981,1,Egypt
3922240,460e9c5a-be0c-4fa7-974d-fa14a5db7b22,1607,2,54,28,54.4667,4881,Congo DR,3044,Chancel Mbemba Mangulu,Right Center Back,113.2,42.8,0.0924,Off T,Head,Open Play,Normal,False,True,From Corner,60.7381,0,0,37.2,1.3905,1,Egypt
3922240,f4f64293-f63d-4c5e-9af6-5617bc490dae,1774,2,60,22,60.3667,774,Egypt,66878,Ahmed Sayed,Right Wing,115.9,51.6,0.0755,Saved,Right Foot,Open Play,Half Volley,True,False,From Free Kick,66.6514,0,0,28.4,1.2642,1,Congo DR
3922240,1de80902-03b5-4b8a-8fd7-edfa80723b7f,1886,2,62,51,62.85,774,Egypt,66878,Ahmed Sayed,Right Wing,104.2,53.9,0.0564,Blocked,Left Foot,Open Play,Normal,False,False,Regular Play,69.1262,0,0,26.1,1.3206,1,Congo DR
3922240,c56c05a9-d829-4510-b1d1-6f8e8970e824,1897,2,62,58,62.9667,774,Egypt,70682,Marwan Attia Fahim Ghallab,Center Defensive Midfield,88.1,41.6,0.0223,Saved,Right Foot,Open Play,Normal,False,False,Regular Play,69.2518,0,0,38.4,1.3429,1,Congo DR
3922240,950d800c-2e71-4e8a-8034-ed361e1f8aba,1963,2,67,46,67.7667,4881,Congo DR,105946,Henoc Inonga Baka,Left Center Back,110.6,34.4,0.0488,Wayward,Head,Open Play,Normal,False,True,From Corner,74.0438,0,0,45.6,1.4393,1,Egypt
3922240,af3380dd-e93f-4715-9712-115e59df3335,2243,2,75,11,75.1833,774,Egypt,66887,Hamdi Fathi,Left Center Midfield,93.8,27.1,0.0238,Blocked,Right Foot,Open Play,Normal,False,True,From Throw In,81.4576,0,0,52.9,1.3667,1,Congo DR
3922240,0f6a16a2-2747-4067-b2cb-79ed999afd61,2961,3,99,36,99.6,4881,Congo DR,3587,Arthur Masuaku,Left Back,98.4,61.9,0.0099,Off T,Left Foot,Free Kick,Normal,False,False,From Free Kick,111.8347,0,0,18.1,1.4492,1,Egypt
3922240,c5c3f805-3390-42b8-8d89-5caa912fb29a,3013,3,101,57,101.95,774,Egypt,40761,Omar Marmoush,Left Midfield,86.1,27.4,0.006,Off T,Right Foot,Open Play,Normal,False,True,From Free Kick,114.1796,0,0,52.6,1.3726,1,Congo DR
3922240,ea9f11fd-3f48-42ed-a40a-b2683fd575a2,3081,3,103,29,103.4833,4881,Congo DR,4412,Samuel Moutoussamy,Left Defensive Midfield,90.9,30.3,0.0192,Off T,Left Foot,Open Play,Normal,False,False,From Throw In,115.708,0,0,49.7,1.4684,1,Egypt
3922240,795ecebe-f9a8-4baf-9e7f-e381c120e2de,3256,4,108,48,108.8,4881,Congo DR,23785,Théo Bongonda Mbul'Ofeko Batombo,Center Attacking Midfield,111.8,45.6,0.0721,Wayward,Head,Open Play,Normal,False,False,Regular Play,123.4263,0,0,34.4,1.5405,1,Egypt
3922240,3be2871d-15f4-4949-b3a9-a648dde6590b,3349,4,110,25,110.4167,4881,Congo DR,23785,Théo Bongonda Mbul'Ofeko Batombo,Center Attacking Midfield,97.4,38.5,0.0348,Off T,Left Foot,Open Play,Volley,False,True,Regular Play,125.0474,0,0,41.5,1.5753,1,Egypt
3922241,02855d39-23e2-4796-ab80-805452345159,91,1,2,19,2.3167,4924,Cape Verde Islands,40485,Ryan Isaac Mendes da Graça,Right Wing,103.4,46.1,0.1023,Blocked,Right Foot,Open Play,Normal,False,True,From Counter,2.3311,0,0,33.9,0.1023,0,Mauritania
3922241,4dc1bb67-75a3-4927-9ec1-c2d2320d70b1,570,1,14,24,14.4,4932,Mauritania,146933,Bodda Mouhsine,Right Center Midfield,89.5,49.1,0.0288,Off T,Left Foot,Free Kick,Normal,False,False,From Free Kick,14.4011,0,0,30.9,0.0288,0,Cape Verde Islands
3922241,0a919938-b07d-43c6-9844-34c94f4b1305,797,1,21,49,21.8167,4924,Cape Verde Islands,7900,Tiago Manuel Dias Correia,Center Forward,107.3,7.6,0.0073,Wayward,Right Foot,Free Kick,Normal,False,False,From Free Kick,21.8183,0,0,72.4,0.1095,0,Mauritania
3922241,3b5f0d70-369a-4370-b973-c026680966ac,891,1,25,3,25.05,4924,Cape Verde Islands,7900,Tiago Manuel Dias Correia,Center Forward,93.2,35.9,0.0191,Blocked,Right Foot,Open Play,Half Volley,True,False,From Corner,25.0612,0,0,44.1,0.1287,0,Mauritania
3922241,d3008c8f-4b1a-4dfd-af87-a1fe69a9f30c,1139,1,33,13,33.2167,4924,Cape Verde Islands,8349,Deroy Duarte,Right Defensive Midfield,94.6,29.0,0.0231,Blocked,Right Foot,Open Play,Normal,False,True,From Throw In,33.2312,0,0,51.0,0.1518,0,Mauritania
3922241,8aea757b-4411-460b-a630-4e9a06d8f904,1172,1,35,10,35.1667,4932,Mauritania,389292,Khadim Diaw,Left Back,85.5,18.3,0.0068,Off T,Left Foot,Open Play,Normal,True,True,Regular Play,35.1822,0,0,61.7,0.0356,0,Cape Verde Islands
3922241,f2b47d82-2a85-427c-8136-5bd26e17ea71,1380,1,41,14,41.2333,4932,Mauritania,416907,Sidi Bouna Sidi Amar,Right Midfield,93.0,47.4,0.0229,Off T,Left Foot,Open Play,Normal,False,True,Regular Play,41.2342,0,0,32.6,0.0585,0,Cape Verde Islands
3922241,55f73e21-39f6-41a1-8997-0f624ae9d123,1503,1,45,6,45.1,4932,Mauritania,102667,Hemeya Tanjy,Left Midfield,105.5,45.3,0.0281,Wayward,Head,Open Play,Normal,False,True,From Free Kick,45.1135,0,0,34.7,0.0866,0,Cape Verde Islands
3922241,7c3359fe-7bdd-4440-a30a-bfdcfe574fd0,1649,2,46,1,46.0167,4924,Cape Verde Islands,10598,Jovane Eduardo Borges Cabral,Left Wing,114.7,18.8,0.0086,Saved,Right Foot,Open Play,Normal,False,False,From Throw In,48.0095,0,0,61.2,0.1604,0,Mauritania
3922241,81fa5db5-9862-4dd4-bcb0-c41f8deed350,1652,2,46,4,46.0667,4924,Cape Verde Islands,7197,Steven Moreira,Right Back,100.3,37.5,0.0462,Blocked,Left Foot,Open Play,Half Volley,True,False,From Throw In,48.0482,0,0,42.5,0.2065,0,Mauritania
3922241,b4546533-83cc-47f0-b848-690cb01cdf5b,1704,2,47,20,47.3333,4932,Mauritania,416907,Sidi Bouna Sidi Amar,Right Midfield,104.2,49.3,0.0384,Blocked,Right Foot,Open Play,Normal,True,True,Regular Play,49.3191,0,0,30.7,0.1251,0,Cape Verde Islands
3922241,18479265-b797-469a-bf7e-38b00057d61c,1798,2,49,9,49.15,4924,Cape Verde Islands,8349,Deroy Duarte,Right Defensive Midfield,109.0,52.7,0.056,Blocked,Right Foot,Open Play,Normal,True,False,From Throw In,51.137,0,0,27.3,0.2625,0,Mauritania
3922241,0c3bea7b-15cc-4cf3-be7c-7412c4dc3c6a,1865,2,51,7,51.1167,4924,Cape Verde Islands,10598,Jovane Eduardo Borges Cabral,Left Wing,98.4,21.7,0.0089,Wayward,Right Foot,Open Play,Normal,False,False,From Corner,53.1109,0,0,58.3,0.2715,0,Mauritania
3922241,18907290-b69a-4069-a1a2-ce14fc934b86,1928,2,52,33,52.55,4924,Cape Verde Islands,8349,Deroy Duarte,Right Defensive Midfield,104.6,28.0,0.0617,Blocked,Right Foot,Open Play,Half Volley,False,False,Regular Play,54.53,0,0,52.0,0.3331,0,Mauritania
3922241,5f4c73da-70d8-4956-a39c-206abbc98643,1980,2,56,31,56.5167,4932,Mauritania,23892,Aboubakary Koita,Left Center Forward,96.5,52.5,0.0528,Off T,Right Foot,Free Kick,Normal,False,False,From Free Kick,58.4997,0,0,27.5,0.1778,0,Cape Verde Islands
3922241,b2b502c4-27d2-4779-ad14-0a6ae3a199eb,1993,2,57,0,57.0,4932,Mauritania,49763,Souleymane Anne,Right Center Forward,85.4,45.7,0.0175,Wayward,Left Foot,Open Play,Half Volley,True,False,Regular Play,58.982,0,0,34.3,0.1954,0,Cape Verde Islands
3922241,b9e9bcb6-62d4-412c-ac68-b8606379328c,2047,2,58,21,58.35,4932,Mauritania,49763,Souleymane Anne,Right Center Forward,109.0,36.1,0.5077,Off T,Left Foot,Open Play,Normal,True,False,From Counter,60.3387,0,0,43.9,0.7031,0,Cape Verde Islands
3922241,a85d3a7e-2ae2-4cbe-91f6-9717dc32ddb8,2283,2,67,52,67.8667,4924,Cape Verde Islands,7900,Tiago Manuel Dias Correia,Left Wing,72.5,53.8,0.0043,Blocked,Right Foot,Free Kick,Normal,False,False,From Free Kick,69.8601,0,0,26.2,0.3374,0,Mauritania
3922241,0ff6a679-9bc4-4cf0-ad86-9c7d50322ce7,2288,2,68,26,68.4333,4924,Cape Verde Islands,133038,João Paulo Moreira Fernandes,Left Back,111.9,40.9,0.0695,Blocked,Head,Open Play,Normal,False,False,From Corner,70.414,0,0,39.1,0.407,0,Mauritania
3922241,a41b54f3-baa6-4be8-a641-13104e22afc4,2348,2,71,48,71.8,4924,Cape Verde Islands,36271,Roberto Lopes,Left Center Back,113.1,43.5,0.099,Off T,Head,Open Play,Normal,False,True,From Corner,73.7823,0,0,36.5,0.506,0,Mauritania
3922241,c77eb768-f98e-42ba-8492-4d9222036fd3,2403,2,75,3,75.05,4924,Cape Verde Islands,133038,João Paulo Moreira Fernandes,Left Back,115.0,33.4,0.0836,Off T,Head,Open Play,Normal,False,True,From Corner,77.033,0,0,46.6,0.5895,0,Mauritania
3922241,43a3a14d-8547-4dbb-9dba-fdbf3032ea7e,2423,2,77,23,77.3833,4924,Cape Verde Islands,16001,Garry Mendes Rodrigues,Left Wing,100.4,24.8,0.0323,Saved,Right Foot,Open Play,Normal,False,True,Regular Play,79.3776,0,0,55.2,0.6218,0,Mauritania
3922241,96e9dcff-2c68-47bc-be44-28d6b6bd3275,2426,2,77,26,77.4333,4924,Cape Verde Islands,10598,Jovane Eduardo Borges Cabral,Center Forward,109.8,51.9,0.0719,Blocked,Right Foot,Open Play,Volley,True,False,Regular Play,79.4128,0,0,28.1,0.6938,0,Mauritania
3922241,21891537-d9d7-477e-9a4a-db8051b9039e,2435,2,79,20,79.3333,4924,Cape Verde Islands,40485,Ryan Isaac Mendes da Graça,Right Wing,114.1,31.7,0.0549,Saved,Head,Open Play,Normal,False,False,From Corner,81.3186,0,0,48.3,0.7486,0,Mauritania
3922241,c7c0a168-9f26-4b16-b5dc-ab42d734e201,2543,2,83,25,83.4167,4932,Mauritania,10280,Aboubakar Kamara,Left Center Forward,105.2,56.8,0.0287,Blocked,Right Foot,Open Play,Normal,False,True,From Free Kick,85.3977,0,0,23.2,0.7318,0,Cape Verde Islands
3922241,de772383-4653-4570-a669-f1d3d4ca3380,2643,2,87,54,87.9,4924,Cape Verde Islands,40485,Ryan Isaac Mendes da Graça,Right Wing,108.0,40.0,0.7835,Goal,Right Foot,Penalty,Normal,False,False,Other,89.8839,1,1,40.0,1.5321,1,Mauritania
3922241,3d49cc35-93d3-46cc-b34a-782396f8a7ce,2671,2,89,39,89.65,4932,Mauritania,23892,Aboubakary Koita,Left Midfield,96.3,27.2,0.022,Blocked,Right Foot,Open Play,Normal,False,True,From Kick Off,91.6324,0,0,52.8,0.7538,0,Cape Verde Islands
3922241,f426f34f-2bb7-4515-9a95-37b604733211,2808,2,93,18,93.3,4924,Cape Verde Islands,23301,Kenny Rocha Santos,Right Defensive Midfield,102.9,37.2,0.0394,Blocked,Left Foot,Open Play,Normal,False,True,From Corner,95.2874,0,0,42.8,1.5715,1,Mauritania
3922241,18bcfd26-6dc2-40b0-8be2-2347cc82caf0,2846,2,95,39,95.65,4932,Mauritania,23892,Aboubakary Koita,Left Midfield,94.2,56.0,0.0232,Off T,Right Foot,Free Kick,Normal,False,False,From Free Kick,97.6351,0,0,24.0,0.777,0,Cape Verde Islands
3922242,5618d473-4537-4c34-81ba-e97a12c17a80,120,1,3,13,3.2167,787,Senegal,18516,Habibou Mouhamadou Diallo,Center Forward,109.1,33.4,0.077,Goal,Left Foot,Open Play,Half Volley,False,True,From Throw In,3.2237,1,0,46.6,0.077,1,Côte d'Ivoire
3922242,6c510560-204e-4627-b15d-10e44338c35e,912,1,26,45,26.75,3374,Côte d'Ivoire,7791,Seko Fofana,Center Attacking Midfield,103.5,35.7,0.0481,Blocked,Right Foot,Open Play,Normal,False,False,Regular Play,26.7574,0,0,44.3,0.0481,0,Senegal
3922242,0471e4c6-e87d-4abb-9212-11c72d5db439,1370,1,39,47,39.7833,3374,Côte d'Ivoire,7791,Seko Fofana,Center Attacking Midfield,118.6,31.2,0.0236,Saved,Left Foot,Open Play,Normal,False,False,From Free Kick,39.7979,0,0,48.8,0.0717,0,Senegal
3922242,c9e5c19d-bde2-4028-96e7-cd36bf109c78,1618,1,47,44,47.7333,787,Senegal,50498,Pape Matar Sarr,Right Defensive Midfield,89.4,48.4,0.0187,Off T,Right Foot,Open Play,Normal,False,False,From Keeper,47.7403,0,0,31.6,0.0957,1,Côte d'Ivoire
3922242,625f7fee-9d63-40ee-b9c1-86a496a681df,1791,2,46,43,46.7167,787,Senegal,2941,Ismaïla Sarr,Right Wing,111.1,51.5,0.1833,Saved,Right Foot,Open Play,Normal,False,False,From Free Kick,51.724,0,0,28.5,0.2791,1,Côte d'Ivoire
3922242,9dc0ee3f-0dbb-460b-abce-cb268d6cea10,1802,2,47,25,47.4167,787,Senegal,5675,Kalidou Koulibaly,Right Center Back,105.9,35.9,0.0307,Off T,Head,Open Play,Normal,False,True,From Corner,52.4226,0,0,44.1,0.3098,1,Côte d'Ivoire
3922242,caedc5a3-8772-4d89-a014-b4af04ec6aa5,2018,2,54,23,54.3833,787,Senegal,2941,Ismaïla Sarr,Right Wing,112.1,50.0,0.2412,Saved,Left Foot,Open Play,Normal,False,False,From Throw In,59.3787,0,0,30.0,0.551,1,Côte d'Ivoire
3922242,69e8237b-ba7a-412d-b223-d9ff9441f2d0,2426,2,65,31,65.5167,787,Senegal,18516,Habibou Mouhamadou Diallo,Center Forward,90.2,47.6,0.0179,Blocked,Right Foot,Open Play,Normal,False,False,From Free Kick,70.5209,0,0,32.4,0.5689,1,Côte d'Ivoire
3922242,f53a3123-0067-480a-b6a7-d32ce8fe731c,2441,2,65,38,65.6333,787,Senegal,32915,Ismail Jakobs,Left Wing Back,107.5,26.5,0.0672,Off T,Right Foot,Open Play,Normal,False,False,From Free Kick,70.638,0,0,53.5,0.6362,1,Côte d'Ivoire
3922242,a457c9d9-4bec-463c-b157-71b5930544e4,2546,2,69,12,69.2,787,Senegal,392153,Lamine Camara,Left Defensive Midfield,90.6,21.7,0.0066,Off T,Right Foot,Open Play,Normal,False,False,From Free Kick,74.2049,0,0,58.3,0.6428,1,Côte d'Ivoire
3922242,7f2195f5-58bf-4f4c-a838-568afa5c1904,2646,2,72,33,72.55,3374,Côte d'Ivoire,7023,Franck Yannick Kessié,Right Defensive Midfield,108.3,38.0,0.0435,Saved,Head,Open Play,Normal,False,True,From Free Kick,77.5447,0,0,42.0,0.1152,0,Senegal
3922242,5ee93ce9-f7e8-4f59-b567-b738e6309ed2,2703,2,73,50,73.8333,787,Senegal,3629,Sadio Mané,Left Wing,105.7,43.2,0.2196,Off T,Right Foot,Open Play,Normal,True,False,Regular Play,78.8426,0,0,36.8,0.8624,1,Côte d'Ivoire
3922242,796dcb33-b1ae-487d-be75-8780befe48af,2712,2,76,27,76.45,3374,Côte d'Ivoire,3013,Nicolas Pépé,Right Midfield,105.7,51.8,0.1049,Saved,Left Foot,Open Play,Half Volley,True,True,From Goal Kick,81.4527,0,0,28.2,0.2201,0,Senegal
3922242,ae59c6d4-4ff7-4a8f-a904-cf16d638a83c,2730,2,77,41,77.6833,787,Senegal,5675,Kalidou Koulibaly,Right Center Back,113.1,35.6,0.1451,Wayward,Right Foot,Open Play,Half Volley,True,False,From Corner,82.6909,0,0,44.4,1.0075,1,Côte d'Ivoire
3922242,3ba5c4c7-be80-4279-b3f5-155b56da338e,2847,2,85,23,85.3833,3374,Côte d'Ivoire,7023,Franck Yannick Kessié,Right Defensive Midfield,108.1,40.1,0.7835,Goal,Right Foot,Penalty,Normal,False,False,Other,90.3853,1,1,39.9,1.0036,1,Senegal
3922242,3b469bb9-61e4-4e36-a88e-67c2b2fe97b4,3168,2,96,1,96.0167,787,Senegal,408457,Idrissa Gueye,Left Defensive Midfield,96.5,36.3,0.0386,Blocked,Right Foot,Open Play,Normal,False,True,From Free Kick,101.0222,0,0,43.7,1.046,1,Côte d'Ivoire
3922242,7dfc4189-99d1-4f17-93f5-065dd3034379,3267,3,93,2,93.0333,3374,Côte d'Ivoire,105392,Simon Adingra,Left Midfield,96.6,37.8,0.0632,Off T,Right Foot,Open Play,Normal,False,True,From Throw In,105.0731,0,0,42.2,1.0668,1,Senegal
3922242,64089111-c558-441d-9dbc-ce9492f103d0,3392,3,96,53,96.8833,3374,Côte d'Ivoire,3481,Serge Aurier,Right Back,91.3,51.9,0.0229,Off T,Right Foot,Open Play,Normal,False,False,Regular Play,108.9222,0,0,28.1,1.0897,1,Senegal
3922242,2d81c06c-2091-46a6-8738-009aeace4e70,3488,3,101,42,101.7,787,Senegal,8553,Abdou Diallo,Center Back,113.8,44.5,0.0896,Off T,Left Foot,Open Play,Overhead Kick,True,False,From Corner,113.7514,0,0,35.5,1.1356,1,Côte d'Ivoire
3922242,22273a19-d644-4e9b-b929-f3c2b0a1c81e,3599,3,106,16,106.2667,787,Senegal,3629,Sadio Mané,Left Wing,115.1,32.9,0.1823,Saved,Left Foot,Open Play,Half Volley,True,False,From Free Kick,118.3101,0,0,47.1,1.3179,1,Côte d'Ivoire
3922242,e880e3a9-774c-4eff-b52b-b270325b9212,3948,4,111,56,111.9333,3374,Côte d'Ivoire,7023,Franck Yannick Kessié,Right Defensive Midfield,94.8,44.5,0.0309,Blocked,Left Foot,Open Play,Normal,False,False,Regular Play,125.3486,0,0,35.5,1.1206,1,Senegal
3922243,5e713944-3970-4fea-b933-a2f941f698e2,330,1,7,41,7.6833,788,Morocco,5245,Achraf Hakimi Mouh,Right Back,101.1,46.3,0.0863,Blocked,Left Foot,Open Play,Normal,False,False,From Free Kick,7.6862,0,0,33.7,0.0863,0,South Africa
3922243,a65e9681-7412-4a78-843f-4cf401b2b16d,387,1,10,28,10.4667,788,Morocco,33401,Amine Adli,Right Wing,104.6,52.8,0.0499,Blocked,Left Foot,Open Play,Normal,False,False,From Free Kick,10.4733,0,0,27.2,0.1362,0,South Africa
3922243,3ae17e00-aaac-4b9f-a94f-7ca2973ffbf0,575,1,15,36,15.6,4976,South Africa,66716,Teboho Mokoena,Right Defensive Midfield,91.4,63.5,0.0054,Saved,Right Foot,Open Play,Normal,False,False,From Throw In,15.603,0,0,16.5,0.0054,0,Morocco
3922243,e4df6cc2-2a1f-442b-b821-2cdac4a50675,1455,1,44,1,44.0167,788,Morocco,33401,Amine Adli,Right Wing,114.8,49.3,0.1582,Off T,Left Foot,Open Play,Normal,False,False,Regular Play,44.0187,0,0,30.7,0.2944,0,South Africa
3922243,92120e0d-55d2-430b-bc9a-773ce80f38fb,1487,1,45,20,45.3333,788,Morocco,23774,Selim Amallah,Left Center Midfield,103.7,28.2,0.0724,Off T,Right Foot,Open Play,Normal,False,False,Regular Play,45.3442,0,0,51.8,0.3668,0,South Africa
3922243,34b80812-3fd1-401c-8617-a22989f4ca7d,1704,1,49,11,49.1833,4976,South Africa,66716,Teboho Mokoena,Right Defensive Midfield,86.4,55.7,0.0063,Off T,Right Foot,Open Play,Normal,False,False,Regular Play,49.1929,0,0,24.3,0.0117,0,Morocco
3922243,d7fc037a-2b84-4759-9e5b-50fb8233c0ce,1818,2,47,7,47.1167,788,Morocco,46258,Azzedine Ounahi,Right Center Midfield,105.3,40.3,0.1077,Off T,Right Foot,Open Play,Half Volley,False,False,From Free Kick,51.4279,0,0,39.7,0.4746,0,South Africa
3922243,fcffa028-6a69-4cdf-8cfb-9236093ddc0a,2136,2,56,4,56.0667,4976,South Africa,65853,Evidence Makgopa,Right Center Forward,110.2,28.4,0.1677,Goal,Left Foot,Open Play,Normal,False,True,From Throw In,60.3795,1,0,51.6,0.1793,1,Morocco
3922243,e36080d5-ec86-4f54-9ccc-0989fa828470,2184,2,58,41,58.6833,788,Morocco,149714,Abdessamad Ezzalzouli,Left Wing,111.9,23.4,0.0167,Saved,Right Foot,Open Play,Normal,False,False,Regular Play,63.0014,0,0,56.6,0.4913,0,South Africa
3922243,23356bb9-aa32-4996-a239-7e36543386b2,2187,2,58,43,58.7167,788,Morocco,46258,Azzedine Ounahi,Right Center Midfield,103.4,34.0,0.0831,Blocked,Left Foot,Open Play,Volley,True,False,Regular Play,63.0354,0,0,46.0,0.5743,0,South Africa
3922243,2453330b-4927-4a14-886c-87c253898b88,2622,2,72,25,72.4167,788,Morocco,6301,Youssef En-Nesyri,Right Center Forward,111.7,39.0,0.1277,Blocked,Head,Open Play,Normal,False,False,From Free Kick,76.7316,0,0,41.0,0.702,0,South Africa
3922243,4b44056e-d0f7-447c-88ab-7872df6ae91b,2692,2,74,38,74.6333,788,Morocco,5229,Ayoub El Kaabi,Left Center Forward,108.8,38.5,0.0696,Off T,Head,Open Play,Normal,False,True,From Throw In,78.9452,0,0,41.5,0.7716,0,South Africa
3922243,2cb96e31-53fb-4c10-8a22-2c2d802edee7,2794,2,80,9,80.15,788,Morocco,5229,Ayoub El Kaabi,Left Center Forward,112.7,41.4,0.3882,Blocked,Left Foot,Open Play,Half Volley,True,False,From Free Kick,84.4647,0,0,38.6,1.1598,0,South Africa
3922243,99b0a94b-4048-44dd-ac3c-f3e3c3e1b225,2799,2,84,41,84.6833,788,Morocco,5245,Achraf Hakimi Mouh,Right Back,108.1,40.1,0.7835,Post,Right Foot,Penalty,Normal,False,False,Other,88.9965,0,1,39.9,1.9433,0,South Africa
3922243,2f333d3a-9e44-4e5a-abab-6f82fc1c671b,2879,2,88,39,88.65,788,Morocco,5243,Amine Harit,Right Midfield,97.9,49.5,0.035,Blocked,Right Foot,Open Play,Normal,False,False,From Corner,92.9642,0,0,30.5,1.9783,0,South Africa
3922243,f15787e4-9b45-45d1-b52f-49bd7ef8d783,2957,2,94,21,94.35,4976,South Africa,66716,Teboho Mokoena,Right Defensive Midfield,98.2,21.2,0.0113,Goal,Right Foot,Free Kick,Normal,False,False,From Free Kick,98.6602,1,0,58.8,0.1906,2,Morocco
3922243,578a9411-426d-419a-87fc-7976e2d52e65,3099,2,100,55,100.9167,788,Morocco,5229,Ayoub El Kaabi,Left Center Forward,111.4,40.0,0.1121,Saved,Head,Open Play,Normal,False,True,From Throw In,105.2253,0,0,40.0,2.0904,0,South Africa
3922243,a470db79-5a82-42bd-8118-104fdb6cc036,3107,2,101,10,101.1667,4976,South Africa,64607,Zakhele Lerato Lepasa,Left Center Forward,93.7,36.0,0.05,Off T,Right Foot,Open Play,Normal,False,False,From Keeper,105.4862,0,0,44.0,0.2407,2,Morocco
3922244,0f5e89dd-cdba-4a38-8864-91005e9274f3,134,1,2,11,2.1833,4930,Mali,8774,Amadou Haïdara,Left Center Midfield,107.5,41.8,0.066,Post,Head,Open Play,Normal,False,False,From Free Kick,2.1887,0,0,38.2,0.066,0,Burkina Faso
3922244,e471d11a-25c0-4f81-b268-a1b35e4ddbd8,209,1,5,45,5.75,4921,Burkina Faso,30606,Edmond Fayçal Tapsoba,Left Center Back,111.8,39.1,0.1348,Saved,Head,Open Play,Normal,False,False,From Free Kick,5.7658,0,0,40.9,0.1348,0,Mali
3922244,d46a6135-5b98-4435-a195-191118a9cbf9,343,1,11,35,11.5833,4921,Burkina Faso,102800,Issoufou Dayo,Right Center Back,116.1,39.7,0.2626,Off T,Head,Open Play,Normal,False,True,From Corner,11.587,0,0,40.3,0.3974,0,Mali
3922244,effa38fb-3911-4d6a-ac05-2026df7d4c70,477,1,14,24,14.4,4930,Mali,4464,Adama Traoré,Right Center Forward,98.7,39.3,0.0401,Off T,Left Foot,Open Play,Normal,True,True,Regular Play,14.4068,0,0,40.7,0.1061,0,Burkina Faso
3922244,95b560c2-d92c-4549-99b8-5d64df6b3325,779,1,21,38,21.6333,4921,Burkina Faso,2956,Bertrand Isidore Traoré,Right Wing,80.1,41.4,0.0069,Saved,Left Foot,Free Kick,Normal,False,False,From Free Kick,21.6447,0,0,38.6,0.4043,0,Mali
3922244,f94de698-fb7f-42b1-a0a3-d1b49df0f428,970,1,29,30,29.5,4930,Mali,105182,Lassine Sinayoko,Left Center Forward,110.3,21.8,0.0163,Saved,Left Foot,Open Play,Half Volley,False,False,From Throw In,29.5149,0,0,58.2,0.1224,0,Burkina Faso
3922244,4070f25f-f902-4061-a477-c38400128e18,976,1,29,34,29.5667,4930,Mali,8774,Amadou Haïdara,Left Center Midfield,103.5,25.9,0.0238,Off T,Right Foot,Open Play,Half Volley,True,True,From Throw In,29.5678,0,0,54.1,0.1462,0,Burkina Faso
3922244,a3712354-e51d-4329-bacf-0c5a9ac4fd54,1021,1,32,2,32.0333,4930,Mali,162132,Kamory Doumbia,Center Attacking Midfield,100.6,44.5,0.0578,Off T,Right Foot,Open Play,Normal,False,False,Regular Play,32.0381,0,0,35.5,0.204,0,Burkina Faso
3922244,1bee77e7-98bd-4ca7-b6fc-671be24a7f96,1179,1,35,15,35.25,4930,Mali,105182,Lassine Sinayoko,Left Center Forward,105.5,32.3,0.0773,Saved,Right Foot,Open Play,Normal,True,True,Regular Play,35.2644,0,0,47.7,0.2814,0,Burkina Faso
3922244,b7d58575-08ca-4c82-bc9b-fbe323825573,1448,1,43,31,43.5167,4930,Mali,8774,Amadou Haïdara,Left Center Midfield,83.9,35.4,0.0069,Off T,Right Foot,Open Play,Normal,False,False,Regular Play,43.5234,0,0,44.6,0.2883,0,Burkina Faso
3922244,2b2cc5a7-3155-41d9-beeb-7122f2e0b840,1633,1,49,29,49.4833,4930,Mali,4464,Adama Traoré,Right Center Forward,87.2,37.1,0.026,Off T,Left Foot,Free Kick,Normal,False,False,From Free Kick,49.4926,0,0,42.9,0.3143,0,Burkina Faso
3922244,d13ff3ea-b559-4579-9685-9ff4a8fc30f9,1721,2,46,6,46.1,4930,Mali,105182,Lassine Sinayoko,Left Center Forward,115.5,51.1,0.123,Goal,Left Foot,Open Play,Normal,False,False,Regular Play,50.8161,1,0,28.9,0.4373,1,Burkina Faso
3922244,57e668e1-2ede-4297-93d9-a53528e8e14d,1832,2,49,14,49.2333,4921,Burkina Faso,43920,Mohamed Konaté,Left Center Forward,104.9,46.1,0.0438,Off T,Head,Open Play,Normal,False,False,Regular Play,53.9524,0,0,33.9,0.4481,0,Mali
3922244,8e4f3714-fca8-4a5e-886a-36d1d20749f9,1986,2,52,57,52.95,4921,Burkina Faso,43920,Mohamed Konaté,Left Center Forward,109.3,49.8,0.0503,Wayward,Head,Open Play,Normal,False,False,From Throw In,57.6678,0,0,30.2,0.4984,0,Mali
3922244,164cba46-9fb6-42ed-a1bd-29c4cbeb23fd,1989,2,56,49,56.8167,4921,Burkina Faso,2956,Bertrand Isidore Traoré,Right Center Forward,108.1,40.1,0.7835,Goal,Left Foot,Penalty,Normal,False,False,Other,61.531,1,1,39.9,1.2819,1,Mali
3922244,227bde9a-f80f-47ee-b7ea-1f0c090acbd0,2161,2,62,5,62.0833,4930,Mali,4464,Adama Traoré,Right Center Forward,84.0,32.3,0.0079,Off T,Left Foot,Free Kick,Normal,False,False,From Free Kick,66.7961,0,0,47.7,0.4452,1,Burkina Faso
3922244,cd5fd9fb-90ba-4d49-ae6c-6e1a9e56746d,2194,2,63,3,63.05,4930,Mali,162132,Kamory Doumbia,Center Attacking Midfield,99.3,43.6,0.1009,Saved,Right Foot,Open Play,Normal,False,False,Regular Play,67.7739,0,0,36.4,0.5461,1,Burkina Faso
3922244,34408024-1015-46e8-aea6-f175072c62a5,2353,2,71,28,71.4667,4921,Burkina Faso,43920,Mohamed Konaté,Left Center Forward,114.8,49.2,0.1269,Saved,Left Foot,Open Play,Volley,True,False,From Throw In,76.1818,0,0,30.8,1.4088,1,Mali
3922244,008577a3-3418-4f16-ac04-68563e49bcad,2431,2,77,6,77.1,4930,Mali,24806,Mohamed Camara,Left Defensive Midfield,99.1,25.4,0.03,Off T,Left Foot,Open Play,Normal,False,True,Regular Play,81.8195,0,0,54.6,0.5761,1,Burkina Faso
3922244,02a49eef-288f-413c-9ca6-e523a7047040,2662,2,83,53,83.8833,4930,Mali,162132,Kamory Doumbia,Center Attacking Midfield,85.1,36.6,0.0186,Blocked,Right Foot,Free Kick,Normal,False,False,From Free Kick,88.6118,0,0,43.4,0.5947,1,Burkina Faso
3922244,99047ec5-f7f0-4011-af1a-c9b63f7946bb,2909,2,91,43,91.7167,4930,Mali,23623,Sekou Koita,Left Wing,107.0,32.4,0.071,Blocked,Right Foot,Open Play,Normal,False,True,Regular Play,96.4302,0,0,47.6,0.6658,1,Burkina Faso
3922244,e26f35de-7937-412f-8b82-e1d4b6a8474c,3040,2,96,49,96.8167,4921,Burkina Faso,43920,Mohamed Konaté,Left Center Forward,109.6,42.7,0.0512,Off T,Head,Open Play,Normal,False,True,From Goal Kick,101.5353,0,0,37.3,1.46,1,Mali
3922321,1c7555f0-6fbe-489a-abec-2b16d640477e,35,1,0,27,0.45,775,Nigeria,24467,Frank Onyeka,Right Defensive Midfield,96.8,43.6,0.0284,Blocked,Right Foot,Open Play,Normal,False,True,From Kick Off,0.4541,0,0,36.4,0.0284,0,Angola
3922321,c298fa6a-0f51-46ef-a721-3523f2f95d86,194,1,3,53,3.8833,4901,Angola,389328,Deivi Miguel Vieira,Right Wing,115.1,51.5,0.0354,Wayward,Head,Open Play,Normal,False,True,From Corner,3.8925,0,0,28.5,0.0354,0,Nigeria
3922321,ec4d9457-ce18-4436-a2b8-d3f3f1b78293,197,1,3,54,3.9,4901,Angola,128881,Cristóvão Paciência Mabululo,Center Forward,116.5,43.3,0.4982,Saved,Right Foot,Open Play,Volley,True,False,From Corner,3.9023,0,0,36.7,0.5336,0,Nigeria
3922321,f926681e-9f5e-490d-820a-7de0af7cc46c,493,1,14,30,14.5,775,Nigeria,11277,Victor James Osimhen,Center Forward,107.4,33.2,0.043,Off T,Head,Open Play,Normal,False,True,From Throw In,14.5028,0,0,46.8,0.0714,0,Angola
3922321,edf88449-d90a-4446-8631-27f0fb33b346,856,1,23,13,23.2167,775,Nigeria,11277,Victor James Osimhen,Center Forward,109.4,43.7,0.0831,Saved,Head,Open Play,Normal,False,True,From Throw In,23.2282,0,0,36.3,0.1545,0,Angola
3922321,a789320d-b7c0-4dd8-af9b-c55b41381c17,1100,1,28,51,28.85,775,Nigeria,3647,Alex Iwobi,Left Defensive Midfield,89.9,33.8,0.022,Blocked,Right Foot,Open Play,Normal,True,False,From Free Kick,28.8618,0,0,46.2,0.1765,0,Angola
3922321,3e52de0b-03c7-4115-97f8-2409374b1908,1266,1,34,56,34.9333,775,Nigeria,11277,Victor James Osimhen,Center Forward,112.7,40.8,0.1353,Off T,Head,Open Play,Normal,False,False,From Throw In,34.9421,0,0,39.2,0.3118,0,Angola
3922321,abebccd2-e2ac-4d39-b218-6142cea4a33c,1288,1,37,3,37.05,4901,Angola,389328,Deivi Miguel Vieira,Right Wing,115.6,51.9,0.0316,Off T,Head,Open Play,Normal,False,True,From Corner,37.0573,0,0,28.1,0.5652,0,Nigeria
3922321,dc1644a5-7708-44da-b2a3-cd6b285d92cb,1314,1,39,0,39.0,4901,Angola,389328,Deivi Miguel Vieira,Right Wing,112.7,30.9,0.0755,Wayward,Head,Open Play,Normal,False,False,From Corner,39.0055,0,0,49.1,0.6406,0,Nigeria
3922321,4ec004d5-c293-4f57-9747-3f9ef186ef96,1378,1,40,31,40.5167,775,Nigeria,3447,Ademola Lookman,Right Attacking Midfield,109.8,38.2,0.2007,Goal,Left Foot,Open Play,Normal,True,False,Regular Play,40.5242,1,0,41.8,0.5125,1,Angola
3922321,47f29ecf-0302-4a86-b9a9-37041c8ddb5d,1421,1,42,28,42.4667,4901,Angola,30626,Valdomiro Tualungo Paulo Lameiras,Left Center Midfield,109.7,52.0,0.06,Blocked,Right Foot,Open Play,Normal,True,False,From Kick Off,42.4825,0,0,28.0,0.7006,0,Nigeria
3922321,61f72a6c-88d8-4a76-9cfc-8c4ce632d009,1650,2,46,21,46.35,775,Nigeria,3647,Alex Iwobi,Left Defensive Midfield,93.6,34.1,0.0314,Blocked,Left Foot,Open Play,Normal,True,False,From Free Kick,50.2754,0,0,45.9,0.544,1,Angola
3922321,2a127774-a212-46d3-921e-0322f766805c,1669,2,47,8,47.1333,775,Nigeria,31949,Zaidu Sanusi,Left Wing Back,105.5,28.1,0.077,Off T,Left Foot,Open Play,Normal,True,False,From Corner,51.0742,0,0,51.9,0.621,1,Angola
3922321,4ef168ef-6794-4740-81c2-db65b54b5506,1755,2,49,4,49.0667,775,Nigeria,3647,Alex Iwobi,Left Defensive Midfield,86.7,41.1,0.0194,Off T,Right Foot,Open Play,Normal,False,False,Regular Play,52.9921,0,0,38.9,0.6404,1,Angola
3922321,880c1559-0d97-470d-84c5-91086157d430,1948,2,57,38,57.6333,775,Nigeria,43779,Calvin Bassey Ughelumba,Left Center Back,116.5,36.3,0.4534,Off T,Head,Open Play,Normal,False,False,From Corner,61.5638,0,0,43.7,1.0938,1,Angola
3922321,30d428e9-21a7-414b-8c9a-d876d6264f71,1985,2,58,34,58.5667,4901,Angola,136312,Ambrosini Antonio Cabaça Salvador,Left Center Midfield,104.8,29.9,0.133,Post,Right Foot,Open Play,Normal,True,True,From Goal Kick,62.5033,0,0,50.1,0.8335,0,Nigeria
3922321,2e081a51-1d8f-4ef7-bac2-7fb5a0508abf,2078,2,61,33,61.55,775,Nigeria,18163,Moses Daddy-Ajala Simon,Left Attacking Midfield,107.4,30.9,0.055,Blocked,Right Foot,Open Play,Normal,False,True,Regular Play,65.4867,0,0,49.1,1.1489,1,Angola
3922321,cfed9383-e16e-4165-93d2-6d59adfb0ce4,2104,2,63,47,63.7833,775,Nigeria,31949,Zaidu Sanusi,Left Wing Back,95.8,49.0,0.0672,Saved,Left Foot,Free Kick,Normal,False,False,From Free Kick,67.7172,0,0,31.0,1.2161,1,Angola
3922321,184df65c-bc11-4eac-915c-f7d89df6f850,2330,2,69,13,69.2167,4901,Angola,31016,Manuel Luís da Silva Cafumana,Center Defensive Midfield,86.6,49.5,0.0114,Off T,Right Foot,Open Play,Normal,False,False,Regular Play,73.1502,0,0,30.5,0.8449,0,Nigeria
3922321,8405469d-c89c-4994-a7b6-d70bb87c6306,2362,2,70,27,70.45,4901,Angola,128881,Cristóvão Paciência Mabululo,Center Forward,96.2,37.0,0.0352,Wayward,Right Foot,Open Play,Volley,False,True,From Throw In,74.3788,0,0,43.0,0.8801,0,Nigeria
3922321,8b441b84-dfff-4196-af80-3f8ba2835f6e,2544,2,80,45,80.75,775,Nigeria,11277,Victor James Osimhen,Center Forward,107.5,39.2,0.2456,Blocked,Left Foot,Open Play,Normal,False,False,From Counter,84.6895,0,0,40.8,1.4617,1,Angola
3922321,26d76126-9975-4fe1-99af-c4989a3c299c,2727,2,88,11,88.1833,4901,Angola,90913,Zito André Sebastião Luvumbo,Right Wing,98.9,54.5,0.0299,Saved,Left Foot,Open Play,Normal,False,False,Regular Play,92.1234,0,0,25.5,0.9101,0,Nigeria
3922321,f47d6bc8-943f-4168-9f4f-96f51943d07c,3045,2,97,27,97.45,4901,Angola,10573,Jonathan Buatu Mananga,Left Center Back,111.5,34.1,0.0449,Off T,Head,Open Play,Normal,False,True,From Corner,101.3766,0,0,45.9,0.955,0,Nigeria
3922356,2001a33f-de15-4623-889a-a0ab186797d7,46,1,0,46,0.7667,4892,Guinea,47351,Morgan Guilavogui,Right Wing,114.2,49.4,0.0604,Saved,Right Foot,Open Play,Half Volley,False,True,From Kick Off,0.7754,0,0,30.6,0.0604,0,Congo DR
3922356,7eb2e897-9cdc-4b9c-8568-d2595bc2ae01,83,1,2,57,2.95,4881,Congo DR,7294,Yoane Wissa,Left Midfield,110.4,42.6,0.1276,Off T,Right Foot,Open Play,Half Volley,True,False,From Throw In,2.9635,0,0,37.4,0.1276,0,Guinea
3922356,2a4e6e6c-7cfa-4819-b59c-5818d179c944,422,1,12,15,12.25,4881,Congo DR,4412,Samuel Moutoussamy,Left Defensive Midfield,103.6,38.2,0.0985,Blocked,Left Foot,Open Play,Normal,True,False,From Throw In,12.2511,0,0,41.8,0.2261,0,Guinea
3922356,fae5d89d-01b4-47f3-b34f-4714c60a1687,438,1,12,55,12.9167,4881,Congo DR,23785,Théo Bongonda Mbul'Ofeko Batombo,Center Attacking Midfield,101.3,37.8,0.049,Off T,Left Foot,Open Play,Volley,False,True,From Throw In,12.9173,0,0,42.2,0.2751,0,Guinea
3922356,696e3bfd-557c-46e7-a699-469b16a89605,569,1,20,2,20.0333,4892,Guinea,8454,Mohamed Bayo,Center Forward,108.1,40.1,0.7835,Goal,Right Foot,Penalty,Normal,False,False,Other,20.0443,1,1,39.9,0.8439,1,Congo DR
3922356,101d449b-5bcf-4061-aa78-1731e3656387,742,1,25,31,25.5167,4881,Congo DR,7294,Yoane Wissa,Left Midfield,98.9,44.4,0.0496,Blocked,Right Foot,Open Play,Normal,False,True,From Throw In,25.5212,0,0,35.6,0.3247,0,Guinea
3922356,e2e0d2d7-2818-46f7-9613-7fea1cf21676,754,1,26,40,26.6667,4881,Congo DR,3044,Chancel Mbemba Mangulu,Right Center Back,114.8,29.4,0.0611,Goal,Left Foot,Open Play,Half Volley,False,True,From Corner,26.6789,1,0,50.6,0.3859,1,Guinea
3922356,dc03e195-b137-4a34-8b2b-8a35ebebb02b,1226,1,43,29,43.4833,4881,Congo DR,6862,Cédric Bakambu,Center Forward,108.9,35.0,0.0689,Off T,Right Foot,Open Play,Volley,True,True,From Free Kick,43.4853,0,0,45.0,0.4548,1,Guinea
3922356,96b20096-156c-44f7-942a-9af45bef56be,1375,1,47,14,47.2333,4892,Guinea,8454,Mohamed Bayo,Center Forward,113.5,23.9,0.012,Blocked,Left Foot,Open Play,Normal,True,False,From Counter,47.2368,0,0,56.1,0.8559,1,Congo DR
3922356,32e8e171-d07f-460f-9dd7-f865833d4763,1580,2,48,23,48.3833,4881,Congo DR,7294,Yoane Wissa,Left Midfield,89.4,33.5,0.035,Blocked,Right Foot,Free Kick,Normal,False,False,From Free Kick,54.4188,0,0,46.5,0.4898,1,Guinea
3922356,20b78d0e-ba03-4529-82b8-d6ee2a229d76,1697,2,52,24,52.4,4881,Congo DR,7294,Yoane Wissa,Left Midfield,106.2,23.8,0.023,Off T,Right Foot,Open Play,Normal,False,False,Regular Play,58.4216,0,0,56.2,0.5128,1,Guinea
3922356,b0f9baf0-2c31-4d50-9348-b357bc77dfdf,1789,2,55,15,55.25,4881,Congo DR,28415,Charles Pickel,Right Defensive Midfield,93.3,27.1,0.0197,Blocked,Right Foot,Open Play,Normal,True,False,Regular Play,61.2714,0,0,52.9,0.5324,1,Guinea
3922356,d4e3ac24-72e6-423c-88e9-e66c292722d5,1810,2,56,23,56.3833,4881,Congo DR,7294,Yoane Wissa,Left Midfield,112.4,25.0,0.0338,Off T,Left Foot,Open Play,Half Volley,True,False,From Corner,62.404,0,0,55.0,0.5662,1,Guinea
3922356,5e2ddbd7-9bb9-4a94-9009-593304dccae3,1969,2,64,24,64.4,4881,Congo DR,7294,Yoane Wissa,Left Midfield,108.1,40.1,0.7835,Goal,Right Foot,Penalty,Normal,False,False,Other,70.4217,1,1,39.9,1.3497,2,Guinea
3922356,bf92fc4a-2c56-4fd7-b2c9-c046dc053bcc,2056,2,69,18,69.3,4892,Guinea,9102,Serhou Guirassy,Right Defensive Midfield,113.5,42.1,0.1079,Saved,Head,Open Play,Normal,False,True,From Free Kick,75.3303,0,0,37.9,0.9638,1,Congo DR
3922356,30365b86-0be6-4a25-bd99-e379941d25e1,2320,2,81,30,81.5,4881,Congo DR,3587,Arthur Masuaku,Left Back,99.5,2.9,0.0073,Goal,Left Foot,Free Kick,Normal,False,False,From Free Kick,87.5295,1,0,77.1,1.357,3,Guinea
3922356,380c7bc8-4e7e-49b9-8456-3b34b621bd3d,2615,2,92,31,92.5167,4892,Guinea,7360,Julian Jeanvier,Left Center Back,107.2,45.0,0.0443,Blocked,Right Foot,Open Play,Normal,False,False,From Free Kick,98.5485,0,0,35.0,1.0081,1,Congo DR
3922356,67fdfc7b-7dd7-4b34-8773-7c1c0024329a,2621,2,93,10,93.1667,4892,Guinea,9102,Serhou Guirassy,Left Center Forward,111.7,40.9,0.0762,Blocked,Head,Open Play,Normal,False,True,From Corner,99.1928,0,0,39.1,1.0843,1,Congo DR
3922356,eacbd226-ba3f-4942-9038-650cd19c0bdc,2627,2,93,30,93.5,4892,Guinea,7360,Julian Jeanvier,Left Center Back,110.5,37.0,0.0509,Blocked,Head,Open Play,Normal,False,True,From Corner,99.5357,0,0,43.0,1.1352,1,Congo DR
3922356,7f942abb-ace8-4e45-8a5d-252702e70682,2670,2,94,30,94.5,4881,Congo DR,13329,Silas Katompa Mvumpa,Right Midfield,103.7,43.8,0.2956,Off T,Right Foot,Open Play,Normal,False,True,Regular Play,100.521,0,0,36.2,1.6526,3,Guinea
3922658,f1a6c734-ae17-446c-bd6b-1f0cbdeb3676,79,1,1,15,1.25,4924,Cape Verde Islands,132800,Kevin Lenini Gonçalves Pereira de Pina,Center Defensive Midfield,81.3,43.0,0.0053,Blocked,Right Foot,Open Play,Normal,False,True,From Throw In,1.2632,0,0,37.0,0.0053,0,South Africa
3922658,ac1131f9-cfa9-45fa-ab64-a48e5aecddba,243,1,5,47,5.7833,4924,Cape Verde Islands,132800,Kevin Lenini Gonçalves Pereira de Pina,Center Defensive Midfield,113.0,47.1,0.0567,Off T,Head,Open Play,Normal,False,False,From Corner,5.7857,0,0,32.9,0.0619,0,South Africa
3922658,05e213d3-a7b5-4ea7-8b6e-ccdce3a08ef1,329,1,9,8,9.1333,4976,South Africa,66716,Teboho Mokoena,Right Defensive Midfield,93.6,50.9,0.0282,Saved,Right Foot,Open Play,Normal,True,False,From Free Kick,9.1446,0,0,29.1,0.0282,0,Cape Verde Islands
3922658,36ca3911-1cf2-4ada-a154-a5ffa9259544,466,1,12,22,12.3667,4976,South Africa,66716,Teboho Mokoena,Right Defensive Midfield,87.5,36.4,0.0145,Off T,Right Foot,Open Play,Half Volley,True,True,From Throw In,12.3748,0,0,43.6,0.0427,0,Cape Verde Islands
3922658,d0464cdc-cf87-48a0-b7b3-bfd0c1db4b46,501,1,13,14,13.2333,4976,South Africa,65726,Themba Zwane,Center Attacking Midfield,104.5,38.4,0.1609,Off T,Right Foot,Open Play,Normal,False,True,Regular Play,13.2422,0,0,41.6,0.2036,0,Cape Verde Islands
3922658,b350342e-b090-473b-88de-86d770be8bf3,580,1,15,39,15.65,4924,Cape Verde Islands,132800,Kevin Lenini Gonçalves Pereira de Pina,Center Defensive Midfield,98.6,29.8,0.0448,Off T,Left Foot,Open Play,Normal,False,False,From Goal Kick,15.6629,0,0,50.2,0.1067,0,South Africa
3922658,d1a789bf-5a4b-4932-9f97-3f0f8592f3a3,1007,1,28,25,28.4167,4976,South Africa,66716,Teboho Mokoena,Right Defensive Midfield,96.6,35.7,0.0773,Blocked,Right Foot,Free Kick,Normal,False,False,From Free Kick,28.4188,0,0,44.3,0.2809,0,Cape Verde Islands
3922658,211c5461-6b79-450b-a2dc-ce1003022e69,1011,1,28,26,28.4333,4976,South Africa,66716,Teboho Mokoena,Right Defensive Midfield,97.8,37.4,0.0349,Off T,Right Foot,Open Play,Half Volley,True,False,From Free Kick,28.4485,0,0,42.6,0.3158,0,Cape Verde Islands
3922658,fcbf3c8f-bb10-412a-a6b9-0997b6ab743f,1212,1,35,14,35.2333,4924,Cape Verde Islands,23301,Kenny Rocha Santos,Right Center Midfield,101.4,47.7,0.0438,Blocked,Right Foot,Open Play,Volley,True,False,Regular Play,35.2458,0,0,32.3,0.1505,0,South Africa
3922658,8b9588e9-b04f-468e-80ae-57695ef68044,1278,1,38,8,38.1333,4924,Cape Verde Islands,16001,Garry Mendes Rodrigues,Left Wing,103.0,21.8,0.0152,Blocked,Right Foot,Open Play,Normal,False,False,From Throw In,38.1399,0,0,58.2,0.1657,0,South Africa
3922658,2ecfe6f0-a44c-4e1c-8a94-d4e272138a60,1369,1,39,47,39.7833,4924,Cape Verde Islands,40485,Ryan Isaac Mendes da Graça,Right Wing,110.6,43.2,0.1871,Blocked,Right Foot,Open Play,Normal,False,False,Regular Play,39.7997,0,0,36.8,0.3527,0,South Africa
3922658,809c44bf-8e43-4c30-ab08-d7e0049f8b91,1604,1,45,19,45.3167,4976,South Africa,65719,Khuliso Johnson Mudau,Right Back,108.6,50.9,0.0758,Off T,Right Foot,Open Play,Normal,True,False,From Throw In,45.3294,0,0,29.1,0.3915,0,Cape Verde Islands
3922658,aaf39864-a79d-478e-abfd-2261adcdfb9c,1688,2,46,23,46.3833,4924,Cape Verde Islands,10598,Jovane Eduardo Borges Cabral,Center Forward,108.9,35.1,0.0381,Blocked,Head,Open Play,Normal,False,True,From Corner,52.221,0,0,44.9,0.3908,0,South Africa
3922658,11723139-db97-43da-bc62-80c8b31a5a9e,1692,2,46,25,46.4167,4924,Cape Verde Islands,133038,João Paulo Moreira Fernandes,Left Back,95.1,27.1,0.0164,Off T,Right Foot,Open Play,Half Volley,True,False,From Corner,52.2507,0,0,52.9,0.4072,0,South Africa
3922658,6e983113-554a-4307-ac69-639d2ee4d7ea,1865,2,51,53,51.8833,4924,Cape Verde Islands,7753,Jamiro Gregory Monteiro Alvarenga,Left Center Midfield,100.5,50.5,0.0385,Blocked,Left Foot,Open Play,Normal,False,False,From Goal Kick,57.7176,0,0,29.5,0.4457,0,South Africa
3922658,d67719ab-d562-4065-948d-25815ab95c1e,1943,2,52,53,52.8833,4976,South Africa,65853,Evidence Makgopa,Center Forward,109.1,58.1,0.0157,Saved,Right Foot,Open Play,Normal,True,False,Regular Play,58.7103,0,0,21.9,0.4072,0,Cape Verde Islands
3922658,53a730f9-03a8-4058-afaa-8db4b30dd154,2002,2,54,18,54.3,4924,Cape Verde Islands,23301,Kenny Rocha Santos,Right Center Midfield,92.3,47.7,0.0244,Off T,Right Foot,Open Play,Normal,True,False,Regular Play,60.1359,0,0,32.3,0.4702,0,South Africa
3922658,f3adebc1-7df6-40cc-ae02-c04f5710dc86,2025,2,55,25,55.4167,4924,Cape Verde Islands,16001,Garry Mendes Rodrigues,Left Wing,107.9,27.3,0.0937,Saved,Right Foot,Open Play,Normal,True,False,Regular Play,61.2413,0,0,52.7,0.5638,0,South Africa
3922658,04e1a0f5-2abf-47b9-a6a2-69c1a7b5373a,2180,2,59,5,59.0833,4924,Cape Verde Islands,133038,João Paulo Moreira Fernandes,Left Back,94.9,17.9,0.0072,Blocked,Right Foot,Open Play,Normal,False,False,Regular Play,64.9177,0,0,62.1,0.571,0,South Africa
3922658,8586401d-7a60-436b-8c1a-b59bf07b397d,2412,2,68,33,68.55,4976,South Africa,65733,Aubrey Maphosa Modiba,Left Back,87.3,29.8,0.0147,Blocked,Left Foot,Open Play,Normal,False,False,Regular Play,74.3885,0,0,50.2,0.4219,0,Cape Verde Islands
3922658,b386fecc-a1cc-4eb8-8062-7122786a996d,2448,2,69,51,69.85,4924,Cape Verde Islands,16001,Garry Mendes Rodrigues,Left Wing,104.7,31.7,0.0693,Blocked,Right Foot,Open Play,Normal,True,False,From Corner,75.6785,0,0,48.3,0.6404,0,South Africa
3922658,0c03bd30-843b-48de-8a6c-89a0f93b10b8,2597,2,77,2,77.0333,4924,Cape Verde Islands,23301,Kenny Rocha Santos,Right Defensive Midfield,103.3,40.7,0.0876,Blocked,Left Foot,Open Play,Normal,False,False,Regular Play,82.8626,0,0,39.3,0.7279,0,South Africa
3922658,b91aed03-2ef8-47c1-99dc-5a54123a4227,2617,2,77,22,77.3667,4924,Cape Verde Islands,10598,Jovane Eduardo Borges Cabral,Center Forward,105.8,38.0,0.0934,Off T,Right Foot,Open Play,Half Volley,True,False,Regular Play,83.1944,0,0,42.0,0.8213,0,South Africa
3922658,bb1254fa-8a6c-4b97-a567-9afe4586c5cc,2632,2,78,12,78.2,4976,South Africa,66716,Teboho Mokoena,Right Defensive Midfield,83.0,39.5,0.0061,Off T,Right Foot,Open Play,Normal,False,False,From Goal Kick,84.0384,0,0,40.5,0.428,0,Cape Verde Islands
3922658,e09599a3-a217-4eb6-92c3-80cdd85272ac,2646,2,79,56,79.9333,4924,Cape Verde Islands,7900,Tiago Manuel Dias Correia,Left Wing,86.3,63.3,0.0065,Off T,Right Foot,Free Kick,Normal,False,False,From Free Kick,85.7586,0,0,16.7,0.8278,0,South Africa
3922658,1db751d7-c9fe-4116-aeff-eb8341d1085d,2819,2,86,30,86.5,4924,Cape Verde Islands,28413,Willy Afonso Semedo Johnson,Right Wing,114.2,41.3,0.2217,Off T,Head,Open Play,Normal,False,True,From Free Kick,92.3328,0,0,38.7,1.0495,0,South Africa
3922658,942338d0-0e23-473b-ad4e-87f7fe483deb,2897,2,89,29,89.4833,4976,South Africa,42527,Sphephelo S''Miso Sithole,Left Defensive Midfield,89.9,47.0,0.0222,Saved,Right Foot,Open Play,Normal,False,False,Regular Play,95.3085,0,0,33.0,0.4502,0,Cape Verde Islands
3922658,f4e4dc0c-0533-4246-bbf7-74dd26946682,2906,2,89,57,89.95,4924,Cape Verde Islands,105936,Gilson Benchimol Tavares,Center Forward,89.1,38.5,0.0241,Off T,Right Foot,Open Play,Normal,False,False,From Keeper,95.7786,0,0,41.5,1.0736,0,South Africa
3922658,a7345cd8-ea0f-4e09-a937-8a05d2255f0d,2955,2,91,54,91.9,4924,Cape Verde Islands,105936,Gilson Benchimol Tavares,Center Forward,103.6,45.7,0.1894,Saved to Post,Right Foot,Open Play,Half Volley,True,True,From Counter,97.7283,0,0,34.3,1.263,0,South Africa
3922658,26a1e14d-8d9e-4b38-a527-84b7104581b4,3121,3,91,17,91.2833,4976,South Africa,133003,Mihlali Samson Mayambela,Right Wing,113.0,42.1,0.3339,Saved,Right Foot,Open Play,Half Volley,False,False,From Throw In,102.2131,0,0,37.9,0.7841,0,Cape Verde Islands
3922658,5fb30942-7de4-487b-af1e-fc123b366bad,3125,3,91,19,91.3167,4976,South Africa,65761,Jayden Adams,Center Attacking Midfield,102.3,47.2,0.0728,Blocked,Right Foot,Open Play,Normal,True,True,From Throw In,102.2508,0,0,32.8,0.8568,0,Cape Verde Islands
3922658,b0cf11fa-3357-4554-a0ba-e2d268638f49,3140,3,91,30,91.5,4976,South Africa,65853,Evidence Makgopa,Center Forward,113.9,43.3,0.2046,Saved,Head,Open Play,Normal,False,True,From Throw In,102.4328,0,0,36.7,1.0614,0,Cape Verde Islands
3922658,e199b715-2f90-4d56-b680-11d319031d48,3272,3,94,48,94.8,4924,Cape Verde Islands,105936,Gilson Benchimol Tavares,Center Forward,112.0,53.6,0.0606,Off T,Right Foot,Open Play,Half Volley,True,False,From Counter,105.7357,0,0,26.4,1.3236,0,South Africa
3922658,ee7ca1eb-235c-4e60-8c19-40dfb17b92a6,3338,3,96,37,96.6167,4924,Cape Verde Islands,7900,Tiago Manuel Dias Correia,Right Wing,112.2,62.9,0.0072,Off T,Right Foot,Open Play,Normal,True,False,From Keeper,107.5429,0,0,17.1,1.3308,0,South Africa
3922658,67837edb-d440-421a-9e60-07dbe65097bd,3394,3,98,37,98.6167,4924,Cape Verde Islands,105936,Gilson Benchimol Tavares,Center Forward,108.0,46.9,0.1587,Off T,Right Foot,Open Play,Half Volley,False,False,Regular Play,109.5481,0,0,33.1,1.4895,0,South Africa
3922658,08421256-242f-4a67-8654-c4c6b6e1d05f,3523,3,105,37,105.6167,4924,Cape Verde Islands,7900,Tiago Manuel Dias Correia,Left Wing,93.2,20.4,0.0071,Off T,Right Foot,Open Play,Volley,True,False,From Free Kick,116.5399,0,0,59.6,1.4966,0,South Africa
3922658,03fa1905-423a-46a9-a221-353de773293c,3745,4,113,8,113.1333,4976,South Africa,133003,Mihlali Samson Mayambela,Right Wing,114.1,60.4,0.0055,Blocked,Right Foot,Open Play,Normal,False,True,Regular Play,124.7925,0,0,19.6,1.0669,0,Cape Verde Islands
3922658,cc1dcd90-1fb8-47e5-89da-fddbfeb3a68f,3764,4,114,33,114.55,4924,Cape Verde Islands,7900,Tiago Manuel Dias Correia,Left Wing,97.4,16.2,0.0066,Wayward,Right Foot,Open Play,Normal,False,False,From Throw In,126.2212,0,0,63.8,1.5032,0,South Africa
3922658,a6f9b59f-c33f-4c58-a4af-5a545e71d2ae,3866,4,116,50,116.8333,4976,South Africa,69442,Nyiko Mobbie,Right Back,82.5,59.5,0.0061,Wayward,Right Foot,Open Play,Normal,False,False,From Free Kick,128.495,0,0,20.5,1.073,0,Cape Verde Islands
3922658,07686fd3-14f6-423a-863e-38f4ea6af08f,3872,4,116,57,116.95,4976,South Africa,66716,Teboho Mokoena,Center Attacking Midfield,91.2,40.6,0.0236,Saved,Right Foot,Open Play,Normal,False,False,From Free Kick,128.6097,0,0,39.4,1.0967,0,Cape Verde Islands
3922658,21e91670-d174-442c-96b7-b6adb1e4cc68,3970,4,120,58,120.9667,4924,Cape Verde Islands,7900,Tiago Manuel Dias Correia,Left Wing,87.6,20.7,0.0067,Off T,Right Foot,Open Play,Normal,False,False,From Throw In,132.6312,0,0,59.3,1.5099,0,South Africa
3922659,140058a6-a543-469e-b299-d4aff5718e40,259,1,7,16,7.2667,4930,Mali,8774,Amadou Haïdara,Left Center Midfield,98.2,36.1,0.0384,Blocked,Left Foot,Open Play,Half Volley,True,False,From Corner,7.2794,0,0,43.9,0.0384,0,Côte d'Ivoire
3922659,15ebc84d-6789-41c3-bb79-29aea08a291f,378,1,16,57,16.95,4930,Mali,4464,Adama Traoré,Right Center Forward,108.1,40.1,0.7835,Saved,Left Foot,Penalty,Normal,False,False,Other,16.955,0,1,39.9,0.8219,0,Côte d'Ivoire
3922659,17253879-bf2c-4a4f-81b7-31062bb70df9,801,1,29,5,29.0833,3374,Côte d'Ivoire,3013,Nicolas Pépé,Right Midfield,109.4,45.7,0.0596,Blocked,Left Foot,Open Play,Volley,True,False,From Free Kick,29.0996,0,0,34.3,0.0596,0,Mali
3922659,b37f9514-fb52-414d-a906-7995dbe61c00,1212,1,41,10,41.1667,3374,Côte d'Ivoire,7791,Seko Fofana,Left Center Midfield,96.8,45.7,0.0388,Off T,Right Foot,Open Play,Normal,True,False,From Free Kick,41.1727,0,0,34.3,0.0984,0,Mali
3922659,aadfc7b7-cab1-4ba9-9723-593bf45d6799,1250,1,45,18,45.3,4930,Mali,4464,Adama Traoré,Left Midfield,98.1,38.3,0.0778,Off T,Left Foot,Free Kick,Normal,False,False,From Free Kick,45.3027,0,0,41.7,0.8997,0,Côte d'Ivoire
3922659,b50e4419-497c-44b2-b317-ac93d6fbc3b2,1568,2,46,36,46.6,4930,Mali,8774,Amadou Haïdara,Left Center Midfield,96.6,49.5,0.0303,Blocked,Right Foot,Open Play,Normal,True,False,Regular Play,52.6025,0,0,30.5,0.93,0,Côte d'Ivoire
3922659,4d13d16a-0e59-440d-a66e-1b97aecbcad8,1626,2,48,21,48.35,4930,Mali,23331,Boubakar Kouyate,Right Center Back,116.5,32.9,0.082,Off T,Head,Open Play,Normal,False,True,From Corner,54.3451,0,0,47.1,1.012,0,Côte d'Ivoire
3922659,eed26110-16f3-49c4-b7fb-4b829851f205,1708,2,50,18,50.3,4930,Mali,8774,Amadou Haïdara,Left Center Midfield,86.9,37.2,0.0197,Saved,Right Foot,Open Play,Normal,False,False,Regular Play,56.3018,0,0,42.8,1.0317,0,Côte d'Ivoire
3922659,102c1a8b-4d5b-45a3-ba43-cdd7b04b206d,2140,2,62,52,62.8667,3374,Côte d'Ivoire,36539,Wilfried Stephane Singo,Right Center Back,111.4,37.4,0.0652,Blocked,Head,Open Play,Normal,False,False,From Corner,68.8684,0,0,42.6,0.1636,0,Mali
3922659,004190e4-2b81-420f-b122-294add41c9a3,2518,2,70,51,70.85,4930,Mali,199653,Nene Dorgeles,Left Wing,93.2,34.1,0.0289,Goal,Right Foot,Open Play,Normal,False,False,From Throw In,76.8522,1,0,45.9,1.0606,1,Côte d'Ivoire
3922659,8e1d09f9-2d8c-4d90-8000-f2fc3b67cf8e,2863,2,82,26,82.4333,3374,Côte d'Ivoire,212489,Oumar Diakité,Right Wing Back,112.3,40.9,0.0885,Off T,Head,Open Play,Normal,False,True,From Corner,88.4236,0,0,39.1,0.2522,0,Mali
3922659,8cd74438-0c6b-464f-b93f-d3c90048e7d7,2915,2,84,35,84.5833,3374,Côte d'Ivoire,36539,Wilfried Stephane Singo,Right Center Back,109.0,47.4,0.0373,Saved,Head,Open Play,Normal,False,True,From Free Kick,90.5716,0,0,32.6,0.2894,0,Mali
3922659,305b9774-74dc-4f6f-bd79-17e91987599d,3039,2,89,21,89.35,3374,Côte d'Ivoire,7791,Seko Fofana,Center Defensive Midfield,99.7,43.1,0.0527,Blocked,Right Foot,Open Play,Normal,True,False,From Goal Kick,95.3378,0,0,36.9,0.3422,0,Mali
3922659,2547e8b8-04a0-40d6-b0b3-48fecba0b374,3047,2,89,22,89.3667,3374,Côte d'Ivoire,105392,Simon Adingra,Left Center Midfield,111.2,38.9,0.1717,Goal,Left Foot,Open Play,Normal,False,True,From Goal Kick,95.3659,1,0,41.1,0.5138,1,Mali
3922659,73889741-41b0-4d7b-a6cc-3e2a8a4c275a,3371,3,95,23,95.3833,3374,Côte d'Ivoire,8673,Sébastien Haller,Center Forward,114.1,34.6,0.1217,Post,Head,Open Play,Normal,False,True,From Throw In,108.7303,0,0,45.4,0.6356,1,Mali
3922659,2a15e6ca-3bc5-442c-a4e6-e012b7a8f8fb,3458,3,99,5,99.0833,4930,Mali,23331,Boubakar Kouyate,Right Center Back,114.7,41.6,0.1774,Off T,Head,Open Play,Normal,False,True,From Corner,112.4194,0,0,38.4,1.238,1,Côte d'Ivoire
3922659,9f497232-214d-4b5c-8f49-8cb69068fc98,3509,3,100,39,100.65,4930,Mali,4385,Yves Bissouma,Center Attacking Midfield,107.1,24.4,0.0347,Blocked,Left Foot,Open Play,Normal,False,False,Regular Play,113.9857,0,0,55.6,1.2727,1,Côte d'Ivoire
3922659,cc54790b-495b-4103-93be-a537cb1e1eb2,3539,3,102,38,102.6333,3374,Côte d'Ivoire,36539,Wilfried Stephane Singo,Right Center Back,118.9,48.9,0.0142,Wayward,Right Foot,Open Play,Volley,True,False,From Free Kick,115.9799,0,0,31.1,0.6497,1,Mali
3922659,480aa09b-e880-4bad-87d5-84c9a1bea224,3582,3,103,55,103.9167,4930,Mali,58878,Boubacar Traore,Left Defensive Midfield,84.9,35.5,0.0146,Saved,Right Foot,Open Play,Normal,False,False,From Throw In,117.2544,0,0,44.5,1.2873,1,Côte d'Ivoire
3922659,2dd8ab1c-e221-4d1b-9bdb-4c76f8960ebf,3892,4,112,53,112.8833,4930,Mali,199653,Nene Dorgeles,Left Wing,97.8,23.2,0.0298,Off T,Right Foot,Open Play,Normal,False,True,From Throw In,127.2287,0,0,56.8,1.3171,1,Côte d'Ivoire
3922659,81721cb8-bb3e-4d32-96f5-e9aea1366f3d,4074,4,121,1,121.0167,3374,Côte d'Ivoire,7791,Seko Fofana,Center Defensive Midfield,99.4,31.2,0.0273,Blocked,Left Foot,Open Play,Volley,True,False,From Free Kick,135.3633,0,0,48.8,0.677,1,Mali
3922659,d2e1d137-a708-4cb5-9962-4c0ed7616ef7,4076,4,121,2,121.0333,3374,Côte d'Ivoire,212489,Oumar Diakité,Right Wing Back,114.9,37.6,0.1604,Goal,Right Foot,Open Play,Backheel,False,False,From Free Kick,135.3762,1,0,42.4,0.8374,2,Mali
3922837,fb050a83-c4e4-44a8-8620-15c2a66b278e,561,1,14,55,14.9167,4976,South Africa,42527,Sphephelo S''Miso Sithole,Left Defensive Midfield,95.1,38.5,0.0411,Saved,Right Foot,Open Play,Normal,True,False,From Free Kick,14.929,0,0,41.5,0.0411,0,Nigeria
3922837,75ac2de1-53ee-41fd-9186-1827da65064d,844,1,23,58,23.9667,775,Nigeria,24467,Frank Onyeka,Right Defensive Midfield,112.0,45.6,0.1042,Saved,Head,Open Play,Normal,False,True,From Free Kick,23.9678,0,0,34.4,0.1042,0,South Africa
3922837,ac785011-cd12-4fc5-9a1f-923499a12e5b,1009,1,27,31,27.5167,4976,South Africa,29367,Percy Tau,Right Wing,103.9,41.4,0.1332,Saved,Left Foot,Open Play,Normal,True,False,Regular Play,27.5323,0,0,38.6,0.1742,0,Nigeria
3922837,b2427933-109f-40d3-8498-e5133741a56d,1106,1,29,32,29.5333,775,Nigeria,11277,Victor James Osimhen,Center Forward,56.8,30.9,0.0033,Blocked,Right Foot,Open Play,Normal,True,False,From Free Kick,29.5477,0,0,49.1,0.1075,0,South Africa
3922837,570a9f8a-8094-4bcc-8a37-c42ec003dffe,1186,1,34,1,34.0167,4976,South Africa,42527,Sphephelo S''Miso Sithole,Left Defensive Midfield,109.9,47.4,0.0368,Off T,Head,Open Play,Normal,False,False,From Corner,34.0252,0,0,32.6,0.211,0,Nigeria
3922837,29c08add-8077-473a-bb6a-4801f9151e1e,1308,1,36,35,36.5833,775,Nigeria,3647,Alex Iwobi,Left Defensive Midfield,100.7,19.7,0.0099,Saved,Right Foot,Open Play,Normal,False,False,Regular Play,36.593,0,0,60.3,0.1174,0,South Africa
3922837,1a6641c7-d211-4716-bb23-6438c227d5e0,1358,1,38,17,38.2833,4976,South Africa,65853,Evidence Makgopa,Center Forward,100.2,33.3,0.0703,Saved,Right Foot,Open Play,Normal,True,False,From Free Kick,38.2874,0,0,46.7,0.2814,0,Nigeria
3922837,d3c74a12-7fc7-491c-8435-3e971f3291db,1514,1,43,57,43.95,775,Nigeria,11277,Victor James Osimhen,Center Forward,111.8,37.8,0.0816,Off T,Head,Open Play,Normal,False,True,From Corner,43.9548,0,0,42.2,0.199,0,South Africa
3922837,b61ecae0-bdbc-4b19-8d4e-83b9f8b8643c,1946,2,53,33,53.55,4976,South Africa,29367,Percy Tau,Right Wing,100.3,37.1,0.0568,Off T,Right Foot,Open Play,Normal,False,False,From Counter,55.8877,0,0,42.9,0.3381,0,Nigeria
3922837,c86d4c58-53dd-4216-ba1f-1b9a9abdc779,2023,2,56,10,56.1667,775,Nigeria,11277,Victor James Osimhen,Center Forward,112.8,36.8,0.1128,Off T,Head,Open Play,Normal,False,True,From Throw In,58.4999,0,0,43.2,0.3118,0,South Africa
3922837,880f82d6-4f53-4efb-8614-a991b77e64b8,2216,2,60,16,60.2667,775,Nigeria,24467,Frank Onyeka,Right Defensive Midfield,97.0,43.8,0.0541,Off T,Right Foot,Open Play,Normal,True,False,Regular Play,62.6053,0,0,36.2,0.3659,0,South Africa
3922837,57bb29bf-5f2f-4cf3-84b2-285d31e7ac29,2350,2,66,5,66.0833,775,Nigeria,5455,William Troost-Ekong,Center Back,108.1,40.1,0.7835,Goal,Right Foot,Penalty,Normal,False,False,Other,68.4153,1,1,39.9,1.1494,1,South Africa
3922837,b1c41e56-b7a2-4c4e-8205-1e6e52c17e61,2373,2,67,44,67.7333,4976,South Africa,29367,Percy Tau,Right Wing,89.0,34.4,0.0203,Off T,Left Foot,Open Play,Normal,False,False,From Kick Off,70.0735,0,0,45.6,0.3584,0,Nigeria
3922837,aae55fb5-925d-4546-8748-82695c4d7ae5,2614,2,74,32,74.5333,4976,South Africa,65853,Evidence Makgopa,Center Forward,99.8,32.6,0.0657,Off T,Right Foot,Open Play,Normal,False,False,From Free Kick,76.8598,0,0,47.4,0.4242,0,Nigeria
3922837,ec2eecb4-19b8-467b-bb71-391558786dc4,2794,2,89,2,89.0333,4976,South Africa,66716,Teboho Mokoena,Right Defensive Midfield,108.0,40.0,0.7835,Goal,Right Foot,Penalty,Normal,False,False,Other,91.3692,1,1,40.0,1.2077,1,Nigeria
3922837,d206dcf8-2e6b-4d67-a6ff-3f6d3abf5290,2841,2,92,27,92.45,4976,South Africa,65853,Evidence Makgopa,Right Center Forward,110.4,41.3,0.076,Off T,Right Foot,Open Play,Overhead Kick,True,True,From Throw In,94.7891,0,0,38.7,1.2836,1,Nigeria
3922837,b15e2850-6e74-4415-9673-73c28fcb9d1e,2877,2,93,43,93.7167,4976,South Africa,133003,Mihlali Samson Mayambela,Left Midfield,108.9,36.6,0.1044,Blocked,Right Foot,Open Play,Normal,True,False,From Throw In,96.0536,0,0,43.4,1.388,1,Nigeria
3922837,9d9f3429-08be-4f76-ab35-66929247dfde,2900,2,93,55,93.9167,4976,South Africa,133003,Mihlali Samson Mayambela,Left Midfield,107.1,27.0,0.039,Blocked,Right Foot,Open Play,Normal,False,False,From Throw In,96.2496,0,0,53.0,1.427,1,Nigeria
3922837,9f2786c5-3ffb-4c64-acc1-a2ae606b3157,2914,2,95,32,95.5333,4976,South Africa,66716,Teboho Mokoena,Right Defensive Midfield,87.1,35.0,0.025,Saved,Right Foot,Free Kick,Normal,False,False,From Free Kick,97.8634,0,0,45.0,1.452,1,Nigeria
3922837,b65233a6-2df9-4f79-9eae-3afddc16ee3f,2918,2,95,34,95.5667,4976,South Africa,65719,Khuliso Johnson Mudau,Right Back,111.5,45.0,0.2873,Off T,Left Foot,Open Play,Half Volley,True,True,From Free Kick,97.8982,0,0,35.0,1.7394,1,Nigeria
3922837,1cb472c9-5537-45e6-947a-a043ecbc79dc,2961,2,96,56,96.9333,775,Nigeria,16335,Samuel Chimerenka Chukwueze,Right Wing,97.3,36.2,0.0368,Off T,Left Foot,Open Play,Normal,False,False,Regular Play,99.2718,0,0,43.8,1.1861,1,South Africa
3922837,b1847fea-9258-49f0-8b87-48a8a92794e1,3063,3,92,14,92.2333,775,Nigeria,3447,Ademola Lookman,Left Wing,112.2,21.1,0.0131,Saved,Left Foot,Open Play,Normal,False,False,Regular Play,101.5677,0,0,58.9,1.1992,1,South Africa
3922837,65d6ed92-bd59-4e53-8221-bbfde36b6ef4,3109,3,93,32,93.5333,4976,South Africa,66716,Teboho Mokoena,Right Defensive Midfield,93.6,32.4,0.0191,Off T,Right Foot,Open Play,Normal,False,True,Regular Play,102.8718,0,0,47.6,1.7585,1,Nigeria
3922837,b4c457c4-a36a-4ff1-93bb-06db96f03a62,3344,3,100,23,100.3833,775,Nigeria,11277,Victor James Osimhen,Center Forward,96.8,44.6,0.0392,Saved,Right Foot,Open Play,Normal,False,False,Regular Play,109.72,0,0,35.4,1.2385,1,South Africa
3922837,cfd7fa04-911d-46a1-8bb7-512af4ca4f95,3406,3,103,1,103.0167,775,Nigeria,5455,William Troost-Ekong,Center Back,107.7,42.8,0.0364,Wayward,Head,Open Play,Normal,False,True,From Throw In,112.347,0,0,37.2,1.2749,1,South Africa
3922837,ea9aafc9-cd56-4224-8c61-1ca3521a5001,3525,4,105,17,105.2833,775,Nigeria,11277,Victor James Osimhen,Center Forward,113.8,45.2,0.0943,Off T,Head,Open Play,Normal,False,True,From Kick Off,115.4722,0,0,34.8,1.3692,1,South Africa
3922837,03545cca-842d-4a39-b3ee-fdff6975d0ba,3741,4,116,59,116.9833,775,Nigeria,3708,Kelechi Promise Iheanacho,Right Wing,101.5,50.4,0.0861,Saved,Left Foot,Free Kick,Normal,False,False,From Free Kick,127.1715,0,0,29.6,1.4553,1,South Africa
3922837,e97b31f8-bf39-4785-9ca5-c688af6d3346,3810,4,118,45,118.75,775,Nigeria,3708,Kelechi Promise Iheanacho,Right Wing,100.6,52.7,0.036,Blocked,Left Foot,Open Play,Normal,False,False,Regular Play,128.9302,0,0,27.3,1.4913,1,South Africa
3922838,2ae5b495-8021-4194-b7f2-c76dfd29c0be,479,1,16,59,16.9833,3374,Côte d'Ivoire,105392,Simon Adingra,Left Wing,109.3,33.2,0.0313,Off T,Head,Open Play,Normal,False,True,From Throw In,16.9929,0,0,46.8,0.0313,0,Congo DR
3922838,2840c35e-1a6d-48fe-96ff-150b8490b623,543,1,18,55,18.9167,4881,Congo DR,3130,Gaël Kakuta,Center Attacking Midfield,96.4,53.4,0.0262,Blocked,Right Foot,Open Play,Normal,False,True,Regular Play,18.9236,0,0,26.6,0.0262,0,Côte d'Ivoire
3922838,cc2a1790-0f06-4fc8-9d5d-34366bac8847,662,1,23,10,23.1667,4881,Congo DR,6862,Cédric Bakambu,Center Forward,106.8,42.0,0.0255,Blocked,Right Foot,Open Play,Overhead Kick,False,False,From Throw In,23.1721,0,0,38.0,0.0517,0,Côte d'Ivoire
3922838,da9022b3-6ae2-4856-98b5-65ac981a23ce,858,1,28,39,28.65,4881,Congo DR,7294,Yoane Wissa,Left Wing,115.4,37.4,0.5695,Saved,Right Foot,Open Play,Half Volley,False,False,Regular Play,28.6602,0,0,42.6,0.6212,0,Côte d'Ivoire
3922838,cce7e3fc-1936-4947-9379-bc14e1a20595,956,1,34,58,34.9667,3374,Côte d'Ivoire,7023,Franck Yannick Kessié,Right Center Midfield,113.7,37.6,0.1505,Wayward,Head,Open Play,Normal,False,True,From Corner,34.9668,0,0,42.4,0.1818,0,Congo DR
3922838,40f35860-63e8-4181-9afd-11f04cdc47f9,965,1,35,3,35.05,3374,Côte d'Ivoire,8673,Sébastien Haller,Center Forward,106.5,35.8,0.0435,Off T,Right Foot,Open Play,Overhead Kick,False,True,From Corner,35.0647,0,0,44.2,0.2253,0,Congo DR
3922838,349ffeaf-7f73-4b8b-89a9-1ef2bc4e9252,1109,1,39,24,39.4,3374,Côte d'Ivoire,3359,Jean Michaël Seri,Center Defensive Midfield,86.6,53.0,0.0067,Blocked,Right Foot,Open Play,Normal,False,False,From Free Kick,39.4112,0,0,27.0,0.232,0,Congo DR
3922838,0af58073-f9b5-4951-a6c2-7884dd5283e1,1134,1,39,49,39.8167,3374,Côte d'Ivoire,8673,Sébastien Haller,Center Forward,111.6,38.1,0.1124,Off T,Head,Open Play,Normal,False,False,From Free Kick,39.8315,0,0,41.9,0.3444,0,Congo DR
3922838,b417b1fb-fef0-43b0-9b08-184bb6bff28e,1187,1,41,39,41.65,3374,Côte d'Ivoire,7023,Franck Yannick Kessié,Right Center Midfield,102.7,55.1,0.0311,Post,Left Foot,Open Play,Normal,True,True,From Throw In,41.6534,0,0,24.9,0.3754,0,Congo DR
3922838,35a7bae6-4bc8-409e-8c5a-b33868da5411,1441,2,47,50,47.8333,4881,Congo DR,23785,Théo Bongonda Mbul''Ofeko Batombo,Center Attacking Midfield,112.7,52.5,0.1311,Off T,Right Foot,Open Play,Normal,False,False,From Keeper,50.8922,0,0,27.5,0.7523,0,Côte d'Ivoire
3922838,494b88da-c6b6-4fc9-b7e6-c7d4140ee5ac,1803,2,58,30,58.5,3374,Côte d'Ivoire,7023,Franck Yannick Kessié,Right Center Midfield,100.9,49.6,0.0821,Saved,Left Foot,Open Play,Normal,False,False,Regular Play,61.5519,0,0,30.4,0.4575,0,Congo DR
3922838,c5535545-d13d-4132-9dca-8fc2c85e8caf,1841,2,59,59,59.9833,3374,Côte d'Ivoire,4416,Max-Alain Gradel,Right Wing,101.6,31.6,0.0465,Blocked,Left Foot,Open Play,Half Volley,False,True,From Throw In,63.0361,0,0,48.4,0.504,0,Congo DR
3922838,a0d6279c-712e-4043-9d50-edbd504d66bf,1854,2,61,49,61.8167,3374,Côte d'Ivoire,7713,Obite Evan Ndicka,Left Center Back,110.2,31.8,0.0288,Off T,Head,Open Play,Normal,False,False,From Corner,64.8748,0,0,48.2,0.5328,0,Congo DR
3922838,1b46472d-1f36-46af-8fb4-dab1aba55258,1958,2,64,4,64.0667,3374,Côte d'Ivoire,8673,Sébastien Haller,Center Forward,106.3,30.2,0.0746,Goal,Right Foot,Open Play,Volley,True,False,Regular Play,67.1171,1,0,49.8,0.6074,1,Congo DR
3922838,9234ec76-528e-49e3-a35a-8cc3bff46e4e,1980,2,66,14,66.2333,4881,Congo DR,4412,Samuel Moutoussamy,Left Defensive Midfield,103.1,63.6,0.0083,Off T,Left Foot,Open Play,Normal,False,False,From Throw In,69.2855,0,0,16.4,0.7606,0,Côte d'Ivoire
3922838,0fba4946-c3e8-4822-baf0-5fcc84c87d30,2004,2,67,48,67.8,3374,Côte d'Ivoire,8673,Sébastien Haller,Center Forward,114.7,32.8,0.074,Off T,Head,Open Play,Normal,False,True,From Corner,70.8486,0,0,47.2,0.6815,1,Congo DR
3922838,eebd8b60-24ad-4259-a531-8c9636a72a41,2079,2,70,36,70.6,3374,Côte d'Ivoire,8673,Sébastien Haller,Center Forward,95.3,40.3,0.101,Off T,Right Foot,Open Play,Lob,True,False,From Free Kick,73.6462,0,0,39.7,0.7825,1,Congo DR
3922838,b1bed10c-31b4-465c-9f9e-f3d43999f7df,2202,2,77,13,77.2167,4881,Congo DR,35684,Meschak Elia,Left Midfield,96.8,42.3,0.0254,Off T,Right Foot,Open Play,Volley,True,False,From Throw In,80.2744,0,0,37.7,0.786,0,Côte d'Ivoire
3922838,e34f26b6-9dd1-4735-b146-ae1a1d65c7d4,2284,2,78,50,78.8333,3374,Côte d'Ivoire,4416,Max-Alain Gradel,Right Wing,97.8,54.3,0.0288,Blocked,Left Foot,Open Play,Normal,False,False,Regular Play,81.8918,0,0,25.7,0.8112,1,Congo DR
3922838,e3e73933-bae7-4529-b85b-856f30b63e53,2477,2,83,17,83.2833,3374,Côte d'Ivoire,23957,Jean Thierry Lazare Amani,Center Attacking Midfield,89.8,38.2,0.0384,Off T,Right Foot,Open Play,Normal,False,True,From Counter,86.3382,0,0,41.8,0.8496,1,Congo DR
3922838,4b8d8acf-dbc7-4fe0-9601-b7b1037a94d8,2695,2,91,51,91.85,4881,Congo DR,24826,Simon Bokote Banza,Left Center Forward,95.0,41.3,0.0401,Off T,Right Foot,Open Play,Volley,True,False,From Free Kick,94.8977,0,0,38.7,0.8261,0,Côte d'Ivoire
3923880,01626a05-1508-4cc2-a5b9-5823e60febe7,24,1,0,15,0.25,4881,Congo DR,18244,Grady Diangana,Center Attacking Midfield,105.4,26.1,0.0544,Off T,Left Foot,Open Play,Normal,True,True,From Kick Off,0.2525,0,0,53.9,0.0544,0,South Africa
3923880,82b52829-10b3-44e7-86d3-0fdc4fc217d7,795,1,18,49,18.8167,4976,South Africa,65853,Evidence Makgopa,Center Forward,100.8,54.3,0.0498,Off T,Right Foot,Open Play,Half Volley,False,False,From Free Kick,18.8292,0,0,25.7,0.0498,0,Congo DR
3923880,87a69003-a415-4d90-84f4-3104beda12ad,1100,1,26,38,26.6333,4881,Congo DR,24826,Simon Bokote Banza,Center Forward,110.5,48.5,0.1845,Saved,Right Foot,Open Play,Normal,False,False,Regular Play,26.634,0,0,31.5,0.2389,0,South Africa
3923880,b3f1fea6-2bb3-43db-985d-fefa0ed53417,1599,1,42,50,42.8333,4976,South Africa,133003,Mihlali Samson Mayambela,Left Midfield,94.0,24.7,0.0211,Saved,Right Foot,Open Play,Normal,False,False,From Throw In,42.8394,0,0,55.3,0.071,0,Congo DR
3923880,133887cb-545b-4c4d-9e76-cbcbd96ce51e,1706,1,45,29,45.4833,4881,Congo DR,4412,Samuel Moutoussamy,Left Defensive Midfield,97.8,52.1,0.0389,Off T,Left Foot,Open Play,Normal,False,False,From Throw In,45.4956,0,0,27.9,0.2778,0,South Africa
3923880,60ff731f-c834-4830-8b1e-325160ec9914,1862,2,46,43,46.7167,4881,Congo DR,24826,Simon Bokote Banza,Center Forward,117.4,46.6,0.1144,Saved,Left Foot,Open Play,Normal,True,False,Regular Play,48.6937,0,0,33.4,0.3922,0,South Africa
3923880,3de3afe0-5090-4eba-a3c0-10ab33524e59,2006,2,50,19,50.3167,4881,Congo DR,24826,Simon Bokote Banza,Center Forward,109.7,52.4,0.0593,Off T,Right Foot,Open Play,Half Volley,True,True,Regular Play,52.2943,0,0,27.6,0.4515,0,South Africa
3923880,125dd49d-3521-438f-8c36-0bf10f2f6aec,2049,2,51,58,51.9667,4881,Congo DR,18244,Grady Diangana,Center Attacking Midfield,100.0,33.1,0.0537,Off T,Left Foot,Open Play,Half Volley,True,False,From Throw In,53.9446,0,0,46.9,0.5053,0,South Africa
3923880,a295ecc3-165f-4f33-80b3-695995993cd7,2127,2,53,33,53.55,4976,South Africa,65727,Thapelo James Morena,Right Midfield,99.4,41.0,0.0693,Off T,Right Foot,Open Play,Normal,True,False,From Goal Kick,55.5247,0,0,39.0,0.1403,0,Congo DR
3923880,011c28ae-8287-443c-b944-9db042d4c54f,2210,2,55,35,55.5833,4976,South Africa,66716,Teboho Mokoena,Right Defensive Midfield,96.1,40.4,0.0262,Wayward,Right Foot,Open Play,Half Volley,True,False,Regular Play,57.5583,0,0,39.6,0.1666,0,Congo DR
3923880,57270102-58f5-46bc-a730-71f1498416ff,2286,2,58,38,58.6333,4881,Congo DR,35684,Meschak Elia,Left Wing,87.8,34.7,0.0226,Saved,Right Foot,Open Play,Normal,True,False,From Free Kick,60.5972,0,0,45.3,0.5278,0,South Africa
3923880,e1d6c25d-7730-442e-b668-fb6e879b624a,2487,2,64,52,64.8667,4881,Congo DR,35684,Meschak Elia,Right Wing,115.1,51.5,0.2389,Wayward,Left Foot,Open Play,Half Volley,True,False,From Keeper,66.8312,0,0,28.5,0.7667,0,South Africa
3923880,49af0df1-da60-480e-a1b2-beaba5b6abe7,2492,2,64,55,64.9167,4881,Congo DR,13329,Silas Katompa Mvumpa,Left Wing,113.8,33.3,0.208,Off T,Right Foot,Open Play,Normal,False,False,From Keeper,66.8835,0,0,46.7,0.9747,0,South Africa
3923880,173a1a46-73a2-4776-854b-4ec02d663d68,2599,2,67,45,67.75,4976,South Africa,133003,Mihlali Samson Mayambela,Center Forward,103.1,28.2,0.075,Saved,Left Foot,Open Play,Half Volley,False,False,From Counter,69.7193,0,0,51.8,0.2415,0,Congo DR
3923880,27ed0353-4b8d-414d-a453-42355fb9faa2,2788,2,75,7,75.1167,4881,Congo DR,3044,Chancel Mbemba Mangulu,Right Center Back,113.9,36.6,0.3071,Off T,Right Foot,Open Play,Volley,True,False,From Free Kick,77.0858,0,0,43.4,1.2818,0,South Africa
3923880,e9a667ad-dbdb-4e43-ac7b-39c67b96229f,3020,2,84,31,84.5167,4976,South Africa,133003,Mihlali Samson Mayambela,Center Forward,118.2,49.7,0.0246,Saved,Right Foot,Open Play,Normal,False,False,Regular Play,86.4926,0,0,30.3,0.2662,0,Congo DR
3923880,a95801cf-29b0-45c8-b809-1ba1c3cc9cb0,3085,2,86,30,86.5,4881,Congo DR,389291,Fiston Kalala Mayele,Center Attacking Midfield,108.3,46.4,0.0561,Blocked,Left Foot,Open Play,Half Volley,False,False,From Throw In,88.4738,0,0,33.6,1.3378,0,South Africa
3923880,3cafc444-86b9-4854-976b-5bd0207967c8,3165,2,89,4,89.0667,4881,Congo DR,389291,Fiston Kalala Mayele,Center Attacking Midfield,113.9,28.3,0.0957,Off T,Left Foot,Open Play,Volley,False,False,Regular Play,91.034,0,0,51.7,1.4336,0,South Africa
3923880,65577f41-0b87-42be-81c5-a47f1063df43,3278,2,92,31,92.5167,4881,Congo DR,7294,Yoane Wissa,Right Wing,115.2,45.2,0.2481,Off T,Right Foot,Open Play,Volley,True,False,Regular Play,94.485,0,0,34.8,1.6816,0,South Africa
3923881,67752bf0-0163-4e41-b273-0da02bff7a47,136,1,3,36,3.6,3374,Côte d'Ivoire,8673,Sébastien Haller,Center Forward,106.7,42.1,0.0774,Wayward,Head,Open Play,Normal,False,True,From Free Kick,3.6056,0,0,37.9,0.0774,0,Nigeria
3923881,d62fceae-5670-46e0-b57e-87540a3d28a2,201,1,6,10,6.1667,3374,Côte d'Ivoire,8673,Sébastien Haller,Center Forward,109.1,35.5,0.1871,Off T,Right Foot,Open Play,Half Volley,True,False,From Corner,6.1786,0,0,44.5,0.2644,0,Nigeria
3923881,2adf9e61-e491-4ef4-ad3c-24a32f0f6d14,237,1,7,8,7.1333,3374,Côte d'Ivoire,105392,Simon Adingra,Left Wing,113.6,23.8,0.0139,Off T,Right Foot,Open Play,Half Volley,False,False,Regular Play,7.1455,0,0,56.2,0.2783,0,Nigeria
3923881,f1249b4f-cbc9-49f3-8cd9-8e53ecb9b257,385,1,13,4,13.0667,3374,Côte d'Ivoire,7791,Seko Fofana,Left Center Midfield,91.8,40.2,0.027,Saved,Right Foot,Open Play,Normal,False,False,From Corner,13.0753,0,0,39.8,0.3054,0,Nigeria
3923881,5f2eeb9d-2d24-4b5c-8e2a-aaea8cb6757a,640,1,20,1,20.0167,3374,Côte d'Ivoire,7713,Obite Evan Ndicka,Left Center Back,111.0,31.3,0.0303,Wayward,Head,Open Play,Normal,False,False,From Corner,20.03,0,0,48.7,0.3356,0,Nigeria
3923881,d5d683d3-72a5-4e27-b274-bb306cdc771c,643,1,20,2,20.0333,3374,Côte d'Ivoire,4416,Max-Alain Gradel,Right Wing,117.0,31.6,0.0758,Off T,Right Foot,Open Play,Overhead Kick,True,False,From Corner,20.046,0,0,48.4,0.4115,0,Nigeria
3923881,bf0a1164-a57c-47c3-a507-a957dbfa1416,926,1,33,9,33.15,3374,Côte d'Ivoire,105392,Simon Adingra,Left Wing,114.0,27.5,0.0837,Saved,Left Foot,Open Play,Normal,False,False,Regular Play,33.1652,0,0,52.5,0.4951,0,Nigeria
3923881,201c544b-5173-483d-bfd4-79de28d8f16f,932,1,34,14,34.2333,3374,Côte d'Ivoire,27133,Odilon Kossonou,Right Center Back,108.7,39.5,0.0351,Blocked,Head,Open Play,Normal,False,True,From Corner,34.242,0,0,40.5,0.5302,0,Nigeria
3923881,b73b3583-ff2d-4ff1-9306-7621862a03bc,1002,1,36,22,36.3667,775,Nigeria,31949,Zaidu Sanusi,Left Wing Back,111.0,26.4,0.0337,Blocked,Left Foot,Open Play,Normal,False,True,Regular Play,36.3721,0,0,53.6,0.0337,0,Côte d'Ivoire
3923881,2ee94795-57a4-499f-addc-6587c61f7d5e,1011,1,37,1,37.0167,775,Nigeria,5455,William Troost-Ekong,Center Back,112.1,44.3,0.0684,Goal,Head,Open Play,Normal,False,True,From Corner,37.0277,1,0,35.7,0.102,1,Côte d'Ivoire
3923881,14705cf0-16a4-488b-b418-98097e16a136,1348,1,49,28,49.4667,3374,Côte d'Ivoire,7791,Seko Fofana,Left Center Midfield,87.2,34.1,0.0202,Saved,Right Foot,Open Play,Normal,False,False,Regular Play,49.4709,0,0,45.9,0.5504,0,Nigeria
3923881,39ee9c75-8725-44f3-9c91-3d31203fa6df,1481,2,48,47,48.7833,3374,Côte d'Ivoire,7713,Obite Evan Ndicka,Left Center Back,110.1,36.8,0.1097,Blocked,Right Foot,Open Play,Normal,True,True,From Free Kick,53.3294,0,0,43.2,0.6601,0,Nigeria
3923881,e2341f9d-8905-4e0b-9ccb-1a89a3d41d67,1496,2,49,1,49.0167,3374,Côte d'Ivoire,4416,Max-Alain Gradel,Right Wing,110.0,47.3,0.2017,Blocked,Right Foot,Open Play,Normal,True,False,From Free Kick,53.5682,0,0,32.7,0.8618,0,Nigeria
3923881,f62384ba-ef8f-4a4d-b8a9-bb4591b035db,1768,2,57,52,57.8667,3374,Côte d'Ivoire,3359,Jean Michaël Seri,Center Defensive Midfield,91.7,37.7,0.0269,Off T,Right Foot,Open Play,Normal,False,True,From Free Kick,62.4117,0,0,42.3,0.8887,0,Nigeria
3923881,d99d4300-e448-47be-9b96-691be486c2b7,1798,2,59,1,59.0167,3374,Côte d'Ivoire,7023,Franck Yannick Kessié,Right Center Midfield,111.3,42.4,0.1423,Saved,Head,Open Play,Diving Header,False,False,From Throw In,63.5738,0,0,37.6,1.0309,0,Nigeria
3923881,791d85e9-3db4-4508-8849-d962bd0d4ed0,1850,2,61,12,61.2,3374,Côte d'Ivoire,27133,Odilon Kossonou,Right Center Back,85.6,44.3,0.0153,Saved,Right Foot,Open Play,Normal,False,False,From Throw In,65.7586,0,0,35.7,1.0463,0,Nigeria
3923881,fb000849-54e3-473e-a488-35cb390efc86,1854,2,61,40,61.6667,3374,Côte d'Ivoire,7023,Franck Yannick Kessié,Right Center Midfield,111.4,47.2,0.0358,Goal,Head,Open Play,Normal,False,False,From Corner,66.2131,1,0,32.8,1.0821,1,Nigeria
3923881,bb79fd00-e5dd-4d4a-b401-b61c7c7b5056,2039,2,67,58,67.9667,775,Nigeria,5455,William Troost-Ekong,Center Back,109.7,40.5,0.0881,Off T,Head,Open Play,Normal,False,False,From Free Kick,72.5154,0,0,39.5,0.1901,1,Côte d'Ivoire
3923881,e73c5e44-b546-46ab-8656-5e2a3db11d5d,2274,2,73,55,73.9167,3374,Côte d'Ivoire,8673,Sébastien Haller,Center Forward,109.9,41.3,0.0756,Off T,Right Foot,Open Play,Overhead Kick,True,False,From Throw In,78.4656,0,0,38.7,1.1576,1,Nigeria
3923881,c406e643-a3b3-4831-87a5-acdabcc0da10,2344,2,80,14,80.2333,3374,Côte d'Ivoire,8673,Sébastien Haller,Center Forward,115.4,36.5,0.233,Goal,Right Foot,Open Play,Volley,True,False,Regular Play,84.7822,1,0,43.5,1.3906,2,Nigeria
3923881,b5302cc3-5f2f-44a7-8dd1-9adf0606ad0b,2483,2,89,12,89.2,775,Nigeria,3708,Kelechi Promise Iheanacho,Right Wing,102.9,46.8,0.0525,Blocked,Left Foot,Open Play,Normal,False,False,From Free Kick,93.7587,0,0,33.2,0.2426,1,Côte d'Ivoire
3923881,447cdffd-c20f-4a1c-863b-5de23eeff6fa,2623,2,93,55,93.9167,3374,Côte d'Ivoire,36539,Wilfried Stephane Singo,Right Back,97.4,55.3,0.0233,Wayward,Left Foot,Open Play,Normal,False,False,From Throw In,98.4713,0,0,24.7,1.4139,2,Nigeria
3923881,8fc4c2f9-d332-4c17-907b-7abae2c33a09,2657,2,95,12,95.2,775,Nigeria,27434,Alhassan Yusuf,Right Defensive Midfield,91.0,44.4,0.0156,Wayward,Right Foot,Open Play,Half Volley,True,False,From Free Kick,99.7459,0,0,35.6,0.2582,1,Côte d'Ivoire
